CustomerID,FirstPurchase,LastPurchase,Orders,Revenue,Quantity,Recency,Frequency,Monetary,Status,Customer_Lifetime_Value
12346,2011-01-18 10:01:00,2011-01-18 10:01:00,1,77183.6,74215,326,1,77183.6,Churned,77183.6
12347,2010-12-07 14:57:00,2011-12-07 15:52:00,7,4310.0,2458,2,7,4310.0,Active,4310.0
12348,2010-12-16 19:09:00,2011-09-25 13:13:00,4,1797.24,2341,75,4,1797.24,At Risk,1797.24
12349,2011-11-21 09:51:00,2011-11-21 09:51:00,1,1757.55,631,19,1,1757.55,Active,1757.55
12350,2011-02-02 16:01:00,2011-02-02 16:01:00,1,334.40000000000003,197,310,1,334.40000000000003,Churned,334.40000000000003
12352,2011-02-16 12:33:00,2011-11-03 14:37:00,8,2506.04,536,36,8,2506.04,At Risk,2506.04
12353,2011-05-19 17:47:00,2011-05-19 17:47:00,1,89.0,20,204,1,89.0,Churned,89.0
12354,2011-04-21 13:11:00,2011-04-21 13:11:00,1,1079.4,530,232,1,1079.4,Churned,1079.4
12355,2011-05-09 13:49:00,2011-05-09 13:49:00,1,459.40000000000003,240,214,1,459.40000000000003,Churned,459.40000000000003
12356,2011-01-18 09:50:00,2011-11-17 08:40:00,3,2811.43,1591,23,3,2811.43,Active,2811.43
12357,2011-11-06 16:07:00,2011-11-06 16:07:00,1,6207.67,2708,33,1,6207.67,At Risk,6207.67
12358,2011-07-12 10:04:00,2011-12-08 10:26:00,2,1168.06,248,2,2,1168.06,Active,1168.06
12359,2011-01-12 12:43:00,2011-10-13 12:47:00,4,6372.58,1622,58,4,6372.58,At Risk,6372.58
12360,2011-05-23 09:43:00,2011-10-18 15:22:00,3,2662.06,1165,52,3,2662.06,At Risk,2662.06
12361,2011-02-25 13:51:00,2011-02-25 13:51:00,1,189.9,91,287,1,189.9,Churned,189.9
12362,2011-02-17 10:30:00,2011-12-06 15:40:00,10,5226.2300000000005,2229,3,10,5226.2300000000005,Active,5226.2300000000005
12363,2011-04-11 13:29:00,2011-08-22 10:18:00,2,552.0,408,110,2,552.0,Churned,552.0
12364,2011-08-19 15:24:00,2011-12-02 10:22:00,4,1313.1,1506,8,4,1313.1,Active,1313.1
12365,2011-02-21 13:51:00,2011-02-21 14:04:00,2,641.38,174,291,2,641.38,Churned,641.38
12367,2011-12-05 16:48:00,2011-12-05 16:48:00,1,168.9,173,4,1,168.9,Active,168.9
12370,2010-12-14 12:58:00,2011-10-19 14:51:00,4,3545.69,2353,51,4,3545.69,At Risk,3545.69
12371,2011-10-11 10:43:00,2011-10-26 10:16:00,2,1887.96,591,45,2,1887.96,At Risk,1887.96
12372,2011-02-16 12:46:00,2011-09-29 12:12:00,3,1298.04,794,72,3,1298.04,At Risk,1298.04
12373,2011-02-01 13:10:00,2011-02-01 13:10:00,1,364.6,197,311,1,364.6,Churned,364.6
12374,2011-11-14 15:37:00,2011-11-14 15:37:00,1,742.9300000000001,342,25,1,742.9300000000001,Active,742.9300000000001
12375,2011-09-02 14:23:00,2011-11-29 10:36:00,2,457.5,178,11,2,457.5,Active,457.5
12377,2010-12-20 09:37:00,2011-01-28 15:45:00,2,1628.1200000000001,944,315,2,1628.1200000000001,Churned,1628.1200000000001
12378,2011-08-02 10:34:00,2011-08-02 10:34:00,1,4008.62,2529,130,1,4008.62,Churned,4008.62
12379,2011-06-22 16:32:00,2011-09-19 10:09:00,2,852.24,407,82,2,852.24,At Risk,852.24
12380,2011-06-07 09:49:00,2011-11-18 11:27:00,4,2724.81,1127,22,4,2724.81,Active,2724.81
12381,2011-08-12 09:57:00,2011-12-05 12:44:00,5,1845.31,808,5,5,1845.31,Active,1845.31
12383,2010-12-22 14:28:00,2011-06-08 08:02:00,5,1850.56,1532,185,5,1850.56,Churned,1850.56
12384,2011-08-10 11:23:00,2011-11-11 08:39:00,2,585.27,126,29,2,585.27,Active,585.27
12386,2010-12-08 09:53:00,2011-01-06 12:37:00,2,401.9,354,338,2,401.9,Churned,401.9
12388,2011-01-17 11:12:00,2011-11-24 12:30:00,6,2780.6600000000003,1462,16,6,2780.6600000000003,Active,2780.6600000000003
12390,2011-09-21 09:33:00,2011-09-21 09:33:00,1,549.84,353,80,1,549.84,At Risk,549.84
12391,2011-11-18 12:07:00,2011-11-18 12:07:00,1,460.89,300,22,1,460.89,Active,460.89
12393,2011-01-11 09:47:00,2011-09-28 15:41:00,4,1582.6000000000001,816,72,4,1582.6000000000001,At Risk,1582.6000000000001
12394,2011-05-06 14:01:00,2011-10-07 08:08:00,2,1272.48,819,64,2,1272.48,At Risk,1272.48
12395,2010-12-03 16:35:00,2011-11-20 15:21:00,12,3018.63,2118,19,12,3018.63,Active,3018.63
12397,2011-07-27 14:21:00,2011-11-04 09:52:00,2,2409.9,1263,36,2,2409.9,At Risk,2409.9
12398,2011-10-25 10:27:00,2011-10-25 10:27:00,1,1635.6599999999999,1394,46,1,1635.6599999999999,At Risk,1635.6599999999999
12399,2011-03-23 09:42:00,2011-08-12 13:15:00,4,1108.65,1178,119,4,1108.65,Churned,1108.65
12401,2011-02-09 13:50:00,2011-02-09 13:50:00,1,84.3,11,303,1,84.3,Churned,84.3
12402,2011-01-20 13:49:00,2011-01-20 13:49:00,1,225.60000000000002,94,323,1,225.60000000000002,Churned,225.60000000000002
12403,2011-10-21 10:51:00,2011-10-21 10:51:00,1,427.7,96,50,1,427.7,At Risk,427.7
12405,2011-07-14 08:52:00,2011-07-14 08:52:00,1,1710.39,857,149,1,1710.39,Churned,1710.39
12406,2011-06-09 10:23:00,2011-11-17 19:22:00,2,3415.3,1818,22,2,3415.3,Active,3415.3
12407,2011-03-20 13:21:00,2011-10-21 10:11:00,5,1708.12,1416,50,5,1708.12,At Risk,1708.12
12408,2011-03-24 14:46:00,2011-11-07 12:27:00,5,2888.55,1409,33,5,2888.55,At Risk,2888.55
12409,2011-06-10 12:19:00,2011-09-22 10:38:00,3,11072.67,5551,79,3,11072.67,At Risk,11072.67
12410,2011-02-04 10:38:00,2011-02-04 10:39:00,2,693.33,211,309,2,693.33,Churned,693.33
12412,2011-06-23 13:51:00,2011-09-26 10:16:00,3,1226.88,829,75,3,1226.88,At Risk,1226.88
12413,2011-01-06 16:12:00,2011-10-04 09:00:00,3,758.1,286,67,3,758.1,At Risk,758.1
12414,2011-02-02 14:51:00,2011-05-06 14:51:00,3,562.4100000000001,300,217,3,562.4100000000001,Churned,562.4100000000001
12415,2011-01-06 11:12:00,2011-11-15 14:22:00,21,124914.53,77374,24,21,124914.53,Active,124914.53
12417,2010-12-17 11:51:00,2011-12-06 14:52:00,9,3649.1,1552,3,9,3649.1,Active,3649.1
12418,2011-08-19 11:08:00,2011-08-19 11:08:00,1,668.58,407,113,1,668.58,Churned,668.58
12420,2011-10-07 08:55:00,2011-10-07 08:55:00,1,600.39,345,64,1,600.39,At Risk,600.39
12421,2011-01-24 15:09:00,2011-11-24 09:07:00,4,807.04,484,16,4,807.04,Active,807.04
12422,2011-01-19 09:13:00,2011-09-05 09:48:00,3,803.5600000000001,370,96,3,803.5600000000001,Churned,803.5600000000001
12423,2010-12-21 10:54:00,2011-12-09 10:10:00,8,1859.31,1339,1,8,1859.31,Active,1859.31
12424,2011-06-30 12:06:00,2011-06-30 12:06:00,2,1760.96,740,163,2,1760.96,Churned,1760.96
12425,2011-09-22 17:31:00,2011-09-22 17:31:00,1,777.2,496,78,1,777.2,At Risk,777.2
12426,2011-05-29 12:26:00,2011-05-29 12:26:00,1,582.73,258,195,1,582.73,Churned,582.73
12427,2010-12-03 10:44:00,2011-11-18 08:56:00,3,825.8000000000001,533,22,3,825.8000000000001,Active,825.8000000000001
12428,2011-03-01 09:33:00,2011-11-14 08:22:00,9,7956.46,3536,26,9,7956.46,Active,7956.46
12429,2010-12-09 12:05:00,2011-11-30 17:22:00,4,3750.4,1557,9,4,3750.4,Active,3750.4
12430,2011-10-27 15:09:00,2011-10-27 15:09:00,1,256.4,117,43,1,256.4,At Risk,256.4
12431,2010-12-01 10:03:00,2011-11-04 11:55:00,15,6487.45,2906,36,15,6487.45,At Risk,6487.45
12432,2011-06-20 13:27:00,2011-10-28 11:43:00,5,5059.32,1801,43,5,5059.32,At Risk,5059.32
12433,2010-12-01 13:24:00,2011-12-09 10:02:00,7,13375.87,11071,1,7,13375.87,Active,13375.87
12434,2011-03-24 13:05:00,2011-09-16 12:38:00,2,806.14,394,85,2,806.14,At Risk,806.14
12435,2011-03-17 07:40:00,2011-09-21 09:06:00,2,7829.89,2055,80,2,7829.89,At Risk,7829.89
12436,2011-09-01 12:09:00,2011-09-01 12:09:00,1,509.01,211,100,1,509.01,Churned,509.01
12437,2011-01-12 14:13:00,2011-12-08 11:35:00,18,4951.41,2922,2,18,4951.41,Active,4951.41
12438,2011-07-22 13:29:00,2011-11-25 13:28:00,2,2906.85,1180,14,2,2906.85,Active,2906.85
12441,2010-12-08 10:45:00,2010-12-08 10:45:00,1,173.55,121,367,1,173.55,Churned,173.55
12442,2011-12-06 14:22:00,2011-12-06 14:22:00,1,172.06,182,3,1,172.06,Active,172.06
12444,2011-06-21 14:00:00,2011-11-18 13:23:00,5,5005.46,1153,21,5,5005.46,Active,5005.46
12445,2011-11-17 18:43:00,2011-11-17 18:43:00,1,133.4,62,22,1,133.4,Active,133.4
12446,2011-10-13 12:50:00,2011-10-13 12:50:00,1,1002.3100000000001,351,58,1,1002.3100000000001,At Risk,1002.3100000000001
12447,2011-04-10 13:25:00,2011-04-10 13:25:00,1,476.49,190,243,1,476.49,Churned,476.49
12448,2011-10-26 13:46:00,2011-10-26 13:46:00,1,449.45,243,44,1,449.45,At Risk,449.45
12449,2011-06-05 15:37:00,2011-11-17 13:46:00,4,4067.29,1553,22,4,4067.29,Active,4067.29
12450,2011-06-19 14:36:00,2011-07-06 14:41:00,2,197.88,128,156,2,197.88,Churned,197.88
12451,2011-01-19 09:05:00,2011-11-29 08:40:00,5,9035.52,6575,11,5,9035.52,Active,9035.52
12452,2011-11-23 08:05:00,2011-11-23 10:28:00,2,430.57000000000005,185,17,2,430.57000000000005,Active,430.57000000000005
12453,2011-07-28 14:08:00,2011-07-28 14:08:00,1,707.09,473,134,1,707.09,Churned,707.09
12454,2011-10-14 17:13:00,2011-10-14 17:13:00,1,3528.34,1006,56,1,3528.34,At Risk,3528.34
12455,2011-02-16 09:56:00,2011-09-27 15:31:00,6,2466.86,2089,73,6,2466.86,At Risk,2466.86
12456,2011-03-30 09:12:00,2011-10-26 14:41:00,3,3181.04,1633,44,3,3181.04,At Risk,3181.04
12457,2011-04-14 18:57:00,2011-10-04 13:13:00,7,2363.23,843,66,7,2363.23,At Risk,2363.23
12458,2011-02-28 10:55:00,2011-09-29 15:25:00,2,947.4,506,71,2,947.4,At Risk,947.4
12461,2011-07-08 10:23:00,2011-09-06 16:57:00,2,826.88,287,94,2,826.88,Churned,826.88
12462,2011-02-09 14:44:00,2011-11-21 09:11:00,2,1189.59,536,19,2,1189.59,Active,1189.59
12463,2011-04-12 12:47:00,2011-10-17 13:44:00,4,1344.78,776,53,4,1344.78,At Risk,1344.78
12464,2011-02-03 13:30:00,2011-11-29 13:33:00,8,1212.05,112,10,8,1212.05,Active,1212.05
12465,2011-06-23 13:37:00,2011-11-22 16:34:00,2,742.19,479,17,2,742.19,Active,742.19
12468,2011-01-27 13:29:00,2011-06-05 11:36:00,2,729.54,366,188,2,729.54,Churned,729.54
12471,2010-12-10 09:35:00,2011-12-07 15:43:00,30,19824.05,8212,2,30,19824.05,Active,19824.05
12472,2010-12-05 14:19:00,2011-11-07 14:01:00,7,6572.11,4148,32,7,6572.11,At Risk,6572.11
12473,2011-06-01 10:15:00,2011-11-10 13:46:00,5,3938.55,2439,29,5,3938.55,Active,3938.55
12474,2011-01-14 10:06:00,2011-11-22 14:39:00,18,7375.79,4847,17,18,7375.79,Active,7375.79
12475,2011-10-17 10:10:00,2011-10-17 10:10:00,1,723.38,535,54,1,723.38,At Risk,723.38
12476,2010-12-13 14:39:00,2011-11-24 12:40:00,11,6816.42,2408,16,11,6816.42,Active,6816.42
12477,2011-02-11 12:45:00,2011-11-17 09:51:00,6,13219.74,3653,23,6,13219.74,Active,13219.74
12478,2011-12-06 09:56:00,2011-12-06 09:56:00,1,680.99,236,4,1,680.99,Active,680.99
12479,2011-11-28 13:26:00,2011-11-28 13:26:00,1,527.2,385,11,1,527.2,Active,527.2
12480,2011-01-07 15:27:00,2011-11-11 14:52:00,4,3281.63,1707,28,4,3281.63,Active,3281.63
12481,2010-12-09 10:13:00,2011-11-17 08:29:00,10,5596.32,3304,23,10,5596.32,Active,5596.32
12483,2011-01-04 14:20:00,2011-11-22 17:02:00,8,2484.98,1110,17,8,2484.98,Active,2484.98
12484,2011-01-07 14:04:00,2011-11-07 11:37:00,6,4541.72,2191,33,6,4541.72,At Risk,4541.72
12488,2011-09-25 10:34:00,2011-11-30 08:50:00,3,1298.66,529,10,3,1298.66,Active,1298.66
12489,2011-01-07 13:13:00,2011-01-07 13:13:00,1,334.93,105,336,1,334.93,Churned,334.93
12490,2011-01-14 09:13:00,2011-12-04 16:07:00,10,5417.93,3064,5,10,5417.93,Active,5417.93
12491,2011-11-01 12:18:00,2011-11-01 12:18:00,1,460.40000000000003,260,39,1,460.40000000000003,At Risk,460.40000000000003
12492,2011-08-26 14:51:00,2011-10-07 15:15:00,2,263.21000000000004,192,63,2,263.21000000000004,At Risk,263.21000000000004
12493,2011-05-26 14:53:00,2011-06-27 10:17:00,2,433.74,207,166,2,433.74,Churned,433.74
12494,2010-12-09 11:31:00,2011-11-24 09:34:00,7,1246.1,707,16,7,1246.1,Active,1246.1
12497,2011-09-19 12:29:00,2011-09-19 12:29:00,1,1043.1,1236,82,1,1043.1,At Risk,1043.1
12498,2011-10-13 09:30:00,2011-11-18 12:53:00,3,403.70000000000005,159,21,3,403.70000000000005,Active,403.70000000000005
12500,2011-01-10 09:48:00,2011-11-16 16:20:00,11,4257.82,2678,23,11,4257.82,Active,4257.82
12501,2011-01-07 12:28:00,2011-01-07 12:28:00,1,2169.39,1783,337,1,2169.39,Churned,2169.39
12502,2011-02-03 10:41:00,2011-09-05 11:52:00,5,3723.87,820,96,5,3723.87,Churned,3723.87
12504,2011-11-09 14:56:00,2011-11-21 16:02:00,2,482.04999999999995,90,18,2,482.04999999999995,Active,482.04999999999995
12506,2011-04-21 08:54:00,2011-04-21 08:54:00,1,73.5,23,233,1,73.5,Churned,73.5
12507,2011-02-14 09:24:00,2011-07-28 17:09:00,3,1304.81,894,134,3,1304.81,Churned,1304.81
12508,2011-11-10 16:27:00,2011-11-13 15:37:00,2,398.27,272,26,2,398.27,Active,398.27
12509,2011-02-28 14:45:00,2011-02-28 14:45:00,1,176.5,55,284,1,176.5,Churned,176.5
12510,2011-01-18 14:04:00,2011-07-20 10:15:00,2,982.5699999999999,353,143,2,982.5699999999999,Churned,982.5699999999999
12512,2011-10-04 14:53:00,2011-10-04 14:55:00,2,138.03,99,66,2,138.03,At Risk,138.03
12513,2011-08-19 10:51:00,2011-08-19 10:51:00,1,612.29,462,113,1,612.29,Churned,612.29
12514,2011-03-17 16:38:00,2011-03-17 16:38:00,1,1017.6800000000001,440,267,1,1017.6800000000001,Churned,1017.6800000000001
12515,2010-12-21 15:43:00,2010-12-21 15:43:00,1,383.7,131,353,1,383.7,Churned,383.7
12516,2011-06-12 11:37:00,2011-09-23 09:13:00,2,1312.06,875,78,2,1312.06,At Risk,1312.06
12517,2011-06-02 15:13:00,2011-11-11 14:04:00,5,2502.84,1371,28,5,2502.84,Active,2502.84
12518,2011-08-21 13:18:00,2011-12-09 10:13:00,5,2056.89,1318,1,5,2056.89,Active,2056.89
12519,2011-10-07 09:26:00,2011-10-07 09:26:00,1,340.84000000000003,183,64,1,340.84000000000003,At Risk,340.84000000000003
12520,2011-03-11 11:35:00,2011-09-21 15:23:00,5,2634.26,1439,79,5,2634.26,At Risk,2634.26
12521,2011-07-20 10:51:00,2011-07-20 10:51:00,1,599.68,309,143,1,599.68,Churned,599.68
12522,2011-10-19 14:41:00,2011-10-31 15:30:00,2,192.72,194,39,2,192.72,At Risk,192.72
12523,2011-01-12 09:43:00,2011-11-20 12:55:00,11,1789.77,865,19,11,1789.77,Active,1789.77
12524,2011-01-10 10:35:00,2011-11-30 15:31:00,8,4485.72,3699,9,8,4485.72,Active,4485.72
12526,2011-09-06 14:19:00,2011-12-09 12:09:00,3,1316.66,632,1,3,1316.66,Active,1316.66
12527,2011-01-18 12:05:00,2011-09-19 11:55:00,3,348.71000000000004,234,82,3,348.71000000000004,At Risk,348.71000000000004
12528,2011-01-31 09:05:00,2011-11-30 14:40:00,6,1933.48,756,9,6,1933.48,Active,1933.48
12530,2011-01-07 10:04:00,2011-10-11 12:34:00,4,1662.28,913,60,4,1662.28,At Risk,1662.28
12531,2011-11-25 11:12:00,2011-11-25 11:12:00,1,125.22,45,15,1,125.22,Active,125.22
12532,2011-11-09 13:47:00,2011-11-09 13:47:00,1,349.83000000000004,153,30,1,349.83000000000004,Active,349.83000000000004
12534,2011-08-01 10:26:00,2011-08-01 10:26:00,1,1089.18,651,131,1,1089.18,Churned,1089.18
12535,2011-06-06 12:47:00,2011-09-09 08:48:00,2,716.35,219,92,2,716.35,Churned,716.35
12536,2011-10-11 14:52:00,2011-10-27 14:20:00,3,12601.830000000002,2803,43,3,12601.830000000002,At Risk,12601.830000000002
12538,2011-11-10 17:16:00,2011-11-10 17:16:00,1,363.95,191,29,1,363.95,Active,363.95
12539,2011-01-10 09:11:00,2011-11-17 13:30:00,4,5568.35,2067,22,4,5568.35,Active,5568.35
12540,2010-12-13 09:39:00,2011-11-20 11:31:00,17,13400.24,6685,20,17,13400.24,Active,13400.24
12541,2011-03-04 09:32:00,2011-11-10 10:40:00,3,981.18,680,30,3,981.18,Active,981.18
12544,2011-11-03 16:15:00,2011-11-03 16:15:00,1,372.7,136,36,1,372.7,At Risk,372.7
12545,2011-03-25 12:04:00,2011-09-25 13:39:00,2,1000.39,523,75,2,1000.39,At Risk,1000.39
12546,2011-09-23 09:44:00,2011-10-24 12:09:00,2,1161.5,633,47,2,1161.5,At Risk,1161.5
12547,2011-03-04 12:46:00,2011-05-26 12:38:00,2,207.8,134,198,2,207.8,Churned,207.8
12548,2011-06-26 15:35:00,2011-06-26 15:35:00,1,95.19999999999999,49,166,1,95.19999999999999,Churned,95.19999999999999
12550,2011-09-21 14:35:00,2011-09-21 14:35:00,1,964.83,569,79,1,964.83,At Risk,964.83
12551,2010-12-17 11:23:00,2010-12-17 11:23:00,1,168.0,100,358,1,168.0,Churned,168.0
12552,2011-10-31 12:11:00,2011-11-01 10:02:00,2,437.82,88,39,2,437.82,At Risk,437.82
12553,2011-01-14 10:42:00,2011-12-01 16:38:00,10,3692.28,1965,8,10,3692.28,Active,3692.28
12556,2011-07-11 13:35:00,2011-10-20 13:06:00,2,603.71,358,50,2,603.71,At Risk,603.71
12557,2010-12-03 12:20:00,2011-11-23 16:59:00,5,11990.960000000001,4384,16,5,11990.960000000001,Active,11990.960000000001
12558,2011-12-02 10:41:00,2011-12-02 10:41:00,1,269.96,196,8,1,269.96,Active,269.96
12559,2011-01-24 10:12:00,2011-02-02 09:49:00,2,561.71,283,311,2,561.71,Churned,561.71
12560,2011-07-19 15:55:00,2011-12-04 13:54:00,3,2134.01,1110,5,3,2134.01,Active,2134.01
12561,2011-02-10 11:39:00,2011-02-10 11:39:00,1,238.85,177,303,1,238.85,Churned,238.85
12562,2011-05-25 12:44:00,2011-12-01 17:20:00,7,3781.7400000000002,1779,8,7,3781.7400000000002,Active,3781.7400000000002
12564,2011-03-23 14:55:00,2011-03-23 14:55:00,1,456.90000000000003,133,261,1,456.90000000000003,Churned,456.90000000000003
12565,2011-02-24 10:34:00,2011-02-24 10:34:00,1,145.92000000000002,80,289,1,145.92000000000002,Churned,145.92000000000002
12566,2011-09-14 14:30:00,2011-09-14 14:30:00,1,351.65,265,86,1,351.65,At Risk,351.65
12567,2010-12-05 11:57:00,2011-11-17 11:02:00,10,9401.28,4305,23,10,9401.28,Active,9401.28
12569,2011-04-01 13:47:00,2011-12-07 16:24:00,32,4124.6900000000005,1801,2,32,4124.6900000000005,Active,4124.6900000000005
12571,2011-08-10 12:35:00,2011-10-31 10:19:00,2,519.61,523,40,2,519.61,At Risk,519.61
12572,2011-10-19 08:20:00,2011-12-01 09:20:00,2,1020.4200000000001,452,9,2,1020.4200000000001,Active,1020.4200000000001
12573,2011-04-26 15:52:00,2011-04-26 15:52:00,1,160.54000000000002,84,227,1,160.54000000000002,Churned,160.54000000000002
12574,2011-01-28 09:20:00,2011-01-28 09:20:00,1,218.45000000000002,61,316,1,218.45000000000002,Churned,218.45000000000002
12576,2011-02-08 11:31:00,2011-11-04 10:11:00,5,1315.83,967,36,5,1315.83,At Risk,1315.83
12577,2010-12-15 16:21:00,2011-11-04 13:24:00,3,657.8,472,35,3,657.8,At Risk,657.8
12578,2011-01-13 15:34:00,2011-11-18 13:30:00,2,2794.51,1196,21,2,2794.51,Active,2794.51
12579,2011-09-22 17:15:00,2011-09-22 17:15:00,1,440.42,285,78,1,440.42,At Risk,440.42
12580,2011-04-07 10:24:00,2011-04-07 10:24:00,1,415.7,238,247,1,415.7,Churned,415.7
12581,2011-10-31 08:56:00,2011-10-31 08:56:00,1,197.71,161,40,1,197.71,At Risk,197.71
12582,2011-02-24 11:42:00,2011-04-15 08:45:00,2,511.36,300,239,2,511.36,Churned,511.36
12583,2010-12-01 08:45:00,2011-12-07 08:07:00,15,7281.38,5060,3,15,7281.38,Active,7281.38
12584,2011-03-04 15:15:00,2011-12-06 09:35:00,9,2338.15,416,4,9,2338.15,Active,2338.15
12585,2010-12-23 12:58:00,2011-04-19 13:39:00,2,2040.1,1279,234,2,2040.1,Churned,2040.1
12586,2011-11-22 16:24:00,2011-11-22 16:24:00,1,196.94000000000003,79,17,1,196.94000000000003,Active,196.94000000000003
12587,2011-12-02 12:47:00,2011-12-02 12:47:00,1,144.0,51,8,1,144.0,Active,144.0
12588,2011-10-31 15:01:00,2011-10-31 15:01:00,1,214.89999999999998,53,39,1,214.89999999999998,At Risk,214.89999999999998
12589,2011-07-18 12:05:00,2011-11-11 10:19:00,2,646.68,306,29,2,646.68,Active,646.68
12590,2011-05-12 14:46:00,2011-05-12 14:52:00,2,9864.26,4283,211,2,9864.26,Churned,9864.26
12591,2011-01-26 14:35:00,2011-01-26 14:35:00,1,452.84999999999997,228,317,1,452.84999999999997,Churned,452.84999999999997
12592,2011-05-10 13:44:00,2011-09-08 15:04:00,2,437.6,290,92,2,437.6,Churned,437.6
12593,2011-05-05 09:29:00,2011-08-23 12:43:00,3,418.1,206,109,3,418.1,Churned,418.1
12594,2011-01-21 09:52:00,2011-11-02 12:20:00,10,3338.2200000000003,1777,38,10,3338.2200000000003,At Risk,3338.2200000000003
12596,2011-04-11 13:22:00,2011-10-19 13:02:00,2,618.27,474,51,2,618.27,At Risk,618.27
12597,2011-03-16 14:00:00,2011-11-20 13:33:00,4,3811.22,2236,19,4,3811.22,Active,3811.22
12598,2011-02-28 11:58:00,2011-11-30 12:18:00,8,3023.08,1964,10,8,3023.08,Active,3023.08
12599,2011-02-08 13:28:00,2011-11-10 13:34:00,7,1032.58,956,29,7,1032.58,Active,1032.58
12600,2010-12-03 12:57:00,2011-11-11 10:29:00,10,2599.04,774,29,10,2599.04,Active,2599.04
12601,2011-01-11 10:38:00,2011-06-03 10:17:00,5,577.0600000000001,245,190,5,577.0600000000001,Churned,577.0600000000001
12602,2011-10-12 11:22:00,2011-10-12 11:22:00,1,153.12,162,59,1,153.12,At Risk,153.12
12603,2011-11-18 10:42:00,2011-11-18 10:42:00,1,739.1999999999999,63,22,1,739.1999999999999,Active,739.1999999999999
12604,2011-03-23 12:06:00,2011-09-21 14:08:00,2,254.18,201,79,2,254.18,At Risk,254.18
12607,2011-10-10 16:06:00,2011-10-10 16:06:00,1,1579.51,1228,60,1,1579.51,At Risk,1579.51
12609,2011-01-25 15:13:00,2011-09-22 16:34:00,3,1126.85,648,78,3,1126.85,At Risk,1126.85
12610,2011-08-05 13:52:00,2011-11-17 09:34:00,5,2099.54,1049,23,5,2099.54,Active,2099.54
12611,2011-10-18 13:12:00,2011-10-18 13:12:00,1,1193.32,846,52,1,1193.32,At Risk,1193.32
12612,2011-09-26 15:35:00,2011-09-26 15:35:00,1,704.04,262,74,1,704.04,At Risk,704.04
12613,2011-03-22 15:42:00,2011-10-13 14:59:00,5,3344.38,1644,57,5,3344.38,At Risk,3344.38
12614,2011-03-07 10:22:00,2011-03-07 10:22:00,1,315.6,76,278,1,315.6,Churned,315.6
12615,2011-06-24 13:35:00,2011-12-07 15:02:00,4,2291.19,1376,2,4,2291.19,Active,2291.19
12616,2011-02-15 14:17:00,2011-09-05 15:17:00,2,713.3,284,95,2,713.3,Churned,713.3
12617,2011-11-10 14:39:00,2011-11-10 14:39:00,1,355.53000000000003,213,29,1,355.53000000000003,Active,355.53000000000003
12618,2011-11-18 11:10:00,2011-11-18 11:10:00,1,177.31,96,22,1,177.31,Active,177.31
12619,2011-03-31 13:10:00,2011-11-23 14:52:00,9,3641.24,3378,16,9,3641.24,Active,3641.24
12620,2011-05-19 12:10:00,2011-11-25 10:20:00,3,1339.41,1181,15,3,1339.41,Active,1339.41
12621,2010-12-09 10:16:00,2011-12-08 11:25:00,20,13689.67,7440,2,20,13689.67,Active,13689.67
12622,2011-04-21 16:39:00,2011-04-21 16:39:00,1,180.1,69,232,1,180.1,Churned,180.1
12623,2011-03-08 13:50:00,2011-03-08 13:50:00,1,305.1,191,276,1,305.1,Churned,305.1
12624,2011-06-15 12:34:00,2011-08-25 15:04:00,2,641.13,355,106,2,641.13,Churned,641.13
12625,2011-01-24 13:27:00,2011-05-12 09:54:00,2,2683.82,1612,212,2,2683.82,Churned,2683.82
12626,2011-01-17 11:01:00,2011-11-16 16:06:00,9,6620.4800000000005,3453,23,9,6620.4800000000005,Active,6620.4800000000005
12627,2011-07-22 13:59:00,2011-11-29 12:07:00,7,4478.53,2752,11,7,4478.53,Active,4478.53
12628,2011-10-06 09:28:00,2011-12-05 13:15:00,3,786.46,448,4,3,786.46,Active,786.46
12630,2011-10-27 10:41:00,2011-11-30 10:48:00,2,1270.88,548,10,2,1270.88,Active,1270.88
12631,2011-10-13 13:53:00,2011-10-13 13:53:00,1,640.5,236,57,1,640.5,At Risk,640.5
12633,2011-02-25 08:44:00,2011-10-12 11:40:00,4,2163.98,1162,59,4,2163.98,At Risk,2163.98
12635,2011-07-08 08:43:00,2011-09-11 11:04:00,2,1689.18,1172,90,2,1689.18,At Risk,1689.18
12637,2011-01-20 10:47:00,2011-10-03 13:46:00,8,6021.9,3002,67,8,6021.9,At Risk,6021.9
12638,2011-11-06 13:11:00,2011-11-06 13:11:00,1,671.69,577,33,1,671.69,At Risk,671.69
12639,2011-04-15 12:48:00,2011-04-15 12:48:00,1,486.1,201,239,1,486.1,Churned,486.1
12640,2011-09-19 12:01:00,2011-11-16 11:52:00,3,1174.58,311,24,3,1174.58,Active,1174.58
12641,2011-08-16 13:26:00,2011-08-16 13:26:00,1,185.9,72,115,1,185.9,Churned,185.9
12642,2011-08-24 09:23:00,2011-11-14 15:03:00,3,1013.26,552,25,3,1013.26,Active,1013.26
12643,2011-01-11 11:48:00,2011-08-03 12:56:00,6,3344.64,1808,128,6,3344.64,Churned,3344.64
12644,2011-08-02 10:33:00,2011-08-02 10:33:00,1,477.90999999999997,325,130,1,477.90999999999997,Churned,477.90999999999997
12645,2011-01-27 13:08:00,2011-11-06 12:38:00,4,1775.18,1084,34,4,1775.18,At Risk,1775.18
12646,2011-10-21 12:52:00,2011-12-05 10:14:00,2,1346.97,897,5,2,1346.97,Active,1346.97
12647,2010-12-05 14:02:00,2011-11-17 12:56:00,12,3722.82,1431,22,12,3722.82,Active,3722.82
12648,2011-07-08 11:55:00,2011-07-08 11:55:00,1,318.05,160,155,1,318.05,Churned,318.05
12649,2011-05-11 14:37:00,2011-08-24 14:41:00,3,623.51,586,107,3,623.51,Churned,623.51
12650,2011-12-06 16:34:00,2011-12-06 16:34:00,1,314.44,254,3,1,314.44,Active,314.44
12651,2011-01-09 12:46:00,2011-01-09 12:46:00,1,114.0,78,335,1,114.0,Churned,114.0
12652,2011-01-12 15:00:00,2011-01-12 15:00:00,1,919.98,505,331,1,919.98,Churned,919.98
12653,2011-02-16 10:53:00,2011-07-14 10:41:00,2,2209.85,919,149,2,2209.85,Churned,2209.85
12654,2011-02-17 13:16:00,2011-11-29 10:10:00,5,601.98,264,11,5,601.98,Active,601.98
12656,2011-04-20 09:20:00,2011-11-22 13:42:00,5,4051.17,1723,17,5,4051.17,Active,4051.17
12657,2011-09-22 11:40:00,2011-11-28 15:47:00,4,1643.18,1044,11,4,1643.18,Active,1643.18
12658,2011-11-21 10:22:00,2011-11-21 10:22:00,1,686.05,320,19,1,686.05,Active,686.05
12659,2011-11-10 11:53:00,2011-11-10 11:53:00,1,91.68,105,30,1,91.68,Active,91.68
12660,2011-11-28 13:26:00,2011-11-28 13:26:00,1,245.10000000000002,127,11,1,245.10000000000002,Active,245.10000000000002
12662,2010-12-01 13:04:00,2011-12-09 11:59:00,11,3849.78,2058,1,11,3849.78,Active,3849.78
12664,2011-01-21 11:42:00,2011-12-01 17:07:00,9,4881.88,1203,8,9,4881.88,Active,4881.88
12665,2011-01-19 08:34:00,2011-01-19 08:34:00,1,63.0,37,325,1,63.0,Churned,63.0
12667,2011-10-12 17:00:00,2011-10-12 17:00:00,1,620.13,395,58,1,620.13,At Risk,620.13
12668,2010-12-19 12:46:00,2011-11-28 10:56:00,4,3807.15,1634,12,4,3807.15,Active,3807.15
12669,2011-03-28 10:15:00,2011-07-12 09:54:00,3,2744.0299999999997,1115,151,3,2744.0299999999997,Churned,2744.0299999999997
12670,2011-04-21 10:16:00,2011-11-29 15:23:00,5,2996.05,1397,10,5,2996.05,Active,2996.05
12672,2011-01-14 09:20:00,2011-01-14 09:20:00,1,225.9,78,330,1,225.9,Churned,225.9
12673,2011-01-17 11:46:00,2011-12-04 13:55:00,2,610.52,351,5,2,610.52,Active,610.52
12674,2011-05-16 09:10:00,2011-11-01 12:12:00,4,1970.6,1133,39,4,1970.6,At Risk,1970.6
12676,2011-02-01 15:41:00,2011-11-15 12:25:00,6,1331.39,670,25,6,1331.39,Active,1331.39
12678,2010-12-21 11:00:00,2011-10-28 13:04:00,12,17628.46,10923,42,12,17628.46,At Risk,17628.46
12679,2011-03-01 12:26:00,2011-10-12 12:30:00,4,1113.02,554,59,4,1113.02,At Risk,1113.02
12680,2011-08-18 15:44:00,2011-12-09 12:50:00,4,862.81,443,1,4,862.81,Active,862.81
12681,2010-12-07 10:08:00,2011-11-25 11:33:00,22,13787.54,7536,15,22,13787.54,Active,13787.54
12682,2010-12-03 13:59:00,2011-12-06 10:00:00,31,12288.22,5575,4,31,12288.22,Active,12288.22
12683,2010-12-09 10:37:00,2011-12-05 16:31:00,15,8476.57,4987,4,15,8476.57,Active,8476.57
12684,2011-05-10 12:55:00,2011-12-02 09:53:00,7,2283.63,1985,8,7,2283.63,Active,2283.63
12685,2011-09-07 10:28:00,2011-11-11 13:46:00,6,2863.08,1523,28,6,2863.08,Active,2863.08
12686,2010-12-03 09:51:00,2010-12-03 09:51:00,1,89.14,107,372,1,89.14,Churned,89.14
12688,2011-08-18 08:49:00,2011-08-18 08:49:00,1,4873.81,3028,114,1,4873.81,Churned,4873.81
12689,2011-08-04 10:04:00,2011-11-14 08:31:00,2,1247.6100000000001,628,26,2,1247.6100000000001,Active,1247.6100000000001
12690,2011-05-18 09:09:00,2011-05-18 09:09:00,1,389.01,106,206,1,389.01,Churned,389.01
12691,2010-12-17 14:46:00,2011-11-11 16:49:00,6,1035.8,394,28,6,1035.8,Active,1035.8
12693,2011-01-24 12:58:00,2011-08-04 17:51:00,4,855.91,255,127,4,855.91,Churned,855.91
12694,2011-06-09 17:48:00,2011-09-30 13:06:00,2,869.67,509,70,2,869.67,At Risk,869.67
12695,2011-05-13 13:15:00,2011-12-02 13:22:00,4,582.1,220,7,4,582.1,Active,582.1
12697,2011-06-23 15:44:00,2011-11-11 08:47:00,3,957.59,508,29,3,957.59,Active,957.59
12700,2011-05-08 16:10:00,2011-12-02 10:47:00,4,4939.99,2967,8,4,4939.99,Active,4939.99
12701,2011-04-11 13:02:00,2011-09-21 10:47:00,2,797.71,678,80,2,797.71,At Risk,797.71
12702,2011-11-20 10:36:00,2011-11-20 10:36:00,1,219.0,53,20,1,219.0,Active,219.0
12703,2011-09-29 17:52:00,2011-09-29 17:52:00,1,283.55,164,71,1,283.55,At Risk,283.55
12704,2011-06-23 10:20:00,2011-12-02 13:15:00,8,2340.84,1006,7,8,2340.84,Active,2340.84
12705,2010-12-17 15:58:00,2011-11-24 13:17:00,9,6868.29,3997,15,9,6868.29,Active,6868.29
12707,2011-02-21 08:38:00,2011-02-21 08:38:00,1,603.42,256,292,1,603.42,Churned,603.42
12708,2010-12-06 10:43:00,2011-11-10 09:52:00,10,2712.91,1307,30,10,2712.91,Active,2712.91
12709,2010-12-08 09:49:00,2011-11-24 15:38:00,15,9736.52,3936,15,15,9736.52,Active,9736.52
12710,2011-05-22 14:05:00,2011-09-04 12:00:00,3,1149.02,851,97,3,1149.02,Churned,1149.02
12712,2010-12-03 14:30:00,2011-11-11 08:19:00,13,4396.13,1062,29,13,4396.13,Active,4396.13
12713,2011-12-09 12:16:00,2011-12-09 12:16:00,1,848.55,508,1,1,848.55,Active,848.55
12714,2011-02-18 10:53:00,2011-11-30 15:43:00,5,4708.86,3069,9,5,4708.86,Active,4708.86
12715,2011-08-25 15:22:00,2011-08-25 15:22:00,1,353.86,197,106,1,353.86,Churned,353.86
12716,2011-07-29 13:28:00,2011-12-06 08:55:00,2,1053.49,708,4,2,1053.49,Active,1053.49
12717,2011-04-08 10:32:00,2011-07-11 14:47:00,2,1030.98,506,151,2,1030.98,Churned,1030.98
12718,2011-09-29 16:38:00,2011-09-29 16:38:00,1,238.25,203,71,1,238.25,At Risk,238.25
12719,2011-10-05 14:50:00,2011-12-04 13:45:00,2,644.95,374,5,2,644.95,Active,644.95
12720,2010-12-05 15:21:00,2011-12-07 08:03:00,25,5781.7300000000005,4672,3,25,5781.7300000000005,Active,5781.7300000000005
12721,2010-12-20 11:38:00,2011-11-08 12:13:00,6,2656.13,1959,32,6,2656.13,At Risk,2656.13
12722,2011-07-12 11:55:00,2011-09-15 14:50:00,4,997.63,566,85,4,997.63,At Risk,997.63
12723,2011-10-05 15:52:00,2011-12-06 10:19:00,5,725.07,434,4,5,725.07,Active,725.07
12724,2011-01-11 15:00:00,2011-12-04 16:02:00,4,1031.41,445,5,4,1031.41,Active,1031.41
12725,2010-12-03 15:45:00,2010-12-03 15:45:00,1,427.8,164,371,1,427.8,Churned,427.8
12726,2010-12-17 12:56:00,2011-11-11 13:35:00,7,2609.1,3143,28,7,2609.1,Active,2609.1
12727,2011-01-23 15:17:00,2011-11-29 11:46:00,7,3980.7000000000003,2098,11,7,3980.7000000000003,Active,3980.7000000000003
12728,2011-01-11 13:31:00,2011-09-29 15:31:00,4,836.33,419,71,4,836.33,At Risk,836.33
12729,2011-08-18 11:40:00,2011-08-18 11:40:00,1,453.01,233,114,1,453.01,Churned,453.01
12731,2010-12-10 10:56:00,2011-11-16 11:59:00,12,18895.91,8437,24,12,18895.91,Active,18895.91
12732,2011-06-13 11:33:00,2011-06-13 11:33:00,1,236.26000000000002,111,180,1,236.26000000000002,Churned,236.26000000000002
12733,2011-04-19 16:19:00,2011-04-19 16:19:00,1,383.95,137,234,1,383.95,Churned,383.95
12734,2010-12-22 12:47:00,2010-12-22 12:47:00,1,110.39999999999999,88,353,1,110.39999999999999,Churned,110.39999999999999
12735,2011-01-06 14:26:00,2011-01-28 13:37:00,2,779.5699999999999,368,315,2,779.5699999999999,Churned,779.5699999999999
12736,2011-01-11 07:57:00,2011-01-11 07:57:00,1,234.0,173,333,1,234.0,Churned,234.0
12738,2010-12-02 18:27:00,2010-12-02 18:27:00,1,155.35,148,372,1,155.35,Churned,155.35
12739,2011-09-01 17:45:00,2011-09-22 13:00:00,2,1013.04,486,78,2,1013.04,At Risk,1013.04
12740,2011-10-07 10:44:00,2011-10-07 10:44:00,1,427.6,342,64,1,427.6,At Risk,427.6
12743,2011-07-28 16:06:00,2011-07-28 16:21:00,2,546.43,319,134,2,546.43,Churned,546.43
12744,2011-01-25 13:26:00,2011-10-19 11:18:00,7,21279.29,5241,52,7,21279.29,At Risk,21279.29
12747,2010-12-05 15:38:00,2011-12-07 14:34:00,11,4196.01,1275,2,11,4196.01,Active,4196.01
12748,2010-12-01 12:48:00,2011-12-09 12:20:00,209,33719.73,25747,1,209,33719.73,Active,33719.73
12749,2011-05-10 15:25:00,2011-12-06 09:56:00,5,4090.88,1471,4,5,4090.88,Active,4090.88
12750,2011-08-03 09:13:00,2011-08-03 09:13:00,1,275.88,137,129,1,275.88,Churned,275.88
12752,2011-09-19 13:32:00,2011-09-19 13:32:00,1,4366.78,2262,81,1,4366.78,At Risk,4366.78
12753,2010-12-12 11:44:00,2011-11-17 10:52:00,6,21429.39,11421,23,6,21429.39,Active,21429.39
12754,2011-02-04 10:31:00,2011-04-18 09:00:00,3,3010.74,6481,236,3,3010.74,Churned,3010.74
12755,2010-12-09 10:44:00,2011-03-04 12:42:00,2,3811.9500000000003,1491,281,2,3811.9500000000003,Churned,3811.9500000000003
12756,2011-09-14 09:31:00,2011-09-14 09:31:00,1,112.08,144,87,1,112.08,At Risk,112.08
12757,2011-05-12 19:01:00,2011-11-24 12:30:00,13,7857.1,2402,16,13,7857.1,Active,7857.1
12758,2011-03-08 12:05:00,2011-08-15 10:22:00,2,2791.59,2135,117,2,2791.59,Churned,2791.59
12759,2011-03-09 08:09:00,2011-10-18 14:49:00,3,1531.44,902,52,3,1531.44,At Risk,1531.44
12762,2011-11-14 14:23:00,2011-12-02 10:23:00,2,1898.52,1227,8,2,1898.52,Active,1898.52
12763,2010-12-05 15:46:00,2011-07-24 14:12:00,2,494.08,316,138,2,494.08,Churned,494.08
12764,2011-01-27 10:19:00,2011-01-27 10:19:00,1,1693.88,386,317,1,1693.88,Churned,1693.88
12766,2010-12-08 13:53:00,2011-12-06 08:46:00,7,6989.63,3646,4,7,6989.63,Active,6989.63
12769,2011-04-15 10:25:00,2011-04-15 10:25:00,1,1143.6,356,239,1,1143.6,Churned,1143.6
12770,2011-05-13 09:33:00,2011-05-13 09:33:00,1,1351.45,743,211,1,1351.45,Churned,1351.45
12772,2011-10-11 09:19:00,2011-10-11 09:19:00,1,892.47,556,60,1,892.47,At Risk,892.47
12775,2011-02-01 13:45:00,2011-11-22 16:33:00,5,1386.04,877,17,5,1386.04,Active,1386.04
12778,2011-01-31 14:35:00,2011-11-20 11:30:00,6,822.23,825,20,6,822.23,Active,822.23
12779,2010-12-03 13:40:00,2011-11-02 11:43:00,8,3981.36,2024,38,8,3981.36,At Risk,3981.36
12781,2011-02-28 08:43:00,2011-10-07 10:37:00,2,826.74,671,64,2,826.74,At Risk,826.74
12782,2010-12-17 11:30:00,2011-12-05 09:16:00,5,2330.92,1086,5,5,2330.92,Active,2330.92
12783,2011-09-25 15:35:00,2011-12-07 15:56:00,6,2225.91,624,2,6,2225.91,Active,2225.91
12784,2011-11-24 12:53:00,2011-11-30 15:38:00,2,574.42,300,9,2,574.42,Active,574.42
12785,2010-12-10 13:48:00,2010-12-10 13:48:00,1,311.95,131,364,1,311.95,Churned,311.95
12787,2011-05-31 09:36:00,2011-11-30 08:44:00,3,463.66,261,10,3,463.66,Active,463.66
12789,2011-10-05 13:34:00,2011-10-05 13:34:00,1,91.85,4,65,1,91.85,At Risk,91.85
12790,2011-05-31 14:14:00,2011-05-31 14:14:00,1,324.92,166,192,1,324.92,Churned,324.92
12791,2010-12-01 11:27:00,2010-12-01 11:27:00,1,192.60000000000002,97,374,1,192.60000000000002,Churned,192.60000000000002
12792,2011-03-28 11:36:00,2011-03-28 11:36:00,1,400.54,217,257,1,400.54,Churned,400.54
12793,2010-12-03 15:14:00,2011-01-09 12:12:00,2,545.48,295,335,2,545.48,Churned,545.48
12794,2011-09-02 12:01:00,2011-10-17 14:54:00,2,860.41,592,53,2,860.41,At Risk,860.41
12795,2011-11-21 10:27:00,2011-11-21 10:27:00,1,430.48,68,19,1,430.48,Active,430.48
12797,2010-12-09 10:55:00,2010-12-09 10:55:00,1,254.03,118,366,1,254.03,Churned,254.03
12798,2011-06-22 10:11:00,2011-11-29 15:52:00,3,6977.04,5256,10,3,6977.04,Active,6977.04
12802,2011-06-06 09:36:00,2011-06-06 09:36:00,1,427.58,314,187,1,427.58,Churned,427.58
12808,2010-12-06 10:27:00,2011-11-03 10:05:00,3,483.65000000000003,188,37,3,483.65000000000003,At Risk,483.65000000000003
12809,2011-06-15 10:51:00,2011-06-15 10:51:00,1,489.31,220,178,1,489.31,Churned,489.31
12811,2011-02-28 15:39:00,2011-03-24 09:42:00,3,514.85,230,261,3,514.85,Churned,514.85
12812,2011-10-26 09:54:00,2011-10-26 09:54:00,1,229.64000000000001,164,45,1,229.64000000000001,At Risk,229.64000000000001
12814,2011-08-30 12:11:00,2011-08-30 12:11:00,1,125.92,49,102,1,125.92,Churned,125.92
12815,2011-05-25 13:34:00,2011-07-15 10:21:00,2,1063.46,379,148,2,1063.46,Churned,1063.46
12816,2011-06-16 13:24:00,2011-09-05 12:41:00,2,572.2,128,96,2,572.2,Churned,572.2
12817,2011-03-03 16:28:00,2011-03-03 16:28:00,1,166.04000000000002,53,281,1,166.04000000000002,Churned,166.04000000000002
12818,2011-03-23 12:06:00,2011-03-23 12:06:00,1,1542.08,929,262,1,1542.08,Churned,1542.08
12820,2011-01-17 12:34:00,2011-12-06 15:12:00,4,942.34,722,3,4,942.34,Active,942.34
12821,2011-05-09 15:51:00,2011-05-09 15:51:00,1,92.72,70,214,1,92.72,Churned,92.72
12822,2011-09-13 13:46:00,2011-09-30 10:04:00,2,948.88,550,71,2,948.88,At Risk,948.88
12823,2011-02-16 12:15:00,2011-09-26 07:35:00,5,1759.5,230,75,5,1759.5,At Risk,1759.5
12824,2011-10-11 12:49:00,2011-10-11 12:49:00,1,397.12,232,60,1,397.12,At Risk,397.12
12826,2010-12-09 15:21:00,2011-12-07 10:25:00,7,1474.72,1058,3,7,1474.72,Active,1474.72
12827,2011-10-26 15:44:00,2011-12-04 12:17:00,3,430.15,197,6,3,430.15,Active,430.15
12828,2011-08-01 16:16:00,2011-12-07 08:45:00,6,1018.71,494,3,6,1018.71,Active,1018.71
12829,2010-12-14 14:54:00,2011-01-07 11:13:00,2,293.0,376,337,2,293.0,Churned,293.0
12830,2011-06-21 10:53:00,2011-11-02 11:54:00,6,6814.64,9848,38,6,6814.64,At Risk,6814.64
12831,2011-03-22 13:02:00,2011-03-22 13:02:00,1,215.05,135,262,1,215.05,Churned,215.05
12832,2011-09-02 13:48:00,2011-11-07 13:30:00,2,383.03000000000003,195,32,2,383.03000000000003,At Risk,383.03000000000003
12833,2011-07-17 13:46:00,2011-07-17 13:46:00,1,417.38,156,145,1,417.38,Churned,417.38
12834,2011-03-02 09:49:00,2011-03-02 09:49:00,1,312.38,110,283,1,312.38,Churned,312.38
12836,2011-02-01 11:19:00,2011-10-11 15:10:00,4,2612.86,1064,59,4,2612.86,At Risk,2612.86
12837,2011-06-19 16:07:00,2011-06-19 16:07:00,1,134.1,24,173,1,134.1,Churned,134.1
12838,2010-12-01 11:57:00,2011-11-06 12:20:00,2,683.13,359,34,2,683.13,At Risk,683.13
12839,2010-12-07 15:48:00,2011-12-07 12:33:00,14,5591.42,3807,3,14,5591.42,Active,5591.42
12840,2011-04-27 12:21:00,2011-07-19 09:29:00,4,2726.77,1511,144,4,2726.77,Churned,2726.77
12841,2010-12-03 10:43:00,2011-12-05 11:13:00,25,4022.35,2757,5,25,4022.35,Active,4022.35
12842,2011-02-04 12:36:00,2011-09-30 15:33:00,2,1118.99,547,70,2,1118.99,At Risk,1118.99
12843,2011-03-20 14:38:00,2011-10-05 12:09:00,8,1702.26,781,66,8,1702.26,At Risk,1702.26
12844,2011-08-01 13:11:00,2011-11-10 13:31:00,2,325.96000000000004,125,29,2,325.96000000000004,Active,325.96000000000004
12845,2011-02-22 14:10:00,2011-03-17 13:34:00,4,354.09000000000003,204,267,4,354.09000000000003,Churned,354.09000000000003
12847,2011-11-17 13:16:00,2011-11-17 13:16:00,1,871.54,909,22,1,871.54,Active,871.54
12849,2011-03-16 12:26:00,2011-11-08 13:41:00,2,1050.89,623,31,2,1050.89,At Risk,1050.89
12851,2011-09-04 12:41:00,2011-09-04 12:41:00,1,135.18,109,97,1,135.18,Churned,135.18
12852,2011-02-18 08:47:00,2011-02-18 08:47:00,1,311.55,149,295,1,311.55,Churned,311.55
12853,2011-01-28 10:28:00,2011-07-28 11:29:00,6,1957.1000000000001,800,135,6,1957.1000000000001,Churned,1957.1000000000001
12854,2011-01-25 13:35:00,2011-09-22 12:15:00,3,1324.5,627,79,3,1324.5,At Risk,1324.5
12855,2010-12-02 09:37:00,2010-12-02 09:37:00,1,38.1,30,373,1,38.1,Churned,38.1
12856,2011-10-07 12:38:00,2011-12-02 10:52:00,6,2179.93,1079,8,6,2179.93,Active,2179.93
12857,2011-02-10 12:32:00,2011-05-13 10:20:00,2,1106.4,343,211,2,1106.4,Churned,1106.4
12863,2011-10-18 14:15:00,2011-10-18 14:15:00,1,521.2,188,52,1,521.2,At Risk,521.2
12864,2011-07-24 13:03:00,2011-07-24 13:03:00,1,147.12,216,138,1,147.12,Churned,147.12
12865,2011-08-08 10:11:00,2011-11-13 14:31:00,2,1568.23,925,26,2,1568.23,Active,1568.23
12866,2011-03-01 14:11:00,2011-03-01 14:11:00,1,559.12,171,283,1,559.12,Churned,559.12
12867,2010-12-14 16:39:00,2011-11-13 15:30:00,7,4036.82,4298,26,7,4036.82,Active,4036.82
12868,2010-12-01 12:50:00,2011-06-07 10:42:00,6,1607.0600000000002,928,186,6,1607.0600000000002,Churned,1607.0600000000002
12871,2011-05-16 13:32:00,2011-09-16 15:07:00,2,380.64,200,84,2,380.64,At Risk,380.64
12872,2010-12-09 14:44:00,2011-01-17 10:52:00,2,599.97,319,327,2,599.97,Churned,599.97
12873,2011-03-02 14:58:00,2011-03-02 14:58:00,1,374.0,128,282,1,374.0,Churned,374.0
12875,2010-12-12 12:03:00,2011-07-19 15:30:00,2,343.2300000000001,2019,143,2,343.2300000000001,Churned,343.2300000000001
12876,2011-05-27 13:34:00,2011-10-13 12:26:00,2,2218.02,1941,58,2,2218.02,At Risk,2218.02
12877,2010-12-16 12:23:00,2011-12-06 10:30:00,12,1535.77,1178,4,12,1535.77,Active,1535.77
12878,2011-03-18 14:02:00,2011-04-17 13:07:00,2,854.99,547,236,2,854.99,Churned,854.99
12879,2011-09-09 12:11:00,2011-10-26 12:24:00,3,573.22,370,45,3,573.22,At Risk,573.22
12881,2011-03-09 11:44:00,2011-03-09 11:44:00,1,298.0,21,276,1,298.0,Churned,298.0
12882,2011-11-06 11:22:00,2011-11-30 16:18:00,2,1463.04,246,9,2,1463.04,Active,1463.04
12883,2011-09-11 15:18:00,2011-11-15 09:32:00,4,703.47,196,25,4,703.47,Active,703.47
12884,2011-09-12 13:10:00,2011-09-12 13:10:00,1,309.05,43,88,1,309.05,At Risk,309.05
12885,2011-08-08 11:45:00,2011-10-07 13:40:00,3,1175.22,655,63,3,1175.22,At Risk,1175.22
12886,2011-05-04 11:21:00,2011-10-03 10:09:00,2,1378.4,770,68,2,1378.4,At Risk,1378.4
12888,2011-03-29 14:31:00,2011-05-09 16:02:00,2,354.12,76,214,2,354.12,Churned,354.12
12890,2011-11-15 17:26:00,2011-11-15 17:26:00,1,380.46999999999997,259,24,1,380.46999999999997,Active,380.46999999999997
12891,2011-02-20 11:28:00,2011-06-07 12:31:00,3,331.0,950,186,3,331.0,Churned,331.0
12893,2011-11-09 12:34:00,2011-11-09 12:34:00,1,188.14,96,31,1,188.14,At Risk,188.14
12895,2011-09-14 08:35:00,2011-10-28 13:51:00,2,372.8,210,42,2,372.8,At Risk,372.8
12897,2011-02-11 11:40:00,2011-05-19 12:13:00,2,216.5,110,205,2,216.5,Churned,216.5
12901,2011-03-14 10:41:00,2011-12-01 10:07:00,28,17654.54,23075,9,28,17654.54,Active,17654.54
12902,2011-03-20 12:06:00,2011-03-20 12:06:00,1,138.68,66,265,1,138.68,Churned,138.68
12904,2011-06-20 13:18:00,2011-11-21 14:34:00,2,509.58,302,18,2,509.58,Active,509.58
12906,2011-09-22 15:03:00,2011-11-28 09:55:00,5,2919.81,1749,12,5,2919.81,Active,2919.81
12908,2011-01-31 12:37:00,2011-06-16 15:39:00,2,750.0,1200,176,2,750.0,Churned,750.0
12909,2011-03-31 12:51:00,2011-10-31 12:43:00,5,2178.67,1280,40,5,2178.67,At Risk,2178.67
12910,2011-04-12 10:01:00,2011-11-16 14:28:00,8,3075.04,1692,23,8,3075.04,Active,3075.04
12912,2011-10-30 11:35:00,2011-12-07 08:55:00,5,1662.3,670,3,5,1662.3,Active,1662.3
12913,2010-12-06 16:36:00,2011-12-05 12:11:00,5,2483.63,1419,5,5,2483.63,Active,2483.63
12915,2010-12-02 12:33:00,2011-07-14 11:34:00,2,363.65,93,149,2,363.65,Churned,363.65
12916,2011-01-23 10:43:00,2011-07-24 10:35:00,4,3006.15,1119,139,4,3006.15,Churned,3006.15
12917,2011-08-03 16:42:00,2011-08-03 16:42:00,1,594.0,120,128,1,594.0,Churned,594.0
12919,2011-06-23 09:22:00,2011-12-01 13:47:00,6,1335.19,673,8,6,1335.19,Active,1335.19
12920,2011-11-22 15:05:00,2011-11-22 15:05:00,1,164.23,129,17,1,164.23,Active,164.23
12921,2010-12-01 15:06:00,2011-11-30 16:22:00,37,16587.09,9526,9,37,16587.09,Active,16587.09
12922,2011-07-01 15:35:00,2011-07-01 15:35:00,1,405.38,370,161,1,405.38,Churned,405.38
12923,2011-10-06 16:20:00,2011-10-06 16:20:00,1,176.97,69,64,1,176.97,At Risk,176.97
12924,2011-01-16 11:49:00,2011-09-12 13:55:00,4,933.7,481,88,4,933.7,At Risk,933.7
12925,2011-09-26 11:05:00,2011-12-05 11:11:00,2,694.05,541,5,2,694.05,Active,694.05
12928,2010-12-15 15:45:00,2011-11-04 14:24:00,5,2062.7,1472,35,5,2062.7,At Risk,2062.7
12929,2011-02-01 12:08:00,2011-02-01 12:08:00,1,117.85,37,312,1,117.85,Churned,117.85
12930,2011-06-21 13:25:00,2011-09-22 15:18:00,2,415.8,252,78,2,415.8,At Risk,415.8
12931,2010-12-17 09:45:00,2011-11-18 12:39:00,15,42055.96,28004,22,15,42055.96,Active,42055.96
12933,2011-03-01 11:30:00,2011-11-15 16:38:00,3,607.53,499,24,3,607.53,Active,607.53
12935,2011-01-24 13:58:00,2011-12-07 17:25:00,7,2160.7,1853,2,7,2160.7,Active,2160.7
12936,2011-09-22 13:51:00,2011-11-22 17:32:00,4,1063.9,559,17,4,1063.9,Active,1063.9
12937,2011-03-17 14:19:00,2011-11-24 15:05:00,4,1504.27,1007,15,4,1504.27,Active,1504.27
12938,2011-11-14 11:21:00,2011-11-14 11:21:00,1,114.14,140,26,1,114.14,Active,114.14
12939,2011-01-09 11:20:00,2011-10-06 14:33:00,8,11581.8,4876,64,8,11581.8,At Risk,11581.8
12940,2011-09-13 10:16:00,2011-10-16 12:09:00,2,913.54,411,55,2,913.54,At Risk,913.54
12942,2010-12-09 09:34:00,2011-07-31 14:39:00,3,683.9,203,131,3,683.9,Churned,683.9
12944,2010-12-20 10:41:00,2011-11-04 11:04:00,2,604.51,289,36,2,604.51,At Risk,604.51
12945,2011-02-24 14:15:00,2011-02-24 14:15:00,1,462.95,165,288,1,462.95,Churned,462.95
12947,2010-12-01 16:21:00,2011-07-19 10:06:00,6,1603.99,1165,144,6,1603.99,Churned,1603.99
12948,2011-03-20 10:17:00,2011-11-23 17:10:00,7,2064.95,1080,16,7,2064.95,Active,2064.95
12949,2011-04-01 13:20:00,2011-11-09 11:25:00,8,4167.22,2381,31,8,4167.22,At Risk,4167.22
12950,2011-11-15 13:48:00,2011-12-07 13:17:00,3,1843.0,1380,2,3,1843.0,Active,1843.0
12951,2011-01-13 10:33:00,2011-12-01 12:14:00,6,1064.07,503,9,6,1064.07,Active,1064.07
12952,2011-09-22 16:37:00,2011-12-04 10:35:00,4,1387.79,653,6,4,1387.79,Active,1387.79
12953,2011-11-30 09:24:00,2011-11-30 09:24:00,1,329.85,84,10,1,329.85,Active,329.85
12955,2011-03-17 09:03:00,2011-12-08 16:29:00,11,4757.16,3664,1,11,4757.16,Active,4757.16
12956,2011-02-06 16:08:00,2011-02-06 16:08:00,1,108.07,34,306,1,108.07,Churned,108.07
12957,2011-01-04 12:18:00,2011-11-30 09:53:00,8,4017.54,2549,10,8,4017.54,Active,4017.54
12962,2011-08-18 13:38:00,2011-12-02 15:55:00,2,266.39,129,7,2,266.39,Active,266.39
12963,2010-12-09 09:14:00,2011-12-01 12:55:00,8,1856.63,881,8,8,1856.63,Active,1856.63
12965,2011-09-11 15:31:00,2011-09-11 15:31:00,1,771.91,283,89,1,771.91,At Risk,771.91
12966,2011-11-30 12:38:00,2011-11-30 12:38:00,1,160.18,75,10,1,160.18,Active,160.18
12967,2010-12-03 09:49:00,2010-12-16 19:10:00,2,1660.9,438,358,2,1660.9,Churned,1660.9
12968,2011-08-19 15:44:00,2011-08-19 15:44:00,1,135.95,73,112,1,135.95,Churned,135.95
12970,2011-01-21 14:04:00,2011-12-02 14:30:00,4,452.24,310,7,4,452.24,Active,452.24
12971,2010-12-02 16:42:00,2011-12-06 12:20:00,86,11189.91,9289,4,86,11189.91,Active,11189.91
12974,2011-05-26 09:33:00,2011-05-26 09:33:00,1,144.8,24,198,1,144.8,Churned,144.8
12976,2011-05-12 09:55:00,2011-05-12 09:55:00,1,738.6,561,212,1,738.6,Churned,738.6
12977,2011-07-06 16:40:00,2011-07-06 16:40:00,1,39.239999999999995,12,156,1,39.239999999999995,Churned,39.239999999999995
12980,2010-12-16 11:36:00,2011-07-05 09:34:00,9,7374.900000000001,886,158,9,7374.900000000001,Churned,7374.900000000001
12981,2011-07-29 14:14:00,2011-11-10 12:00:00,2,372.21999999999997,242,30,2,372.21999999999997,Active,372.21999999999997
12982,2011-04-11 11:51:00,2011-04-11 11:51:00,1,390.54,288,243,1,390.54,Churned,390.54
12984,2011-11-21 12:37:00,2011-11-21 12:37:00,1,97.5,26,19,1,97.5,Active,97.5
12985,2011-11-11 12:44:00,2011-12-09 10:46:00,2,1239.38,1533,1,2,1239.38,Active,1239.38
12987,2011-05-26 12:00:00,2011-09-27 12:03:00,2,558.7,219,74,2,558.7,At Risk,558.7
12988,2011-02-20 14:31:00,2011-02-20 14:31:00,1,535.32,136,292,1,535.32,Churned,535.32
12989,2010-12-10 13:24:00,2011-12-06 15:28:00,15,6924.11,2943,3,15,6924.11,Active,6924.11
12990,2011-02-02 15:39:00,2011-11-08 13:01:00,3,409.5,200,31,3,409.5,At Risk,409.5
12991,2011-08-19 14:39:00,2011-11-16 15:34:00,2,503.76,405,23,2,503.76,Active,503.76
12993,2011-02-14 14:29:00,2011-11-16 15:49:00,4,414.76,240,23,4,414.76,Active,414.76
12994,2011-03-16 08:31:00,2011-12-05 15:43:00,3,974.42,459,4,3,974.42,Active,974.42
12995,2011-09-15 15:44:00,2011-09-15 15:44:00,1,211.32,108,85,1,211.32,At Risk,211.32
12997,2011-01-26 15:49:00,2011-11-17 15:47:00,4,1226.89,664,22,4,1226.89,Active,1226.89
12999,2011-04-08 10:26:00,2011-05-27 13:24:00,3,455.88,342,196,3,455.88,Churned,455.88
13000,2010-12-10 10:26:00,2011-08-25 10:43:00,3,534.85,379,107,3,534.85,Churned,534.85
13001,2011-01-17 12:45:00,2011-12-05 14:51:00,13,9818.82,5505,4,13,9818.82,Active,9818.82
13002,2011-01-25 15:18:00,2011-01-25 15:18:00,1,120.95,73,318,1,120.95,Churned,120.95
13003,2011-05-09 08:23:00,2011-08-26 10:50:00,3,149.05,103,106,3,149.05,Churned,149.05
13004,2010-12-17 08:20:00,2011-11-28 11:27:00,18,5655.91,4822,12,18,5655.91,Active,5655.91
13005,2011-04-07 13:32:00,2011-06-19 10:53:00,2,513.7,172,174,2,513.7,Churned,513.7
13006,2011-10-14 13:49:00,2011-10-14 13:49:00,1,81.57,55,56,1,81.57,At Risk,81.57
13008,2011-01-20 14:24:00,2011-01-20 14:24:00,1,229.47,175,323,1,229.47,Churned,229.47
13011,2010-12-02 17:22:00,2010-12-02 17:22:00,1,50.550000000000004,13,372,1,50.550000000000004,Churned,50.550000000000004
13012,2011-02-18 09:43:00,2011-11-30 13:05:00,8,1661.8400000000001,824,9,8,1661.8400000000001,Active,1661.8400000000001
13013,2010-12-03 12:28:00,2011-12-08 15:01:00,13,4810.9400000000005,2224,1,13,4810.9400000000005,Active,4810.9400000000005
13014,2011-03-03 18:28:00,2011-11-29 12:27:00,10,3466.28,905,11,10,3466.28,Active,3466.28
13015,2011-04-04 14:28:00,2011-10-17 13:19:00,5,3346.28,1617,53,5,3346.28,At Risk,3346.28
13016,2011-08-08 15:00:00,2011-09-27 14:08:00,3,789.89,527,73,3,789.89,At Risk,789.89
13017,2011-12-02 15:53:00,2011-12-02 15:53:00,1,204.0,48,7,1,204.0,Active,204.0
13018,2011-02-17 11:05:00,2011-11-23 13:28:00,28,7277.7,5435,16,28,7277.7,Active,7277.7
13021,2010-12-16 10:12:00,2011-12-05 16:37:00,9,2616.38,1352,4,9,2616.38,Active,2616.38
13023,2011-08-02 09:34:00,2011-10-06 16:27:00,2,689.9,286,64,2,689.9,At Risk,689.9
13026,2011-03-09 11:35:00,2011-12-08 16:58:00,5,975.36,1620,1,5,975.36,Active,975.36
13027,2010-12-20 12:45:00,2011-08-18 09:39:00,6,6912.0,17280,114,6,6912.0,Churned,6912.0
13028,2011-10-25 14:09:00,2011-11-17 11:10:00,2,661.3199999999999,798,23,2,661.3199999999999,Active,661.3199999999999
13029,2010-12-21 13:53:00,2011-11-09 09:13:00,3,1247.5,134,31,3,1247.5,At Risk,1247.5
13030,2010-12-06 14:31:00,2011-11-28 14:30:00,2,799.48,394,11,2,799.48,Active,799.48
13032,2011-09-13 16:40:00,2011-10-18 15:54:00,2,1010.1800000000001,375,52,2,1010.1800000000001,At Risk,1010.1800000000001
13033,2010-12-17 14:23:00,2010-12-17 14:23:00,1,190.55,83,357,1,190.55,Churned,190.55
13034,2010-12-05 14:52:00,2011-10-16 12:21:00,2,642.77,369,55,2,642.77,At Risk,642.77
13035,2011-03-24 09:21:00,2011-09-27 08:57:00,2,921.88,644,74,2,921.88,At Risk,921.88
13037,2011-03-28 15:42:00,2011-07-24 15:46:00,3,881.07,431,138,3,881.07,Churned,881.07
13038,2011-02-22 11:43:00,2011-09-20 14:37:00,3,908.46,360,80,3,908.46,At Risk,908.46
13040,2011-11-06 13:53:00,2011-12-01 10:38:00,2,676.99,355,9,2,676.99,Active,676.99
13043,2011-03-11 14:52:00,2011-03-11 14:52:00,1,516.42,254,273,1,516.42,Churned,516.42
13044,2011-02-21 15:20:00,2011-02-21 15:20:00,1,560.47,429,291,1,560.47,Churned,560.47
13045,2011-09-01 15:04:00,2011-09-01 15:04:00,1,305.28000000000003,221,99,1,305.28000000000003,Churned,305.28000000000003
13046,2011-03-18 15:43:00,2011-11-09 08:36:00,2,629.31,264,31,2,629.31,At Risk,629.31
13047,2010-12-01 08:34:00,2011-11-08 12:06:00,10,3237.54,1391,32,10,3237.54,At Risk,3237.54
13048,2011-01-16 14:36:00,2011-11-25 13:23:00,4,1835.91,1238,14,4,1835.91,Active,1835.91
13049,2011-01-25 16:33:00,2011-10-06 15:31:00,2,656.6800000000001,268,64,2,656.6800000000001,At Risk,656.6800000000001
13050,2010-12-08 09:30:00,2011-11-25 09:18:00,17,5836.86,3748,15,17,5836.86,Active,5836.86
13052,2011-05-11 14:12:00,2011-05-11 14:12:00,1,348.15000000000003,222,212,1,348.15000000000003,Churned,348.15000000000003
13055,2011-05-10 08:58:00,2011-09-22 14:26:00,3,1214.41,894,78,3,1214.41,At Risk,1214.41
13058,2011-07-11 12:01:00,2011-11-15 12:43:00,3,271.40000000000003,52,25,3,271.40000000000003,Active,271.40000000000003
13059,2011-04-04 10:40:00,2011-04-04 10:40:00,1,183.4,35,250,1,183.4,Churned,183.4
13060,2011-03-31 11:37:00,2011-03-31 11:37:00,1,307.53000000000003,123,254,1,307.53000000000003,Churned,307.53000000000003
13061,2011-09-28 16:04:00,2011-09-28 16:04:00,1,248.61,107,72,1,248.61,At Risk,248.61
13062,2011-06-01 15:12:00,2011-06-01 15:12:00,1,346.98,343,191,1,346.98,Churned,346.98
13064,2011-01-16 13:41:00,2011-11-27 12:31:00,4,1119.49,516,13,4,1119.49,Active,1119.49
13065,2010-12-01 16:52:00,2010-12-01 16:52:00,1,205.86,74,373,1,205.86,Churned,205.86
13066,2011-11-07 17:06:00,2011-11-15 12:57:00,2,470.8,322,24,2,470.8,Active,470.8
13067,2011-09-18 13:38:00,2011-09-18 13:38:00,1,115.46000000000001,32,82,1,115.46000000000001,At Risk,115.46000000000001
13068,2011-01-24 08:20:00,2011-11-29 15:00:00,2,344.0,200,10,2,344.0,Active,344.0
13069,2010-12-05 11:02:00,2011-12-09 08:39:00,24,4436.12,5885,1,24,4436.12,Active,4436.12
13070,2011-05-31 13:45:00,2011-05-31 13:45:00,1,228.8,110,192,1,228.8,Churned,228.8
13072,2011-03-18 08:12:00,2011-03-18 08:12:00,1,177.15,69,267,1,177.15,Churned,177.15
13075,2011-08-02 10:19:00,2011-08-02 10:19:00,1,919.61,485,130,1,919.61,Churned,919.61
13077,2010-12-08 14:59:00,2011-12-08 19:24:00,4,729.27,863,1,4,729.27,Active,729.27
13078,2010-12-08 09:07:00,2011-12-06 15:36:00,26,12627.94,5630,3,26,12627.94,Active,12627.94
13079,2011-07-22 14:41:00,2011-12-05 16:53:00,5,220.10000000000002,62,4,5,220.10000000000002,Active,220.10000000000002
13080,2011-06-13 14:59:00,2011-06-13 14:59:00,1,58.08,120,179,1,58.08,Churned,58.08
13081,2010-12-03 17:20:00,2011-11-28 10:54:00,11,28337.38,19068,12,11,28337.38,Active,28337.38
13082,2011-01-05 15:42:00,2011-08-05 16:16:00,9,3613.63,4324,126,9,3613.63,Churned,3613.63
13083,2011-09-25 10:46:00,2011-12-05 15:01:00,2,303.75,187,4,2,303.75,Active,303.75
13085,2011-02-17 13:57:00,2011-07-05 12:11:00,2,416.08,216,158,2,416.08,Churned,416.08
13089,2010-12-05 10:27:00,2011-12-07 09:02:00,97,58825.83,31070,3,97,58825.83,Active,58825.83
13090,2010-12-02 07:48:00,2011-12-01 12:39:00,14,8910.82,2263,9,14,8910.82,Active,8910.82
13091,2011-11-11 15:54:00,2011-11-11 15:54:00,1,345.82,466,28,1,345.82,Active,345.82
13092,2010-12-15 12:27:00,2011-09-30 11:18:00,5,477.83,279,71,5,477.83,At Risk,477.83
13093,2010-12-01 15:00:00,2011-03-09 12:14:00,8,7832.47,3961,276,8,7832.47,Churned,7832.47
13094,2010-12-06 10:34:00,2011-11-18 14:07:00,12,1927.3200000000002,1716,21,12,1927.3200000000002,Active,1927.3200000000002
13095,2011-09-30 12:03:00,2011-09-30 12:03:00,1,74.39999999999999,144,71,1,74.39999999999999,At Risk,74.39999999999999
13097,2010-12-14 15:13:00,2011-11-07 10:43:00,10,6010.42,2363,33,10,6010.42,At Risk,6010.42
13098,2011-01-26 13:46:00,2011-12-08 14:14:00,28,28882.44,15968,1,28,28882.44,Active,28882.44
13099,2011-09-01 17:40:00,2011-09-01 17:40:00,1,207.36,288,99,1,207.36,Churned,207.36
13101,2011-04-19 14:37:00,2011-04-19 14:37:00,1,101.19,113,234,1,101.19,Churned,101.19
13102,2010-12-09 13:38:00,2011-12-08 12:52:00,24,6424.09,4204,1,24,6424.09,Active,6424.09
13103,2011-10-31 09:38:00,2011-10-31 09:38:00,1,243.94,82,40,1,243.94,At Risk,243.94
13104,2010-12-20 11:58:00,2011-12-06 13:10:00,6,1098.48,504,3,6,1098.48,Active,1098.48
13106,2011-07-29 15:12:00,2011-07-29 15:12:00,1,76.5,18,133,1,76.5,Churned,76.5
13107,2011-01-10 12:28:00,2011-10-26 14:52:00,4,1531.6200000000001,1293,44,4,1531.6200000000001,At Risk,1531.6200000000001
13108,2010-12-02 10:35:00,2010-12-02 10:35:00,1,350.06,298,373,1,350.06,Churned,350.06
13109,2011-07-05 14:56:00,2011-10-11 10:16:00,2,786.54,520,60,2,786.54,At Risk,786.54
13110,2011-02-01 15:24:00,2011-11-08 14:30:00,7,1488.67,388,31,7,1488.67,At Risk,1488.67
13113,2010-12-08 13:21:00,2011-12-09 12:49:00,24,12245.960000000001,3045,1,24,12245.960000000001,Active,12245.960000000001
13115,2011-06-08 16:15:00,2011-11-28 12:38:00,4,2294.78,1567,12,4,2294.78,Active,2294.78
13116,2011-07-24 14:33:00,2011-07-24 14:33:00,1,501.14,291,138,1,501.14,Churned,501.14
13117,2010-12-02 13:11:00,2011-11-18 12:02:00,8,984.91,945,22,8,984.91,Active,984.91
13118,2011-02-24 12:32:00,2011-11-20 12:46:00,5,1197.81,410,20,5,1197.81,Active,1197.81
13120,2011-04-15 10:19:00,2011-04-15 10:19:00,1,30.6,12,239,1,30.6,Churned,30.6
13121,2011-03-15 16:47:00,2011-03-15 16:47:00,1,283.73,252,269,1,283.73,Churned,283.73
13122,2011-04-13 14:12:00,2011-09-06 15:53:00,2,922.39,585,94,2,922.39,Churned,922.39
13124,2010-12-15 15:00:00,2011-09-11 12:45:00,3,3866.33,2147,90,3,3866.33,At Risk,3866.33
13126,2010-12-08 11:42:00,2011-12-05 10:00:00,8,2099.64,2143,5,8,2099.64,Active,2099.64
13127,2011-09-23 10:26:00,2011-09-23 10:26:00,1,259.17,127,78,1,259.17,At Risk,259.17
13130,2011-09-06 15:30:00,2011-09-06 15:30:00,1,64.0,32,94,1,64.0,Churned,64.0
13131,2011-06-05 10:54:00,2011-11-16 13:21:00,3,1073.3,447,23,3,1073.3,Active,1073.3
13132,2011-03-23 12:44:00,2011-03-23 12:44:00,1,77.3,20,262,1,77.3,Churned,77.3
13133,2011-02-08 15:48:00,2011-03-11 10:31:00,2,109.8,32,274,2,109.8,Churned,109.8
13134,2011-04-13 12:57:00,2011-09-15 10:35:00,4,1793.58,1059,86,4,1793.58,At Risk,1793.58
13135,2011-05-27 10:52:00,2011-05-27 10:52:00,1,3096.0,4300,197,1,3096.0,Churned,3096.0
13136,2011-05-11 12:47:00,2011-10-14 13:41:00,5,2607.61,1328,56,5,2607.61,At Risk,2607.61
13137,2011-02-04 11:54:00,2011-11-29 12:09:00,8,3650.41,2226,11,8,3650.41,Active,3650.41
13138,2010-12-02 15:03:00,2011-11-17 16:51:00,6,962.39,473,22,6,962.39,Active,962.39
13139,2011-03-25 11:57:00,2011-11-23 13:54:00,7,5064.9400000000005,2425,16,7,5064.9400000000005,Active,5064.9400000000005
13140,2010-12-08 15:12:00,2011-08-23 15:33:00,3,423.72,186,108,3,423.72,Churned,423.72
13141,2011-01-28 13:04:00,2011-09-16 09:54:00,5,2388.75,1548,85,5,2388.75,At Risk,2388.75
13142,2011-11-20 16:07:00,2011-11-20 16:07:00,1,307.09000000000003,258,19,1,307.09000000000003,Active,307.09000000000003
13144,2011-01-11 11:15:00,2011-01-11 11:15:00,1,110.95,21,333,1,110.95,Churned,110.95
13145,2010-12-02 18:06:00,2011-10-31 12:45:00,4,618.52,145,40,4,618.52,At Risk,618.52
13146,2011-11-13 15:29:00,2011-11-13 15:29:00,1,228.91,154,26,1,228.91,Active,228.91
13147,2011-09-01 12:28:00,2011-11-29 13:59:00,4,712.8,144,10,4,712.8,Active,712.8
13148,2010-12-10 13:06:00,2011-11-10 15:23:00,12,3707.12,1975,29,12,3707.12,Active,3707.12
13149,2011-02-23 13:57:00,2011-11-25 13:09:00,4,1676.06,1280,14,4,1676.06,Active,1676.06
13151,2011-02-17 12:29:00,2011-02-17 12:29:00,1,1257.8700000000001,363,296,1,1257.8700000000001,Churned,1257.8700000000001
13153,2011-12-04 12:14:00,2011-12-04 12:14:00,1,486.22,418,6,1,486.22,Active,486.22
13155,2010-12-06 12:44:00,2011-11-06 15:41:00,4,971.76,497,33,4,971.76,At Risk,971.76
13157,2011-02-14 14:03:00,2011-10-21 13:50:00,4,1741.22,1439,49,4,1741.22,At Risk,1741.22
13158,2011-01-25 09:58:00,2011-09-06 11:58:00,4,1201.06,784,95,4,1201.06,Churned,1201.06
13159,2011-08-16 11:44:00,2011-12-01 11:20:00,4,1437.85,1059,9,4,1437.85,Active,1437.85
13160,2011-11-17 13:07:00,2011-11-17 13:07:00,1,91.8,56,22,1,91.8,Active,91.8
13161,2011-01-30 14:03:00,2011-01-30 14:03:00,1,112.75,29,313,1,112.75,Churned,112.75
13162,2011-01-09 10:43:00,2011-08-09 15:59:00,4,1688.29,1713,122,4,1688.29,Churned,1688.29
13165,2010-12-23 14:06:00,2011-10-24 15:05:00,2,1021.48,1376,46,2,1021.48,At Risk,1021.48
13166,2011-03-01 15:16:00,2011-03-01 15:16:00,1,417.2,216,283,1,417.2,Churned,417.2
13167,2011-07-19 12:13:00,2011-11-21 12:24:00,4,791.33,785,19,4,791.33,Active,791.33
13168,2011-01-25 13:55:00,2011-11-03 12:56:00,4,1319.19,682,36,4,1319.19,At Risk,1319.19
13169,2011-04-01 14:24:00,2011-10-07 12:11:00,2,712.88,272,64,2,712.88,At Risk,712.88
13170,2011-11-13 12:19:00,2011-11-13 12:19:00,1,116.00999999999999,147,27,1,116.00999999999999,Active,116.00999999999999
13171,2011-02-13 14:16:00,2011-11-18 10:27:00,3,468.41,229,22,3,468.41,Active,468.41
13173,2010-12-07 14:30:00,2011-12-05 15:51:00,2,353.65000000000003,277,4,2,353.65000000000003,Active,353.65000000000003
13174,2010-12-05 16:24:00,2011-11-23 14:35:00,3,2817.03,1395,16,3,2817.03,Active,2817.03
13176,2011-10-24 15:43:00,2011-10-24 15:43:00,1,492.84,453,46,1,492.84,At Risk,492.84
13177,2011-10-06 09:56:00,2011-10-06 09:56:00,1,282.45,91,65,1,282.45,At Risk,282.45
13178,2010-12-14 12:22:00,2011-11-13 16:14:00,11,5725.47,3570,26,11,5725.47,Active,5725.47
13182,2011-10-25 13:46:00,2011-10-25 13:46:00,1,121.18,201,45,1,121.18,At Risk,121.18
13183,2011-01-09 10:50:00,2011-12-02 10:30:00,9,3957.78,2208,8,9,3957.78,Active,3957.78
13184,2011-02-22 17:25:00,2011-11-25 12:02:00,10,1701.29,1692,15,10,1701.29,Active,1701.29
13185,2011-03-17 11:56:00,2011-03-17 11:56:00,1,71.4,12,268,1,71.4,Churned,71.4
13186,2011-08-03 09:09:00,2011-10-31 11:40:00,3,1575.89,820,40,3,1575.89,At Risk,1575.89
13187,2011-01-06 18:57:00,2011-01-06 18:57:00,1,236.02,95,337,1,236.02,Churned,236.02
13188,2011-11-28 15:28:00,2011-11-28 15:28:00,1,114.6,25,11,1,114.6,Active,114.6
13189,2011-08-16 13:12:00,2011-11-21 10:39:00,2,260.68,842,19,2,260.68,Active,260.68
13192,2011-05-18 14:57:00,2011-09-05 14:13:00,2,911.94,595,95,2,911.94,Churned,911.94
13193,2011-10-09 14:30:00,2011-10-09 14:30:00,1,117.88,50,61,1,117.88,At Risk,117.88
13194,2011-07-27 09:01:00,2011-07-27 09:01:00,1,60.7,26,136,1,60.7,Churned,60.7
13196,2011-03-22 14:24:00,2011-11-28 13:54:00,4,1797.78,1224,11,4,1797.78,Active,1797.78
13198,2010-12-13 09:29:00,2011-11-29 15:17:00,6,3401.2400000000002,2648,10,6,3401.2400000000002,Active,3401.2400000000002
13199,2010-12-08 10:51:00,2011-12-06 12:30:00,38,9817.12,6176,4,38,9817.12,Active,9817.12
13200,2011-08-05 14:50:00,2011-11-20 15:35:00,4,870.09,516,19,4,870.09,Active,870.09
13203,2011-04-11 14:40:00,2011-11-30 10:45:00,4,869.46,800,10,4,869.46,Active,869.46
13207,2011-07-12 11:35:00,2011-11-24 14:52:00,2,250.26000000000002,130,15,2,250.26000000000002,Active,250.26000000000002
13208,2011-02-03 19:32:00,2011-10-12 09:54:00,6,1223.9,804,59,6,1223.9,At Risk,1223.9
13209,2010-12-13 10:31:00,2011-11-09 13:54:00,8,5891.61,4253,30,8,5891.61,Active,5891.61
13210,2011-09-07 08:18:00,2011-09-07 08:18:00,1,353.48,316,94,1,353.48,Churned,353.48
13211,2010-12-13 16:17:00,2011-11-29 14:43:00,3,1197.42,874,10,3,1197.42,Active,1197.42
13212,2011-10-09 14:48:00,2011-11-20 12:40:00,3,788.08,310,20,3,788.08,Active,788.08
13213,2011-05-24 12:22:00,2011-10-14 11:42:00,5,1520.58,1360,57,5,1520.58,At Risk,1520.58
13216,2011-03-17 12:18:00,2011-03-17 12:18:00,1,333.74,297,268,1,333.74,Churned,333.74
13217,2011-07-06 12:08:00,2011-08-09 15:32:00,3,533.98,262,122,3,533.98,Churned,533.98
13218,2011-08-04 16:59:00,2011-08-04 16:59:00,1,62.64,88,127,1,62.64,Churned,62.64
13220,2011-04-17 10:59:00,2011-09-22 13:38:00,4,819.2900000000001,196,78,4,819.2900000000001,At Risk,819.2900000000001
13221,2010-12-15 13:24:00,2011-04-13 16:58:00,2,847.41,244,240,2,847.41,Churned,847.41
13223,2011-04-21 15:16:00,2011-05-23 13:03:00,2,163.2,88,200,2,163.2,Churned,163.2
13224,2011-07-11 14:10:00,2011-10-10 14:55:00,2,2155.95,1518,60,2,2155.95,At Risk,2155.95
13225,2010-12-13 09:49:00,2011-12-06 13:29:00,7,6463.84,3416,3,7,6463.84,Active,6463.84
13226,2011-03-11 14:35:00,2011-03-11 14:35:00,1,108.21000000000001,80,273,1,108.21000000000001,Churned,108.21000000000001
13227,2011-05-22 11:47:00,2011-05-22 11:47:00,1,257.7,99,202,1,257.7,Churned,257.7
13228,2011-09-19 14:28:00,2011-09-19 14:28:00,1,358.0,200,81,1,358.0,At Risk,358.0
13229,2011-04-28 12:07:00,2011-04-28 12:07:00,1,160.95,63,226,1,160.95,Churned,160.95
13230,2010-12-09 19:28:00,2011-12-05 16:03:00,14,2806.97,1665,4,14,2806.97,Active,2806.97
13232,2011-04-10 13:48:00,2011-11-27 10:39:00,7,1357.6,778,13,7,1357.6,Active,1357.6
13233,2011-01-07 14:49:00,2011-09-26 13:25:00,2,605.12,1004,74,2,605.12,At Risk,605.12
13235,2011-05-11 17:13:00,2011-05-11 17:13:00,1,1031.07,441,212,1,1031.07,Churned,1031.07
13236,2011-08-25 08:58:00,2011-11-15 12:50:00,2,744.85,416,25,2,744.85,Active,744.85
13238,2010-12-14 14:37:00,2011-11-22 15:37:00,4,700.73,298,17,4,700.73,Active,700.73
13239,2011-03-23 10:25:00,2011-03-23 10:25:00,1,329.56,327,262,1,329.56,Churned,329.56
13240,2010-12-09 12:49:00,2011-09-04 14:08:00,4,663.65,298,96,4,663.65,Churned,663.65
13242,2011-05-10 12:26:00,2011-08-19 12:53:00,3,270.40000000000003,130,112,3,270.40000000000003,Churned,270.40000000000003
13243,2011-05-20 13:14:00,2011-05-20 13:14:00,1,600.07,233,203,1,600.07,Churned,600.07
13244,2011-09-08 11:46:00,2011-09-08 11:46:00,1,121.74000000000001,38,93,1,121.74000000000001,Churned,121.74000000000001
13245,2011-10-20 11:40:00,2011-10-20 11:40:00,1,430.5,125,51,1,430.5,At Risk,430.5
13246,2011-01-13 13:36:00,2011-11-21 16:50:00,6,1987.3,1602,18,6,1987.3,Active,1987.3
13247,2011-09-18 11:31:00,2011-11-22 10:59:00,4,501.12,328,18,4,501.12,Active,501.12
13248,2011-06-03 13:05:00,2011-08-07 12:40:00,2,465.68,305,125,2,465.68,Churned,465.68
13249,2011-03-23 15:26:00,2011-09-08 13:26:00,3,711.41,546,92,3,711.41,Churned,711.41
13253,2011-01-04 15:43:00,2011-07-06 10:09:00,2,1030.4,1572,157,2,1030.4,Churned,1030.4
13255,2010-12-01 11:58:00,2011-11-30 13:14:00,2,399.51,177,9,2,399.51,Active,399.51
13258,2011-05-18 13:11:00,2011-11-28 09:31:00,3,698.5799999999999,287,12,3,698.5799999999999,Active,698.5799999999999
13259,2011-10-09 10:48:00,2011-10-09 10:48:00,1,292.32,132,62,1,292.32,At Risk,292.32
13260,2011-10-09 13:21:00,2011-10-09 13:21:00,1,557.62,142,61,1,557.62,At Risk,557.62
13261,2011-02-27 10:41:00,2011-03-16 12:22:00,2,944.1,210,269,2,944.1,Churned,944.1
13262,2011-03-21 15:06:00,2011-03-21 15:06:00,1,200.29,125,263,1,200.29,Churned,200.29
13263,2011-01-18 16:31:00,2011-12-08 13:59:00,35,7454.07,4780,1,35,7454.07,Active,7454.07
13265,2011-03-11 09:54:00,2011-10-17 15:02:00,5,2107.66,1752,53,5,2107.66,At Risk,2107.66
13266,2011-03-28 10:14:00,2011-11-28 14:39:00,12,3834.2599999999998,4428,11,12,3834.2599999999998,Active,3834.2599999999998
13267,2010-12-08 09:20:00,2011-12-07 11:12:00,19,4521.49,1969,3,19,4521.49,Active,4521.49
13268,2011-03-17 13:20:00,2011-11-22 11:51:00,11,3214.69,3658,18,11,3214.69,Active,3214.69
13269,2010-12-05 11:51:00,2011-12-08 14:53:00,15,5346.2300000000005,3514,1,15,5346.2300000000005,Active,5346.2300000000005
13270,2010-12-08 14:53:00,2010-12-08 14:53:00,1,590.0,200,366,1,590.0,Churned,590.0
13271,2011-11-02 14:31:00,2011-11-02 14:31:00,1,217.38,253,37,1,217.38,At Risk,217.38
13272,2011-09-11 12:06:00,2011-11-08 14:00:00,2,276.56,96,31,2,276.56,At Risk,276.56
13273,2011-08-18 14:02:00,2011-08-18 14:02:00,1,138.98,153,113,1,138.98,Churned,138.98
13276,2011-09-01 10:03:00,2011-10-07 12:44:00,2,590.9300000000001,161,64,2,590.9300000000001,At Risk,590.9300000000001
13277,2011-07-29 10:06:00,2011-11-24 09:21:00,4,258.4,176,16,4,258.4,Active,258.4
13278,2011-10-30 11:49:00,2011-10-30 11:49:00,1,542.73,537,41,1,542.73,At Risk,542.73
13279,2011-09-22 17:24:00,2011-09-22 17:24:00,1,137.75,73,78,1,137.75,At Risk,137.75
13280,2011-01-06 17:10:00,2011-08-09 13:14:00,3,814.86,522,122,3,814.86,Churned,814.86
13282,2011-05-03 12:03:00,2011-11-21 15:33:00,3,1132.14,307,18,3,1132.14,Active,1132.14
13283,2011-06-07 12:39:00,2011-10-11 09:50:00,2,93.66,90,60,2,93.66,At Risk,93.66
13284,2011-01-13 09:23:00,2011-01-13 09:23:00,1,201.19,91,331,1,201.19,Churned,201.19
13285,2011-02-22 17:13:00,2011-11-16 13:19:00,4,2709.12,2051,23,4,2709.12,Active,2709.12
13291,2011-07-07 10:36:00,2011-07-07 10:36:00,1,361.11,233,156,1,361.11,Churned,361.11
13292,2011-02-28 15:00:00,2011-11-01 10:04:00,2,578.94,347,39,2,578.94,At Risk,578.94
13294,2011-04-04 12:37:00,2011-06-03 08:54:00,2,873.74,453,190,2,873.74,Churned,873.74
13295,2010-12-15 11:21:00,2010-12-15 11:21:00,1,201.20000000000002,82,360,1,201.20000000000002,Churned,201.20000000000002
13296,2011-07-25 13:46:00,2011-07-25 13:46:00,1,87.4,78,137,1,87.4,Churned,87.4
13297,2011-10-03 15:08:00,2011-12-02 09:32:00,4,2089.85,963,8,4,2089.85,Active,2089.85
13298,2011-12-08 13:11:00,2011-12-08 13:11:00,1,360.0,96,1,1,360.0,Active,360.0
13299,2011-03-16 12:55:00,2011-03-16 12:55:00,1,142.5,30,268,1,142.5,Churned,142.5
13300,2011-06-23 13:09:00,2011-06-23 13:09:00,1,371.89,203,169,1,371.89,Churned,371.89
13301,2011-02-20 13:13:00,2011-08-28 11:25:00,4,618.09,345,104,4,618.09,Churned,618.09
13302,2011-07-07 17:56:00,2011-07-07 17:56:00,1,63.75,5,155,1,63.75,Churned,63.75
13304,2010-12-23 14:35:00,2010-12-23 14:35:00,1,300.42,238,351,1,300.42,Churned,300.42
13305,2010-12-02 12:10:00,2011-12-05 15:15:00,10,2000.86,1232,4,10,2000.86,Active,2000.86
13307,2011-08-11 17:14:00,2011-08-11 17:14:00,1,15.0,4,120,1,15.0,Churned,15.0
13308,2011-05-20 13:13:00,2011-11-17 09:31:00,3,1385.51,843,23,3,1385.51,Active,1385.51
13309,2011-02-04 12:29:00,2011-12-02 16:34:00,5,1456.79,1544,7,5,1456.79,Active,1456.79
13310,2011-01-19 14:50:00,2011-11-11 17:23:00,3,1132.03,587,28,3,1132.03,Active,1132.03
13311,2011-07-12 14:26:00,2011-12-05 12:55:00,2,598.57,305,4,2,598.57,Active,598.57
13313,2011-01-04 10:00:00,2011-11-17 16:48:00,5,1555.3200000000002,851,22,5,1555.3200000000002,Active,1555.3200000000002
13314,2011-09-27 10:20:00,2011-12-08 12:29:00,3,775.94,560,2,3,775.94,Active,775.94
13316,2011-03-30 13:01:00,2011-11-02 13:40:00,4,5977.73,6948,37,4,5977.73,At Risk,5977.73
13317,2010-12-16 09:22:00,2011-10-04 13:35:00,6,2273.68,1035,66,6,2273.68,At Risk,2273.68
13318,2011-11-02 13:26:00,2011-12-08 18:51:00,3,640.76,304,1,3,640.76,Active,640.76
13319,2010-12-09 10:04:00,2011-12-04 13:34:00,26,10845.550000000001,4724,5,26,10845.550000000001,Active,10845.550000000001
13320,2011-05-10 10:29:00,2011-09-22 18:07:00,4,1548.7,1096,78,4,1548.7,At Risk,1548.7
13321,2011-09-14 15:18:00,2011-09-28 15:24:00,2,567.36,372,72,2,567.36,At Risk,567.36
13322,2011-11-22 14:21:00,2011-11-22 14:21:00,1,199.48000000000002,117,17,1,199.48000000000002,Active,199.48000000000002
13323,2011-09-16 13:23:00,2011-12-06 17:12:00,5,787.85,175,3,5,787.85,Active,787.85
13324,2010-12-14 09:50:00,2011-11-03 16:28:00,10,7121.95,5205,36,10,7121.95,At Risk,7121.95
13325,2011-09-19 10:36:00,2011-09-19 10:36:00,1,675.3,240,82,1,675.3,At Risk,675.3
13327,2010-12-09 15:32:00,2011-11-01 10:21:00,8,3627.77,1600,39,8,3627.77,At Risk,3627.77
13328,2011-01-27 15:22:00,2011-01-27 15:22:00,1,1308.48,680,316,1,1308.48,Churned,1308.48
13329,2010-12-08 10:11:00,2011-11-08 10:29:00,2,789.0,463,32,2,789.0,At Risk,789.0
13330,2011-01-28 10:08:00,2011-09-08 12:27:00,3,1140.93,751,93,3,1140.93,Churned,1140.93
13332,2011-11-25 13:30:00,2011-11-25 13:30:00,1,350.90000000000003,179,14,1,350.90000000000003,Active,350.90000000000003
13334,2011-02-07 11:42:00,2011-09-18 15:21:00,3,3536.82,1774,82,3,3536.82,At Risk,3536.82
13336,2011-09-23 14:05:00,2011-09-23 14:05:00,1,795.12,559,77,1,795.12,At Risk,795.12
13338,2011-07-05 09:06:00,2011-07-05 09:06:00,1,487.02,256,158,1,487.02,Churned,487.02
13339,2011-05-23 08:31:00,2011-05-23 08:31:00,1,860.12,326,201,1,860.12,Churned,860.12
13340,2011-03-08 11:39:00,2011-10-25 13:15:00,7,10736.48,5770,45,7,10736.48,At Risk,10736.48
13341,2011-03-24 09:50:00,2011-03-24 09:50:00,1,775.85,301,261,1,775.85,Churned,775.85
13343,2011-06-15 12:24:00,2011-06-15 12:24:00,1,353.43,135,178,1,353.43,Churned,353.43
13344,2011-03-07 10:28:00,2011-10-03 09:45:00,3,2543.7200000000003,971,68,3,2543.7200000000003,At Risk,2543.7200000000003
13345,2011-02-25 09:01:00,2011-02-25 09:01:00,1,389.5,141,288,1,389.5,Churned,389.5
13347,2011-09-30 13:28:00,2011-09-30 13:28:00,1,341.36,205,70,1,341.36,At Risk,341.36
13348,2011-10-06 17:28:00,2011-10-06 17:28:00,1,233.76000000000002,136,64,1,233.76000000000002,At Risk,233.76000000000002
13349,2011-11-29 08:07:00,2011-11-29 08:07:00,1,247.32,225,11,1,247.32,Active,247.32
13350,2011-09-21 13:33:00,2011-11-23 16:33:00,2,979.12,287,16,2,979.12,Active,979.12
13351,2011-10-04 12:55:00,2011-10-04 12:55:00,1,373.94,117,66,1,373.94,At Risk,373.94
13352,2011-10-10 13:55:00,2011-10-10 13:55:00,1,397.98,321,60,1,397.98,At Risk,397.98
13354,2011-09-29 13:17:00,2011-09-29 13:17:00,1,743.53,604,71,1,743.53,At Risk,743.53
13355,2011-08-09 14:48:00,2011-08-09 14:48:00,1,674.7,314,122,1,674.7,Churned,674.7
13356,2011-09-20 14:33:00,2011-09-20 14:33:00,1,768.24,325,80,1,768.24,At Risk,768.24
13357,2011-03-27 13:56:00,2011-03-27 13:56:00,1,609.95,322,257,1,609.95,Churned,609.95
13358,2011-03-16 11:52:00,2011-03-16 11:52:00,1,439.03000000000003,285,269,1,439.03000000000003,Churned,439.03000000000003
13359,2011-10-07 09:30:00,2011-10-07 09:30:00,1,439.56,161,64,1,439.56,At Risk,439.56
13362,2011-02-25 11:33:00,2011-11-30 14:41:00,4,3090.7400000000002,1382,9,4,3090.7400000000002,Active,3090.7400000000002
13363,2011-10-27 10:46:00,2011-11-22 12:40:00,2,992.5,710,18,2,992.5,Active,992.5
13364,2011-09-29 18:13:00,2011-09-29 18:13:00,1,134.96,71,71,1,134.96,At Risk,134.96
13365,2011-05-06 12:00:00,2011-11-06 12:36:00,2,2225.37,1247,34,2,2225.37,At Risk,2225.37
13366,2011-10-20 13:37:00,2011-10-20 13:37:00,1,56.16,144,50,1,56.16,At Risk,56.16
13368,2011-01-06 12:32:00,2011-03-28 09:59:00,2,623.4,327,257,2,623.4,Churned,623.4
13369,2010-12-09 11:30:00,2010-12-09 11:30:00,1,308.28000000000003,149,366,1,308.28000000000003,Churned,308.28000000000003
13370,2010-12-03 10:26:00,2010-12-03 10:26:00,1,754.87,343,372,1,754.87,Churned,754.87
13372,2011-09-11 12:46:00,2011-09-11 12:46:00,1,378.64,159,90,1,378.64,At Risk,378.64
13373,2011-03-08 14:35:00,2011-10-10 10:51:00,3,3312.25,1651,61,3,3312.25,At Risk,3312.25
13375,2011-09-12 10:19:00,2011-09-12 10:19:00,1,778.65,442,89,1,778.65,At Risk,778.65
13376,2011-04-19 13:03:00,2011-09-01 16:16:00,3,1019.76,493,99,3,1019.76,Churned,1019.76
13379,2011-07-26 12:26:00,2011-11-13 13:45:00,3,572.56,601,26,3,572.56,Active,572.56
13381,2011-02-14 10:10:00,2011-11-08 11:58:00,6,3639.31,2029,32,6,3639.31,At Risk,3639.31
13382,2011-03-04 10:03:00,2011-03-04 10:03:00,1,222.99,131,281,1,222.99,Churned,222.99
13384,2011-06-14 12:47:00,2011-11-09 11:04:00,7,4151.93,2422,31,7,4151.93,At Risk,4151.93
13385,2011-01-14 09:52:00,2011-01-14 09:52:00,1,534.57,281,330,1,534.57,Churned,534.57
13388,2011-07-31 12:52:00,2011-07-31 12:52:00,2,677.1,282,131,2,677.1,Churned,677.1
13389,2011-04-21 12:12:00,2011-11-28 14:01:00,3,797.96,429,11,3,797.96,Active,797.96
13390,2011-09-26 08:38:00,2011-09-26 08:38:00,1,544.08,224,75,1,544.08,At Risk,544.08
13391,2011-05-20 10:50:00,2011-05-20 10:50:00,1,59.8,4,204,1,59.8,Churned,59.8
13394,2011-02-03 10:39:00,2011-12-08 11:36:00,8,2520.02,2392,2,8,2520.02,Active,2520.02
13395,2011-06-07 15:04:00,2011-06-07 15:04:00,1,307.72,336,185,1,307.72,Churned,307.72
13396,2011-01-24 13:37:00,2011-11-10 16:59:00,2,1360.99,600,29,2,1360.99,Active,1360.99
13397,2011-01-04 13:50:00,2011-09-28 10:56:00,5,1544.13,430,73,5,1544.13,At Risk,1544.13
13398,2011-05-31 13:17:00,2011-05-31 13:17:00,1,457.34000000000003,281,192,1,457.34000000000003,Churned,457.34000000000003
13402,2010-12-02 17:12:00,2011-08-04 15:51:00,2,621.23,479,127,2,621.23,Churned,621.23
13403,2011-11-22 08:28:00,2011-11-22 08:28:00,1,75.0,44,18,1,75.0,Active,75.0
13404,2011-05-11 11:57:00,2011-12-08 15:37:00,2,252.49,111,1,2,252.49,Active,252.49
13405,2011-01-26 09:27:00,2011-09-26 17:01:00,3,572.451,165,74,3,572.451,At Risk,572.451
13408,2010-12-01 10:39:00,2011-12-08 09:05:00,62,28117.04,16232,2,62,28117.04,Active,28117.04
13410,2011-02-21 14:38:00,2011-11-15 15:33:00,5,1003.06,518,24,5,1003.06,Active,1003.06
13411,2011-08-24 13:57:00,2011-08-24 13:57:00,1,213.55,72,107,1,213.55,Churned,213.55
13414,2011-02-16 12:13:00,2011-07-29 11:45:00,3,1390.5,1574,134,3,1390.5,Churned,1390.5
13416,2011-09-19 14:43:00,2011-10-27 08:56:00,2,712.5,142,44,2,712.5,At Risk,712.5
13417,2011-05-18 16:26:00,2011-12-05 08:49:00,2,640.83,162,5,2,640.83,Active,640.83
13418,2010-12-02 10:45:00,2011-11-28 10:23:00,18,6127.43,3918,12,18,6127.43,Active,6127.43
13419,2011-10-07 12:49:00,2011-10-07 12:49:00,1,221.06,275,64,1,221.06,At Risk,221.06
13420,2011-06-22 11:35:00,2011-07-13 08:48:00,2,159.85,101,150,2,159.85,Churned,159.85
13421,2011-02-22 15:46:00,2011-10-30 14:21:00,2,1851.08,1181,40,2,1851.08,At Risk,1851.08
13422,2011-10-06 13:42:00,2011-10-06 13:42:00,1,2626.3,1326,64,1,2626.3,At Risk,2626.3
13425,2011-02-18 08:34:00,2011-08-23 17:13:00,3,1624.21,1123,108,3,1624.21,Churned,1624.21
13426,2010-12-15 12:43:00,2011-12-09 08:59:00,10,3641.32,2245,1,10,3641.32,Active,3641.32
13427,2011-05-08 15:58:00,2011-11-20 13:02:00,3,582.6,545,19,3,582.6,Active,582.6
13428,2011-11-29 14:20:00,2011-11-29 14:20:00,1,218.47,156,10,1,218.47,Active,218.47
13429,2011-09-25 15:59:00,2011-11-29 09:10:00,4,1006.8,1390,11,4,1006.8,Active,1006.8
13430,2011-09-14 14:26:00,2011-11-21 08:19:00,2,679.45,751,19,2,679.45,Active,679.45
13431,2011-09-12 11:25:00,2011-10-03 13:49:00,2,1269.1,672,67,2,1269.1,At Risk,1269.1
13434,2011-09-04 10:35:00,2011-09-26 14:30:00,2,534.24,300,74,2,534.24,At Risk,534.24
13435,2011-06-03 17:07:00,2011-12-04 14:45:00,7,3809.89,2129,5,7,3809.89,Active,3809.89
13436,2011-12-08 10:33:00,2011-12-08 10:33:00,1,196.89,76,2,1,196.89,Active,196.89
13437,2011-06-02 14:30:00,2011-11-25 14:00:00,7,3408.06,1283,14,7,3408.06,Active,3408.06
13439,2011-03-29 14:20:00,2011-03-29 14:20:00,1,283.71,242,255,1,283.71,Churned,283.71
13441,2011-09-09 09:38:00,2011-09-09 09:38:00,1,296.64,204,92,1,296.64,Churned,296.64
13447,2011-11-04 10:10:00,2011-11-16 13:38:00,3,1129.14,584,23,3,1129.14,Active,1129.14
13448,2010-12-01 10:52:00,2011-11-23 12:33:00,6,3539.3700000000003,1660,17,6,3539.3700000000003,Active,3539.3700000000003
13449,2011-11-16 08:28:00,2011-11-16 08:28:00,1,291.88,222,24,1,291.88,Active,291.88
13450,2011-05-05 19:48:00,2011-11-13 11:54:00,6,2043.72,1982,27,6,2043.72,Active,2043.72
13451,2011-01-09 15:35:00,2011-11-13 15:58:00,5,2976.15,2149,26,5,2976.15,Active,2976.15
13452,2011-03-14 11:38:00,2011-03-25 14:19:00,2,590.0,2,259,2,590.0,Churned,590.0
13453,2011-02-23 09:44:00,2011-06-27 09:34:00,2,356.98,134,166,2,356.98,Churned,356.98
13455,2010-12-08 13:11:00,2011-11-15 11:21:00,2,1058.34,354,25,2,1058.34,Active,1058.34
13456,2011-05-16 15:34:00,2011-11-22 09:18:00,6,1766.72,765,18,6,1766.72,Active,1766.72
13458,2010-12-15 12:05:00,2011-12-02 15:29:00,14,9646.57,5508,7,14,9646.57,Active,9646.57
13460,2011-10-21 09:50:00,2011-11-10 17:17:00,2,183.44,286,29,2,183.44,Active,183.44
13461,2011-06-29 10:23:00,2011-11-01 09:01:00,3,1445.0,1170,39,3,1445.0,At Risk,1445.0
13462,2011-04-01 11:20:00,2011-04-01 11:20:00,1,151.5,62,253,1,151.5,Churned,151.5
13464,2011-10-12 15:01:00,2011-10-12 15:01:00,1,674.68,403,58,1,674.68,At Risk,674.68
13466,2011-06-08 16:39:00,2011-06-08 16:39:00,1,307.90000000000003,259,184,1,307.90000000000003,Churned,307.90000000000003
13467,2011-11-03 16:56:00,2011-11-29 10:01:00,2,1083.71,584,11,2,1083.71,Active,1083.71
13468,2010-12-01 15:08:00,2011-12-08 10:39:00,37,5704.97,2589,2,37,5704.97,Active,5704.97
13470,2011-08-16 17:06:00,2011-09-01 14:57:00,2,165.0,100,99,2,165.0,Churned,165.0
13471,2011-10-23 13:10:00,2011-12-08 15:44:00,4,2531.58,1590,1,4,2531.58,Active,2531.58
13473,2011-01-11 08:45:00,2011-10-10 11:20:00,2,422.64,266,61,2,422.64,At Risk,422.64
13474,2011-04-17 13:53:00,2011-04-17 13:53:00,1,229.59,132,236,1,229.59,Churned,229.59
13475,2011-02-14 12:36:00,2011-06-01 13:52:00,4,1431.78,1012,191,4,1431.78,Churned,1431.78
13476,2011-03-03 14:43:00,2011-06-14 12:00:00,2,1238.47,417,179,2,1238.47,Churned,1238.47
13477,2011-02-21 12:29:00,2011-11-02 12:04:00,6,1454.58,1021,38,6,1454.58,At Risk,1454.58
13479,2011-04-19 11:27:00,2011-05-23 10:45:00,2,300.95,134,201,2,300.95,Churned,300.95
13481,2011-03-28 09:07:00,2011-10-25 09:07:00,5,1804.56,1142,46,5,1804.56,At Risk,1804.56
13482,2011-04-21 17:03:00,2011-04-21 17:03:00,1,184.64000000000001,116,232,1,184.64000000000001,Churned,184.64000000000001
13483,2011-10-05 11:53:00,2011-10-05 11:53:00,1,140.34,160,66,1,140.34,At Risk,140.34
13484,2011-04-12 16:30:00,2011-04-12 16:30:00,1,313.8,44,241,1,313.8,Churned,313.8
13485,2011-04-20 13:58:00,2011-04-20 13:58:00,1,454.24,277,233,1,454.24,Churned,454.24
13486,2011-07-07 17:19:00,2011-09-22 13:13:00,3,1122.41,669,78,3,1122.41,At Risk,1122.41
13487,2010-12-21 14:54:00,2011-10-13 12:07:00,3,575.4,265,58,3,575.4,At Risk,575.4
13488,2010-12-07 13:01:00,2011-11-22 14:41:00,13,8968.31,4518,17,13,8968.31,Active,8968.31
13489,2011-02-18 10:42:00,2011-08-26 13:16:00,4,449.52,560,105,4,449.52,Churned,449.52
13491,2010-12-02 14:30:00,2011-10-19 08:32:00,10,1215.82,903,52,10,1215.82,At Risk,1215.82
13492,2011-05-09 10:06:00,2011-07-26 14:25:00,3,1269.84,408,136,3,1269.84,Churned,1269.84
13493,2011-02-25 16:42:00,2011-03-09 15:35:00,2,618.63,380,275,2,618.63,Churned,618.63
13494,2011-02-01 11:58:00,2011-02-01 11:58:00,1,316.26000000000005,162,312,1,316.26000000000005,Churned,316.26000000000005
13495,2010-12-06 15:14:00,2011-12-02 11:21:00,5,2044.8700000000001,829,8,5,2044.8700000000001,Active,2044.8700000000001
13496,2010-12-15 10:17:00,2011-11-29 10:58:00,2,653.33,341,11,2,653.33,Active,653.33
13497,2010-12-06 11:37:00,2011-03-02 09:04:00,2,348.05,163,283,2,348.05,Churned,348.05
13499,2011-03-15 08:52:00,2011-11-22 11:21:00,5,1159.1100000000001,1365,18,5,1159.1100000000001,Active,1159.1100000000001
13500,2011-08-09 12:20:00,2011-11-16 15:35:00,3,1166.77,609,23,3,1166.77,Active,1166.77
13501,2011-02-24 18:59:00,2011-02-24 18:59:00,1,1340.32,560,288,1,1340.32,Churned,1340.32
13502,2011-01-20 09:03:00,2011-11-23 10:39:00,3,292.0,264,17,3,292.0,Active,292.0
13503,2011-09-29 13:23:00,2011-09-29 13:23:00,1,216.85,248,71,1,216.85,At Risk,216.85
13504,2011-10-06 13:20:00,2011-10-06 13:20:00,1,295.93,178,64,1,295.93,At Risk,295.93
13505,2011-04-21 12:07:00,2011-09-28 11:56:00,4,4393.63,2486,73,4,4393.63,At Risk,4393.63
13506,2010-12-05 12:15:00,2011-01-27 13:53:00,2,458.52,324,316,2,458.52,Churned,458.52
13507,2011-07-17 11:50:00,2011-12-06 13:13:00,4,2479.16,1597,3,4,2479.16,Active,2479.16
13508,2011-04-10 11:58:00,2011-04-10 11:58:00,1,110.97,24,244,1,110.97,Churned,110.97
13509,2011-02-28 13:27:00,2011-12-01 10:10:00,7,979.72,1106,9,7,979.72,Active,979.72
13510,2011-06-09 09:32:00,2011-12-08 13:46:00,4,1791.56,1386,1,4,1791.56,Active,1791.56
13512,2011-03-24 10:03:00,2011-03-24 10:03:00,1,251.21,143,261,1,251.21,Churned,251.21
13513,2011-08-05 11:50:00,2011-08-05 11:50:00,1,205.1,109,127,1,205.1,Churned,205.1
13514,2011-09-27 09:39:00,2011-09-27 09:39:00,1,152.20000000000002,40,74,1,152.20000000000002,At Risk,152.20000000000002
13515,2011-04-06 10:33:00,2011-09-28 11:26:00,4,891.12,681,73,4,891.12,At Risk,891.12
13516,2011-04-15 11:06:00,2011-11-18 13:15:00,3,1389.41,985,21,3,1389.41,Active,1389.41
13517,2011-06-13 08:44:00,2011-10-11 11:43:00,3,2128.42,1369,60,3,2128.42,At Risk,2128.42
13518,2011-09-15 10:29:00,2011-09-15 10:29:00,1,659.44,392,86,1,659.44,At Risk,659.44
13519,2011-09-22 18:24:00,2011-09-22 18:24:00,1,122.75,23,78,1,122.75,At Risk,122.75
13520,2010-12-03 10:36:00,2011-10-12 10:20:00,6,3624.35,1649,59,6,3624.35,At Risk,3624.35
13521,2011-11-29 15:09:00,2011-12-08 13:50:00,3,1093.65,736,1,3,1093.65,Active,1093.65
13522,2011-11-09 15:11:00,2011-11-09 15:11:00,1,125.80000000000001,44,30,1,125.80000000000001,Active,125.80000000000001
13523,2010-12-08 14:22:00,2011-11-06 15:11:00,5,3964.88,1752,33,5,3964.88,At Risk,3964.88
13524,2011-05-04 12:26:00,2011-10-30 12:34:00,5,680.1800000000001,324,41,5,680.1800000000001,At Risk,680.1800000000001
13525,2011-04-05 15:36:00,2011-11-25 12:01:00,2,628.78,394,15,2,628.78,Active,628.78
13527,2011-01-17 11:17:00,2011-11-06 12:04:00,7,2287.51,1692,34,7,2287.51,At Risk,2287.51
13529,2011-05-19 11:50:00,2011-09-22 09:15:00,2,307.76,74,79,2,307.76,At Risk,307.76
13531,2010-12-08 15:03:00,2011-05-18 16:56:00,2,483.8,174,205,2,483.8,Churned,483.8
13532,2011-11-06 12:25:00,2011-11-06 12:25:00,1,210.31,129,34,1,210.31,At Risk,210.31
13533,2011-03-17 12:47:00,2011-06-10 11:54:00,3,270.79,204,183,3,270.79,Churned,270.79
13534,2010-12-16 15:23:00,2011-12-07 14:52:00,25,5870.08,2961,2,25,5870.08,Active,5870.08
13536,2011-09-25 13:30:00,2011-12-08 16:38:00,7,3448.29,2136,1,7,3448.29,Active,3448.29
13538,2011-01-28 10:40:00,2011-10-27 16:34:00,7,1280.85,175,43,7,1280.85,At Risk,1280.85
13539,2011-02-03 15:23:00,2011-09-15 10:18:00,3,631.34,320,86,3,631.34,At Risk,631.34
13544,2011-04-13 12:09:00,2011-10-31 11:57:00,2,291.41,127,40,2,291.41,At Risk,291.41
13546,2011-05-23 12:14:00,2011-11-27 14:50:00,3,626.99,359,12,3,626.99,Active,626.99
13548,2011-04-10 11:35:00,2011-09-04 14:50:00,2,682.41,441,96,2,682.41,Churned,682.41
13549,2011-04-11 13:42:00,2011-11-14 09:20:00,7,918.2,458,26,7,918.2,Active,918.2
13551,2011-01-24 14:46:00,2011-01-24 14:46:00,1,91.80000000000001,12,319,1,91.80000000000001,Churned,91.80000000000001
13552,2011-01-28 10:10:00,2011-10-04 15:19:00,12,3740.07,1417,66,12,3740.07,At Risk,3740.07
13555,2011-05-22 11:06:00,2011-09-27 12:36:00,4,4149.28,2660,74,4,4149.28,At Risk,4149.28
13557,2011-03-04 12:14:00,2011-11-11 15:24:00,2,584.0600000000001,546,28,2,584.0600000000001,Active,584.0600000000001
13558,2011-10-02 13:01:00,2011-12-04 11:24:00,4,605.06,344,6,4,605.06,Active,605.06
13560,2011-12-02 13:11:00,2011-12-02 13:11:00,1,174.37,64,7,1,174.37,Active,174.37
13561,2011-05-08 12:39:00,2011-05-08 12:39:00,1,141.85999999999999,83,216,1,141.85999999999999,Churned,141.85999999999999
13562,2011-04-08 12:42:00,2011-09-19 10:51:00,3,1799.3300000000002,757,82,3,1799.3300000000002,At Risk,1799.3300000000002
13563,2011-07-22 17:21:00,2011-09-16 14:45:00,2,777.53,209,84,2,777.53,At Risk,777.53
13564,2010-12-06 17:26:00,2011-07-18 14:33:00,3,1749.02,661,144,3,1749.02,Churned,1749.02
13565,2011-01-09 14:28:00,2011-11-20 14:33:00,2,240.22,172,19,2,240.22,Active,240.22
13566,2011-09-18 12:40:00,2011-10-30 11:59:00,2,874.71,575,41,2,874.71,At Risk,874.71
13568,2011-06-19 14:42:00,2011-06-19 14:42:00,1,192.85,70,173,1,192.85,Churned,192.85
13569,2010-12-07 12:29:00,2011-11-22 13:07:00,2,373.75,164,17,2,373.75,Active,373.75
13570,2011-04-10 13:36:00,2011-04-10 13:36:00,1,239.49,161,243,1,239.49,Churned,239.49
13571,2011-03-31 12:43:00,2011-11-27 10:47:00,12,2092.32,1759,13,12,2092.32,Active,2092.32
13572,2011-05-18 11:59:00,2011-05-18 11:59:00,1,1384.25,534,206,1,1384.25,Churned,1384.25
13573,2011-03-31 14:47:00,2011-10-20 14:33:00,2,294.40000000000003,303,50,2,294.40000000000003,At Risk,294.40000000000003
13575,2011-06-16 14:24:00,2011-11-16 13:14:00,5,732.07,449,23,5,732.07,Active,732.07
13576,2010-12-01 17:24:00,2011-11-29 15:34:00,18,6717.34,2646,10,18,6717.34,Active,6717.34
13577,2011-04-12 10:33:00,2011-11-14 15:19:00,4,1687.6000000000001,791,25,4,1687.6000000000001,Active,1687.6000000000001
13579,2010-12-05 16:10:00,2011-11-25 08:41:00,2,467.04,176,15,2,467.04,Active,467.04
13581,2011-02-03 14:41:00,2011-02-03 14:41:00,1,118.0,30,309,1,118.0,Churned,118.0
13583,2011-07-07 10:40:00,2011-07-07 10:40:00,1,781.03,725,156,1,781.03,Churned,781.03
13584,2011-02-06 12:49:00,2011-02-06 12:49:00,1,142.4,37,307,1,142.4,Churned,142.4
13587,2011-10-07 12:31:00,2011-10-07 12:31:00,1,712.4,180,64,1,712.4,At Risk,712.4
13588,2011-03-29 15:53:00,2011-11-24 10:42:00,9,2478.95,2606,16,9,2478.95,Active,2478.95
13589,2011-06-13 12:44:00,2011-11-25 12:10:00,2,379.65,114,15,2,379.65,Active,379.65
13590,2011-02-09 13:25:00,2011-11-28 12:54:00,6,1981.92,1848,11,6,1981.92,Active,1981.92
13591,2011-03-18 12:18:00,2011-10-06 12:26:00,3,1117.13,485,65,3,1117.13,At Risk,1117.13
13592,2011-03-20 14:01:00,2011-11-04 09:49:00,4,247.95999999999998,84,36,4,247.95999999999998,At Risk,247.95999999999998
13593,2011-01-07 16:32:00,2011-08-23 13:35:00,5,2037.0800000000002,731,108,5,2037.0800000000002,Churned,2037.0800000000002
13594,2011-10-18 10:19:00,2011-10-18 10:19:00,1,396.97,359,53,1,396.97,At Risk,396.97
13596,2011-11-27 11:57:00,2011-12-04 12:01:00,2,697.04,406,6,2,697.04,Active,697.04
13598,2011-10-23 14:28:00,2011-10-23 14:28:00,1,180.17000000000002,58,47,1,180.17000000000002,At Risk,180.17000000000002
13599,2010-12-08 10:11:00,2011-12-08 16:10:00,21,5153.67,3294,1,21,5153.67,Active,5153.67
13600,2011-01-31 15:27:00,2011-01-31 15:27:00,1,219.52,324,312,1,219.52,Churned,219.52
13601,2011-05-12 16:52:00,2011-10-25 17:31:00,2,693.32,548,45,2,693.32,At Risk,693.32
13602,2011-10-06 11:47:00,2011-10-06 11:47:00,1,428.89,267,65,1,428.89,At Risk,428.89
13603,2011-11-13 15:57:00,2011-11-13 15:57:00,1,164.34,164,26,1,164.34,Active,164.34
13606,2011-02-01 11:42:00,2011-11-10 17:46:00,3,280.54,279,29,3,280.54,Active,280.54
13607,2011-10-30 16:17:00,2011-10-30 16:17:00,1,678.01,290,40,1,678.01,At Risk,678.01
13610,2011-02-27 14:44:00,2011-11-27 15:38:00,7,1131.88,516,12,7,1131.88,Active,1131.88
13611,2010-12-15 10:31:00,2011-09-11 14:51:00,3,1171.8,766,89,3,1171.8,At Risk,1171.8
13614,2011-01-13 12:37:00,2011-11-15 14:47:00,4,1610.46,570,24,4,1610.46,Active,1610.46
13615,2011-01-25 08:21:00,2011-01-25 08:21:00,1,417.69,189,319,1,417.69,Churned,417.69
13617,2011-06-12 12:55:00,2011-10-30 13:50:00,3,544.18,300,40,3,544.18,At Risk,544.18
13618,2011-06-19 11:09:00,2011-06-19 11:09:00,1,177.34,246,174,1,177.34,Churned,177.34
13621,2011-08-15 08:26:00,2011-08-15 08:26:00,1,213.85,343,117,1,213.85,Churned,213.85
13623,2011-02-15 13:08:00,2011-11-09 12:00:00,5,747.78,294,31,5,747.78,At Risk,747.78
13626,2011-04-01 10:05:00,2011-04-01 10:05:00,1,257.23,209,253,1,257.23,Churned,257.23
13627,2010-12-17 09:52:00,2011-10-11 14:20:00,5,1638.47,1269,59,5,1638.47,At Risk,1638.47
13629,2011-01-05 12:09:00,2011-11-16 13:21:00,11,7792.36,4372,23,11,7792.36,Active,7792.36
13630,2011-02-27 12:49:00,2011-12-04 15:16:00,7,2031.78,1391,5,7,2031.78,Active,2031.78
13631,2011-03-17 17:13:00,2011-09-01 09:57:00,11,3070.42,467,100,11,3070.42,Churned,3070.42
13632,2011-04-10 15:07:00,2011-11-15 10:51:00,5,2121.27,1037,25,5,2121.27,Active,2121.27
13634,2011-01-16 15:30:00,2011-11-06 13:40:00,5,1575.16,704,33,5,1575.16,At Risk,1575.16
13635,2011-10-03 10:55:00,2011-10-03 10:55:00,1,1071.03,677,68,1,1071.03,At Risk,1071.03
13636,2011-02-27 14:29:00,2011-11-03 10:30:00,5,949.12,592,37,5,949.12,At Risk,949.12
13637,2011-04-27 13:06:00,2011-10-18 13:32:00,3,810.5,409,52,3,810.5,At Risk,810.5
13638,2011-11-24 10:38:00,2011-11-24 10:38:00,1,122.64,93,16,1,122.64,Active,122.64
13639,2011-09-26 13:36:00,2011-09-26 13:36:00,1,1033.34,800,74,1,1033.34,At Risk,1033.34
13642,2011-05-08 12:34:00,2011-05-08 12:34:00,1,354.8,173,216,1,354.8,Churned,354.8
13643,2011-06-07 11:40:00,2011-11-08 15:37:00,3,519.44,273,31,3,519.44,At Risk,519.44
13644,2011-08-26 11:53:00,2011-11-23 14:07:00,4,2624.26,2067,16,4,2624.26,Active,2624.26
13645,2011-08-11 16:11:00,2011-08-11 16:11:00,1,252.1,158,120,1,252.1,Churned,252.1
13647,2011-04-19 09:49:00,2011-11-30 12:00:00,4,1678.1200000000001,895,10,4,1678.1200000000001,Active,1678.1200000000001
13649,2010-12-08 14:46:00,2011-03-28 11:51:00,2,346.6,139,257,2,346.6,Churned,346.6
13650,2011-03-17 12:37:00,2011-11-23 12:22:00,6,1836.3400000000001,922,17,6,1836.3400000000001,Active,1836.3400000000001
13651,2011-10-31 12:11:00,2011-11-04 14:59:00,2,94.2,33,35,2,94.2,At Risk,94.2
13652,2010-12-06 09:21:00,2011-10-25 08:51:00,3,1095.08,578,46,3,1095.08,At Risk,1095.08
13654,2011-03-11 12:54:00,2011-10-27 16:24:00,6,2707.33,2182,43,6,2707.33,At Risk,2707.33
13655,2011-04-12 09:53:00,2011-08-17 14:25:00,2,932.97,605,114,2,932.97,Churned,932.97
13656,2011-01-06 15:42:00,2011-06-28 10:31:00,2,379.65,490,165,2,379.65,Churned,379.65
13657,2011-05-22 12:35:00,2011-11-29 12:32:00,2,382.14,209,11,2,382.14,Active,382.14
13658,2011-05-19 17:15:00,2011-11-30 10:13:00,5,2639.17,1019,10,5,2639.17,Active,2639.17
13659,2011-01-23 12:08:00,2011-05-18 12:37:00,2,1573.2,894,206,2,1573.2,Churned,1573.2
13662,2011-03-25 13:23:00,2011-09-15 12:04:00,3,897.76,543,86,3,897.76,At Risk,897.76
13663,2011-06-13 15:44:00,2011-06-13 15:44:00,1,189.47,91,179,1,189.47,Churned,189.47
13666,2011-02-25 13:05:00,2011-10-10 15:39:00,3,84.65,41,60,3,84.65,At Risk,84.65
13667,2011-07-13 15:42:00,2011-07-13 15:42:00,1,305.02,154,149,1,305.02,Churned,305.02
13668,2010-12-12 12:35:00,2011-12-07 12:11:00,21,6363.59,3742,3,21,6363.59,Active,6363.59
13669,2011-07-13 11:44:00,2011-10-20 09:32:00,2,218.55,237,51,2,218.55,At Risk,218.55
13670,2011-09-25 15:25:00,2011-09-25 15:25:00,1,349.7,282,75,1,349.7,At Risk,349.7
13672,2011-01-11 13:54:00,2011-02-11 13:53:00,2,186.39000000000001,57,301,2,186.39000000000001,Churned,186.39000000000001
13673,2011-11-07 15:40:00,2011-11-21 12:11:00,2,396.92,119,19,2,396.92,Active,396.92
13675,2011-02-28 12:14:00,2011-07-11 12:57:00,2,486.82000000000005,330,151,2,486.82000000000005,Churned,486.82000000000005
13678,2011-07-11 10:14:00,2011-07-11 10:14:00,1,232.6,924,152,1,232.6,Churned,232.6
13680,2011-01-04 14:12:00,2011-12-08 13:47:00,4,3722.42,1936,1,4,3722.42,Active,3722.42
13681,2011-07-07 15:21:00,2011-11-22 11:13:00,4,827.83,360,18,4,827.83,Active,827.83
13682,2011-06-05 14:06:00,2011-06-05 14:06:00,1,59.5,10,187,1,59.5,Churned,59.5
13684,2011-02-27 10:13:00,2011-02-27 10:13:00,1,67.23,39,286,1,67.23,Churned,67.23
13685,2011-10-10 12:59:00,2011-12-07 11:41:00,7,3119.44,5056,3,7,3119.44,Active,3119.44
13686,2011-06-10 09:10:00,2011-06-10 09:10:00,1,72.0,70,183,1,72.0,Churned,72.0
13689,2011-10-07 13:21:00,2011-10-07 13:21:00,1,910.0,512,63,1,910.0,At Risk,910.0
13690,2011-10-11 15:03:00,2011-10-11 15:03:00,1,172.25,67,59,1,172.25,At Risk,172.25
13692,2011-04-17 12:57:00,2011-11-15 11:17:00,3,1488.32,1226,25,3,1488.32,Active,1488.32
13694,2010-12-01 12:12:00,2011-12-06 09:32:00,50,65039.62,63312,4,50,65039.62,Active,65039.62
13695,2011-03-25 11:31:00,2011-11-08 14:26:00,15,2504.13,1603,31,15,2504.13,At Risk,2504.13
13697,2011-11-01 09:14:00,2011-11-01 09:14:00,1,151.3,177,39,1,151.3,At Risk,151.3
13699,2011-07-07 16:51:00,2011-07-07 16:51:00,1,308.58000000000004,66,155,1,308.58000000000004,Churned,308.58000000000004
13700,2011-01-16 13:18:00,2011-11-13 13:00:00,10,2265.12,2304,26,10,2265.12,Active,2265.12
13703,2011-01-25 13:10:00,2011-01-25 13:10:00,1,99.5,10,318,1,99.5,Churned,99.5
13704,2011-09-12 14:40:00,2011-12-04 15:13:00,9,2308.06,1531,5,9,2308.06,Active,2308.06
13705,2010-12-01 10:29:00,2011-12-02 12:32:00,3,711.86,363,8,3,711.86,Active,711.86
13706,2011-02-10 09:21:00,2011-02-10 09:21:00,1,330.79,189,303,1,330.79,Churned,330.79
13707,2011-01-28 13:27:00,2011-03-17 18:03:00,2,806.41,351,267,2,806.41,Churned,806.41
13708,2011-03-13 13:46:00,2011-03-13 13:46:00,1,296.88,306,271,1,296.88,Churned,296.88
13709,2011-01-28 14:57:00,2011-12-06 10:28:00,13,6328.05,3516,4,13,6328.05,Active,6328.05
13710,2011-11-08 08:16:00,2011-11-08 08:16:00,1,180.48,176,32,1,180.48,At Risk,180.48
13711,2011-05-05 10:29:00,2011-05-05 10:31:00,2,252.06,140,219,2,252.06,Churned,252.06
13712,2011-04-07 12:33:00,2011-04-07 12:33:00,1,228.84,352,247,1,228.84,Churned,228.84
13715,2010-12-02 08:52:00,2011-03-03 19:21:00,5,1079.34,563,281,5,1079.34,Churned,1079.34
13716,2011-03-15 13:49:00,2011-03-15 13:49:00,1,138.28,138,269,1,138.28,Churned,138.28
13717,2011-02-14 13:21:00,2011-11-07 14:13:00,6,1445.01,1959,32,6,1445.01,At Risk,1445.01
13718,2011-02-17 11:58:00,2011-04-07 13:24:00,2,306.55,173,246,2,306.55,Churned,306.55
13719,2011-04-19 13:56:00,2011-11-24 15:26:00,5,1041.68,609,15,5,1041.68,Active,1041.68
13720,2011-03-30 09:17:00,2011-08-15 12:46:00,4,799.9,501,117,4,799.9,Churned,799.9
13721,2011-11-03 14:05:00,2011-11-03 14:05:00,1,524.14,316,36,1,524.14,At Risk,524.14
13722,2011-03-02 11:43:00,2011-07-31 12:44:00,3,2375.41,1401,132,3,2375.41,Churned,2375.41
13723,2011-05-06 17:04:00,2011-05-06 17:04:00,1,199.85000000000002,43,217,1,199.85000000000002,Churned,199.85000000000002
13725,2011-02-04 12:18:00,2011-10-21 10:03:00,8,1980.56,806,50,8,1980.56,At Risk,1980.56
13726,2011-08-31 11:06:00,2011-11-01 10:49:00,2,1079.66,1054,39,2,1079.66,At Risk,1079.66
13727,2011-11-06 12:16:00,2011-11-11 09:46:00,2,333.48,162,29,2,333.48,Active,333.48
13728,2011-02-02 12:09:00,2011-11-03 10:49:00,6,1016.14,458,37,6,1016.14,At Risk,1016.14
13730,2011-07-01 12:47:00,2011-07-27 08:35:00,2,752.6,488,136,2,752.6,Churned,752.6
13731,2011-04-07 10:10:00,2011-05-04 14:33:00,2,610.59,278,219,2,610.59,Churned,610.59
13732,2011-11-11 15:49:00,2011-11-11 15:49:00,1,491.86,498,28,1,491.86,Active,491.86
13735,2011-04-19 13:49:00,2011-11-15 11:14:00,4,2885.2400000000002,1130,25,4,2885.2400000000002,Active,2885.2400000000002
13736,2011-03-24 13:04:00,2011-12-04 15:19:00,2,731.9,497,5,2,731.9,Active,731.9
13737,2011-05-23 16:32:00,2011-05-23 16:32:00,1,339.6,125,200,1,339.6,Churned,339.6
13739,2011-11-21 13:35:00,2011-11-21 13:35:00,1,216.9,54,18,1,216.9,Active,216.9
13740,2011-04-13 10:32:00,2011-04-13 10:32:00,1,350.75,425,241,1,350.75,Churned,350.75
13741,2011-05-06 13:43:00,2011-09-29 09:19:00,3,668.4300000000001,218,72,3,668.4300000000001,At Risk,668.4300000000001
13742,2011-01-23 14:59:00,2011-11-23 11:07:00,12,3131.02,1124,17,12,3131.02,Active,3131.02
13743,2011-03-25 14:46:00,2011-12-07 10:09:00,7,1341.6,1776,3,7,1341.6,Active,1341.6
13744,2011-02-20 14:08:00,2011-09-05 15:19:00,2,1156.36,1249,95,2,1156.36,Churned,1156.36
13745,2011-06-30 16:43:00,2011-06-30 16:43:00,1,300.04,496,162,1,300.04,Churned,300.04
13747,2010-12-01 10:37:00,2010-12-01 10:37:00,1,79.6,8,374,1,79.6,Churned,79.6
13748,2010-12-01 09:00:00,2011-09-05 09:45:00,5,948.25,439,96,5,948.25,Churned,948.25
13750,2011-01-07 11:49:00,2011-10-17 12:16:00,5,1647.26,516,54,5,1647.26,At Risk,1647.26
13751,2011-02-24 15:56:00,2011-02-24 15:56:00,1,296.25,152,288,1,296.25,Churned,296.25
13752,2011-04-07 12:04:00,2011-08-07 14:16:00,6,1186.28,876,124,6,1186.28,Churned,1186.28
13753,2011-02-25 12:48:00,2011-02-25 12:48:00,1,741.26,512,288,1,741.26,Churned,741.26
13754,2011-01-26 14:58:00,2011-07-11 11:51:00,2,282.6,214,152,2,282.6,Churned,282.6
13755,2011-10-07 15:45:00,2011-12-06 12:26:00,9,2161.35,1264,4,9,2161.35,Active,2161.35
13756,2010-12-07 11:41:00,2011-12-07 16:44:00,14,5189.52,3188,2,14,5189.52,Active,5189.52
13758,2010-12-01 12:08:00,2011-11-28 11:11:00,7,3190.55,1844,12,7,3190.55,Active,3190.55
13759,2011-09-29 15:40:00,2011-11-06 14:47:00,2,659.4100000000001,287,33,2,659.4100000000001,At Risk,659.4100000000001
13760,2011-03-28 12:52:00,2011-10-16 16:13:00,2,286.79,197,54,2,286.79,At Risk,286.79
13761,2011-06-13 08:43:00,2011-10-20 14:01:00,2,1070.65,642,50,2,1070.65,At Risk,1070.65
13762,2011-05-05 09:15:00,2011-05-05 09:15:00,1,306.72,272,219,1,306.72,Churned,306.72
13763,2011-10-07 15:13:00,2011-10-07 15:13:00,1,1714.96,728,63,1,1714.96,At Risk,1714.96
13764,2011-01-06 14:53:00,2011-09-30 12:03:00,3,1521.76,932,71,3,1521.76,At Risk,1521.76
13767,2010-12-01 10:47:00,2011-12-07 15:00:00,37,17220.36,7322,2,37,17220.36,Active,17220.36
13769,2010-12-07 13:28:00,2011-12-07 15:08:00,10,2796.51,1163,2,10,2796.51,Active,2796.51
13771,2011-04-06 15:47:00,2011-10-06 14:18:00,4,2634.45,1477,64,4,2634.45,At Risk,2634.45
13772,2011-04-14 12:31:00,2011-11-06 11:43:00,3,1132.13,546,34,3,1132.13,At Risk,1132.13
13774,2011-09-19 12:06:00,2011-09-19 12:06:00,1,345.0,192,82,1,345.0,At Risk,345.0
13777,2010-12-01 16:01:00,2011-12-09 12:25:00,33,25977.16,12897,1,33,25977.16,Active,25977.16
13778,2011-08-28 15:25:00,2011-08-28 15:25:00,1,178.7,70,103,1,178.7,Churned,178.7
13780,2011-06-22 11:43:00,2011-12-02 13:49:00,2,360.01,318,7,2,360.01,Active,360.01
13781,2011-04-03 12:08:00,2011-04-03 12:08:00,1,127.84,30,251,1,127.84,Churned,127.84
13782,2011-01-16 11:08:00,2011-11-27 11:54:00,6,912.0,371,13,6,912.0,Active,912.0
13784,2011-01-11 14:38:00,2011-11-30 09:33:00,11,2462.79,2493,10,11,2462.79,Active,2462.79
13786,2010-12-07 13:53:00,2010-12-07 13:53:00,1,230.4,136,367,1,230.4,Churned,230.4
13787,2010-12-10 14:45:00,2011-09-25 12:06:00,2,309.04,337,76,2,309.04,At Risk,309.04
13790,2011-12-05 15:48:00,2011-12-05 15:48:00,1,348.79999999999995,748,4,1,348.79999999999995,Active,348.79999999999995
13791,2011-06-24 16:38:00,2011-08-04 11:44:00,2,1516.0,1200,128,2,1516.0,Churned,1516.0
13792,2011-02-25 14:03:00,2011-10-04 14:31:00,2,195.55,92,66,2,195.55,At Risk,195.55
13798,2010-12-02 17:24:00,2011-12-08 15:51:00,57,37153.85,23948,1,57,37153.85,Active,37153.85
13799,2011-02-18 14:18:00,2011-08-15 12:07:00,2,688.86,402,117,2,688.86,Churned,688.86
13800,2011-02-03 12:27:00,2011-02-03 12:27:00,1,558.32,331,310,1,558.32,Churned,558.32
13801,2011-10-04 10:15:00,2011-10-04 10:15:00,1,324.8,168,67,1,324.8,At Risk,324.8
13802,2011-02-01 12:03:00,2011-07-24 10:54:00,3,4599.42,2572,139,3,4599.42,Churned,4599.42
13803,2011-03-29 12:57:00,2011-03-29 12:57:00,1,277.07,121,255,1,277.07,Churned,277.07
13804,2011-02-23 09:09:00,2011-11-09 12:32:00,7,2635.79,1498,31,7,2635.79,At Risk,2635.79
13805,2011-08-02 15:29:00,2011-10-18 14:50:00,2,924.5999999999999,1900,52,2,924.5999999999999,At Risk,924.5999999999999
13806,2011-10-07 11:43:00,2011-10-07 11:43:00,1,256.38,56,64,1,256.38,At Risk,256.38
13807,2010-12-07 15:48:00,2010-12-07 15:48:00,1,112.6,36,367,1,112.6,Churned,112.6
13808,2011-09-04 12:07:00,2011-12-04 12:18:00,5,1747.66,782,6,5,1747.66,Active,1747.66
13809,2011-02-07 13:15:00,2011-02-07 13:15:00,1,155.05,29,305,1,155.05,Churned,155.05
13810,2011-10-14 12:57:00,2011-11-11 08:33:00,3,1499.01,312,29,3,1499.01,Active,1499.01
13811,2011-04-14 18:40:00,2011-06-09 09:54:00,3,814.5,68,184,3,814.5,Churned,814.5
13812,2011-08-26 12:54:00,2011-10-28 14:27:00,3,539.0,333,42,3,539.0,At Risk,539.0
13813,2011-07-28 10:33:00,2011-10-31 10:38:00,4,1366.8600000000001,552,40,4,1366.8600000000001,At Risk,1366.8600000000001
13814,2011-07-25 13:54:00,2011-09-08 13:48:00,2,1579.12,864,92,2,1579.12,Churned,1579.12
13815,2011-01-25 12:16:00,2011-11-17 14:19:00,4,4027.36,2560,22,4,4027.36,Active,4027.36
13816,2011-10-06 14:37:00,2011-11-16 08:38:00,2,571.6700000000001,269,24,2,571.6700000000001,Active,571.6700000000001
13817,2010-12-23 11:46:00,2011-11-10 17:49:00,2,382.98,211,29,2,382.98,Active,382.98
13819,2011-01-24 10:38:00,2011-02-11 10:38:00,3,1140.35,1109,302,3,1140.35,Churned,1140.35
13821,2011-03-23 11:30:00,2011-07-18 09:49:00,2,385.64,153,145,2,385.64,Churned,385.64
13822,2011-10-30 15:55:00,2011-12-04 12:13:00,2,632.0,611,6,2,632.0,Active,632.0
13823,2011-09-09 10:42:00,2011-11-21 10:22:00,2,957.66,439,19,2,957.66,Active,957.66
13824,2011-02-02 13:07:00,2011-11-07 12:41:00,5,1698.94,768,33,5,1698.94,At Risk,1698.94
13826,2011-06-16 13:48:00,2011-06-16 13:48:00,1,189.5,82,176,1,189.5,Churned,189.5
13827,2011-07-19 15:38:00,2011-10-13 12:38:00,3,412.05,141,58,3,412.05,At Risk,412.05
13828,2011-11-17 16:02:00,2011-11-17 16:02:00,1,209.49,311,22,1,209.49,Active,209.49
13831,2010-12-05 12:13:00,2011-11-23 15:41:00,6,2202.99,745,16,6,2202.99,Active,2202.99
13832,2011-11-20 15:36:00,2011-11-20 15:36:00,1,52.2,28,19,1,52.2,Active,52.2
13833,2011-07-03 13:27:00,2011-07-03 13:27:00,1,384.8,118,159,1,384.8,Churned,384.8
13835,2011-05-08 15:22:00,2011-11-14 15:37:00,4,834.57,442,25,4,834.57,Active,834.57
13837,2011-01-26 12:15:00,2011-05-12 12:10:00,2,271.24,183,212,2,271.24,Churned,271.24
13838,2010-12-05 10:45:00,2011-12-04 11:00:00,4,691.73,263,6,4,691.73,Active,691.73
13841,2011-04-01 12:10:00,2011-04-01 12:10:00,1,85.0,100,253,1,85.0,Churned,85.0
13842,2010-12-08 10:39:00,2011-10-12 10:51:00,9,3385.62,1768,59,9,3385.62,At Risk,3385.62
13844,2011-11-28 13:21:00,2011-11-28 13:21:00,1,361.62,196,11,1,361.62,Active,361.62
13845,2011-10-06 08:25:00,2011-10-06 08:25:00,1,312.98,182,65,1,312.98,At Risk,312.98
13846,2010-12-14 16:07:00,2011-11-15 12:07:00,3,865.0600000000001,388,25,3,865.0600000000001,Active,865.0600000000001
13848,2010-12-08 15:10:00,2011-09-08 12:58:00,3,1255.0,3700,92,3,1255.0,Churned,1255.0
13849,2011-06-22 10:11:00,2011-10-19 10:59:00,2,1537.95,1016,52,2,1537.95,At Risk,1537.95
13850,2011-08-02 14:04:00,2011-08-02 14:04:00,1,1595.48,944,129,1,1595.48,Churned,1595.48
13851,2011-02-24 17:18:00,2011-09-05 12:36:00,3,2651.46,1705,96,3,2651.46,Churned,2651.46
13853,2011-10-13 14:18:00,2011-10-13 14:18:00,1,1090.1399999999999,312,57,1,1090.1399999999999,At Risk,1090.1399999999999
13854,2010-12-09 10:48:00,2011-12-01 09:06:00,25,8109.5199999999995,2296,9,25,8109.5199999999995,Active,8109.5199999999995
13856,2011-05-20 13:13:00,2011-06-24 10:03:00,3,388.5,494,169,3,388.5,Churned,388.5
13858,2011-10-13 16:17:00,2011-10-13 16:17:00,1,216.17000000000002,75,57,1,216.17000000000002,At Risk,216.17000000000002
13859,2011-01-17 16:14:00,2011-01-17 16:14:00,1,201.16,129,326,1,201.16,Churned,201.16
13860,2011-09-14 09:27:00,2011-12-08 12:57:00,5,1245.9,591,1,5,1245.9,Active,1245.9
13862,2011-01-11 15:13:00,2011-11-21 16:24:00,8,2209.36,1688,18,8,2209.36,Active,2209.36
13863,2011-04-06 10:20:00,2011-04-06 10:20:00,1,305.78,224,248,1,305.78,Churned,305.78
13865,2011-02-23 12:04:00,2011-10-12 13:31:00,4,501.56,204,58,4,501.56,At Risk,501.56
13866,2011-09-26 14:54:00,2011-09-26 14:54:00,1,145.67,57,74,1,145.67,At Risk,145.67
13867,2011-05-05 17:28:00,2011-11-08 15:48:00,3,1015.29,513,31,3,1015.29,At Risk,1015.29
13868,2011-11-01 12:45:00,2011-12-02 16:32:00,2,3192.54,1964,7,2,3192.54,Active,3192.54
13869,2010-12-17 15:14:00,2011-08-08 13:53:00,4,3104.9500000000003,1721,123,4,3104.9500000000003,Churned,3104.9500000000003
13870,2011-02-25 09:09:00,2011-12-07 13:23:00,8,2770.94,1325,2,8,2770.94,Active,2770.94
13871,2011-02-04 09:30:00,2011-11-17 10:49:00,13,6403.25,2806,23,13,6403.25,Active,6403.25
13873,2011-02-03 09:37:00,2011-08-12 10:08:00,3,389.6,140,120,3,389.6,Churned,389.6
13874,2010-12-16 18:20:00,2010-12-16 18:20:00,1,540.45,180,358,1,540.45,Churned,540.45
13875,2011-02-11 15:39:00,2011-10-17 09:36:00,5,1786.79,1316,54,5,1786.79,At Risk,1786.79
13876,2011-10-07 10:22:00,2011-10-07 10:22:00,1,122.7,36,64,1,122.7,At Risk,122.7
13877,2011-09-14 15:49:00,2011-09-14 15:49:00,1,117.24,108,86,1,117.24,At Risk,117.24
13878,2011-10-16 12:19:00,2011-10-16 12:19:00,1,1281.53,475,55,1,1281.53,At Risk,1281.53
13880,2010-12-07 14:00:00,2011-11-18 13:44:00,13,3219.77,1842,21,13,3219.77,Active,3219.77
13881,2011-02-01 10:14:00,2011-12-06 12:50:00,20,17159.52,10118,4,20,17159.52,Active,17159.52
13882,2011-10-06 15:28:00,2011-12-07 11:16:00,5,1191.13,953,3,5,1191.13,Active,1191.13
13883,2011-03-31 17:17:00,2011-11-29 10:45:00,5,2674.48,1436,11,5,2674.48,Active,2674.48
13884,2011-03-01 13:40:00,2011-12-02 16:30:00,5,787.6,300,7,5,787.6,Active,787.6
13885,2011-05-23 08:52:00,2011-06-03 15:07:00,2,506.8,182,189,2,506.8,Churned,506.8
13886,2011-09-29 13:17:00,2011-09-29 13:17:00,1,243.56,126,71,1,243.56,At Risk,243.56
13887,2011-05-19 17:22:00,2011-05-19 17:22:00,1,349.55,147,204,1,349.55,Churned,349.55
13888,2011-05-05 14:41:00,2011-08-12 10:13:00,2,605.63,258,120,2,605.63,Churned,605.63
13889,2011-09-08 09:13:00,2011-09-08 09:13:00,1,416.90000000000003,146,93,1,416.90000000000003,Churned,416.90000000000003
13890,2010-12-16 09:31:00,2011-12-08 15:36:00,10,1883.81,831,1,10,1883.81,Active,1883.81
13892,2011-04-07 12:04:00,2011-11-13 11:50:00,4,632.97,983,27,4,632.97,Active,632.97
13893,2011-02-15 11:30:00,2011-02-15 11:30:00,1,821.1,190,298,1,821.1,Churned,821.1
13894,2011-02-02 12:54:00,2011-11-16 09:44:00,3,564.62,354,24,3,564.62,Active,564.62
13895,2011-06-28 10:17:00,2011-11-11 16:57:00,4,2593.07,1365,28,4,2593.07,Active,2593.07
13897,2011-10-20 14:30:00,2011-10-20 14:30:00,1,311.16,200,50,1,311.16,At Risk,311.16
13898,2011-01-18 10:28:00,2011-01-18 10:28:00,1,155.93,133,326,1,155.93,Churned,155.93
13899,2011-03-10 09:30:00,2011-11-23 13:40:00,2,388.52,156,16,2,388.52,Active,388.52
13900,2011-03-22 10:13:00,2011-06-09 19:26:00,3,740.95,430,183,3,740.95,Churned,740.95
13901,2011-01-25 09:01:00,2011-09-28 14:48:00,5,2867.2000000000003,1739,72,5,2867.2000000000003,At Risk,2867.2000000000003
13904,2011-02-18 11:18:00,2011-11-02 13:41:00,2,332.64,332,37,2,332.64,At Risk,332.64
13908,2011-03-08 12:04:00,2011-09-21 11:49:00,4,2369.55,1478,80,4,2369.55,At Risk,2369.55
13911,2011-02-04 14:46:00,2011-10-13 15:43:00,9,2580.91,2731,57,9,2580.91,At Risk,2580.91
13914,2011-11-03 16:28:00,2011-11-28 10:35:00,2,626.45,380,12,2,626.45,Active,626.45
13917,2011-06-01 12:46:00,2011-10-21 09:56:00,2,272.04,228,50,2,272.04,At Risk,272.04
13918,2011-03-31 18:05:00,2011-10-21 12:25:00,2,1212.8400000000001,1140,50,2,1212.8400000000001,At Risk,1212.8400000000001
13919,2011-08-10 10:15:00,2011-10-11 14:24:00,2,384.81,474,59,2,384.81,At Risk,384.81
13922,2010-12-23 10:38:00,2010-12-23 10:38:00,1,172.25,93,352,1,172.25,Churned,172.25
13923,2011-10-17 12:33:00,2011-10-17 12:33:00,1,351.13,185,54,1,351.13,At Risk,351.13
13924,2011-09-28 15:07:00,2011-12-08 09:39:00,6,1838.8500000000001,1575,2,6,1838.8500000000001,Active,1838.8500000000001
13925,2011-07-28 12:09:00,2011-09-08 12:47:00,4,678.25,331,93,4,678.25,Churned,678.25
13926,2011-11-16 13:16:00,2011-11-16 13:16:00,1,223.85000000000002,104,23,1,223.85000000000002,Active,223.85000000000002
13927,2011-09-26 12:00:00,2011-09-26 12:00:00,1,348.99,214,75,1,348.99,At Risk,348.99
13928,2011-07-29 15:59:00,2011-11-29 10:33:00,4,464.57,129,11,4,464.57,Active,464.57
13929,2011-01-17 15:11:00,2011-06-23 15:26:00,2,842.65,143,169,2,842.65,Churned,842.65
13930,2011-07-26 11:00:00,2011-10-13 09:45:00,2,337.34,274,58,2,337.34,At Risk,337.34
13931,2011-03-04 08:43:00,2011-09-05 10:12:00,2,1237.53,725,96,2,1237.53,Churned,1237.53
13932,2011-02-18 12:02:00,2011-02-18 12:02:00,1,307.4,72,295,1,307.4,Churned,307.4
13933,2011-07-14 13:35:00,2011-08-22 14:03:00,2,608.79,205,109,2,608.79,Churned,608.79
13934,2011-03-21 08:39:00,2011-03-21 08:39:00,1,922.1,390,264,1,922.1,Churned,922.1
13936,2011-06-13 08:47:00,2011-06-13 08:47:00,1,376.58,330,180,1,376.58,Churned,376.58
13937,2011-06-23 16:35:00,2011-06-23 16:35:00,1,158.85,123,169,1,158.85,Churned,158.85
13938,2011-11-04 14:37:00,2011-11-04 14:37:00,1,71.66,70,35,1,71.66,At Risk,71.66
13939,2011-02-01 11:30:00,2011-11-16 13:33:00,3,568.55,847,23,3,568.55,Active,568.55
13940,2011-07-18 16:05:00,2011-11-22 15:15:00,4,839.14,516,17,4,839.14,Active,839.14
13941,2010-12-02 10:17:00,2011-11-18 09:43:00,5,5112.96,2364,22,5,5112.96,Active,5112.96
13946,2011-03-17 10:02:00,2011-09-21 13:33:00,3,561.57,443,79,3,561.57,At Risk,561.57
13947,2011-10-05 14:42:00,2011-10-05 14:42:00,1,90.60000000000001,44,65,1,90.60000000000001,At Risk,90.60000000000001
13948,2010-12-14 10:18:00,2010-12-14 10:18:00,1,102.0,40,361,1,102.0,Churned,102.0
13949,2011-09-06 11:55:00,2011-12-07 09:35:00,6,2427.32,2474,3,6,2427.32,Active,2427.32
13950,2011-04-07 11:29:00,2011-11-28 14:44:00,4,745.0600000000001,323,11,4,745.0600000000001,Active,745.0600000000001
13951,2011-02-18 15:21:00,2011-06-16 16:43:00,3,674.45,459,176,3,674.45,Churned,674.45
13952,2011-04-15 09:27:00,2011-05-06 09:00:00,2,3251.071,1431,218,2,3251.071,Churned,3251.071
13953,2010-12-22 10:29:00,2011-12-02 16:04:00,7,3515.68,2724,7,7,3515.68,Active,3515.68
13954,2011-09-30 10:52:00,2011-12-08 12:50:00,2,439.92,150,2,2,439.92,Active,439.92
13955,2011-02-07 12:24:00,2011-07-08 17:19:00,2,322.96,154,154,2,322.96,Churned,322.96
13956,2011-03-13 12:51:00,2011-12-04 13:20:00,5,1026.42,491,5,5,1026.42,Active,1026.42
13959,2010-12-12 13:56:00,2011-09-21 15:06:00,3,598.2,357,79,3,598.2,At Risk,598.2
13960,2011-09-29 12:39:00,2011-11-18 15:27:00,2,230.22,142,21,2,230.22,Active,230.22
13962,2011-04-08 11:21:00,2011-11-18 08:47:00,2,169.54999999999998,87,22,2,169.54999999999998,Active,169.54999999999998
13963,2010-12-07 09:21:00,2011-02-04 14:43:00,4,664.54,460,308,4,664.54,Churned,664.54
13967,2011-07-17 12:02:00,2011-07-17 12:02:00,1,80.7,42,146,1,80.7,Churned,80.7
13969,2010-12-09 19:32:00,2011-12-02 15:11:00,18,9053.94,4542,7,18,9053.94,Active,9053.94
13971,2011-02-27 12:27:00,2011-11-21 12:06:00,8,2758.26,1844,19,8,2758.26,Active,2758.26
13972,2011-05-22 11:34:00,2011-09-30 11:54:00,2,190.25,187,71,2,190.25,At Risk,190.25
13973,2011-02-25 15:21:00,2011-02-25 15:21:00,1,264.7,109,287,1,264.7,Churned,264.7
13974,2011-10-21 14:41:00,2011-10-21 14:41:00,1,413.59000000000003,249,49,1,413.59000000000003,At Risk,413.59000000000003
13975,2011-03-08 12:19:00,2011-11-08 13:19:00,6,2526.28,1732,31,6,2526.28,At Risk,2526.28
13976,2011-05-17 09:13:00,2011-05-17 09:13:00,1,357.98,154,207,1,357.98,Churned,357.98
13978,2011-10-25 15:04:00,2011-11-25 11:36:00,2,196.79,315,15,2,196.79,Active,196.79
13979,2011-09-27 13:32:00,2011-09-27 13:32:00,1,869.87,639,73,1,869.87,At Risk,869.87
13980,2011-10-10 13:34:00,2011-10-10 13:34:00,1,200.14,172,60,1,200.14,At Risk,200.14
13982,2010-12-09 13:57:00,2011-10-31 16:24:00,4,1871.81,1136,39,4,1871.81,At Risk,1871.81
13983,2010-12-08 10:38:00,2011-11-10 11:06:00,12,2603.43,1183,30,12,2603.43,Active,2603.43
13984,2010-12-08 15:58:00,2011-11-13 12:38:00,5,920.51,679,27,5,920.51,Active,920.51
13985,2011-03-20 13:48:00,2011-12-05 17:06:00,15,7060.13,3445,4,15,7060.13,Active,7060.13
13986,2011-11-22 15:00:00,2011-11-22 15:00:00,1,320.46,430,17,1,320.46,Active,320.46
13988,2011-03-30 11:48:00,2011-11-20 10:15:00,6,4147.96,3044,20,6,4147.96,Active,4147.96
13989,2011-04-14 15:39:00,2011-10-05 09:47:00,2,1266.08,1313,66,2,1266.08,At Risk,1266.08
13990,2011-05-10 15:19:00,2011-05-10 15:19:00,1,311.3,190,213,1,311.3,Churned,311.3
13991,2011-07-19 12:58:00,2011-11-27 16:18:00,6,855.97,998,12,6,855.97,Active,855.97
13992,2011-11-09 15:23:00,2011-11-09 15:23:00,1,76.8,64,30,1,76.8,Active,76.8
13993,2011-01-13 10:43:00,2011-10-28 09:06:00,9,3466.36,900,43,9,3466.36,At Risk,3466.36
13994,2011-07-14 18:28:00,2011-12-06 11:05:00,6,2313.14,940,4,6,2313.14,Active,2313.14
13995,2011-04-08 08:20:00,2011-11-24 14:22:00,5,1393.69,879,15,5,1393.69,Active,1393.69
13999,2010-12-13 11:23:00,2011-11-29 13:40:00,12,3901.81,2243,10,12,3901.81,Active,3901.81
14000,2011-05-12 16:50:00,2011-05-12 16:50:00,1,635.66,710,211,1,635.66,Churned,635.66
14001,2010-12-01 12:58:00,2011-10-25 10:31:00,3,2043.0800000000002,962,46,3,2043.0800000000002,At Risk,2043.0800000000002
14002,2011-07-06 14:59:00,2011-07-28 15:55:00,2,529.73,877,134,2,529.73,Churned,529.73
14004,2011-02-24 09:28:00,2011-10-27 14:40:00,7,4582.64,2668,43,7,4582.64,At Risk,4582.64
14005,2011-05-08 10:33:00,2011-11-30 12:41:00,5,2874.72,2478,10,5,2874.72,Active,2874.72
14006,2011-01-31 15:11:00,2011-08-16 09:39:00,3,962.19,641,116,3,962.19,Churned,962.19
14009,2011-05-18 13:00:00,2011-05-25 15:47:00,2,695.61,365,198,2,695.61,Churned,695.61
14012,2011-03-07 12:26:00,2011-03-07 12:26:00,1,328.8,160,278,1,328.8,Churned,328.8
14013,2011-03-09 08:59:00,2011-08-21 15:01:00,3,473.02,462,110,3,473.02,Churned,473.02
14014,2011-09-23 13:18:00,2011-09-23 13:18:00,1,505.18,1076,77,1,505.18,At Risk,505.18
14015,2011-10-18 10:02:00,2011-10-18 10:02:00,1,917.34,378,53,1,917.34,At Risk,917.34
14016,2010-12-17 14:21:00,2011-07-01 11:29:00,4,4341.21,2125,162,4,4341.21,Churned,4341.21
14019,2011-07-24 15:39:00,2011-10-24 10:13:00,3,1421.6100000000001,1037,47,3,1421.6100000000001,At Risk,1421.6100000000001
14020,2011-09-12 15:32:00,2011-11-23 09:22:00,2,642.8,441,17,2,642.8,Active,642.8
14021,2011-03-28 15:10:00,2011-07-07 15:46:00,3,631.9,192,155,3,631.9,Churned,631.9
14022,2011-04-28 14:39:00,2011-04-28 14:39:00,1,440.0,487,225,1,440.0,Churned,440.0
14023,2011-04-03 15:50:00,2011-12-02 13:58:00,2,584.07,345,7,2,584.07,Active,584.07
14024,2011-08-07 13:31:00,2011-08-10 11:30:00,2,327.7,150,122,2,327.7,Churned,327.7
14027,2011-10-10 09:01:00,2011-10-10 09:01:00,1,104.82,62,61,1,104.82,At Risk,104.82
14029,2011-07-18 16:57:00,2011-10-07 14:46:00,2,467.66,198,63,2,467.66,At Risk,467.66
14030,2010-12-08 16:11:00,2011-11-21 16:48:00,8,2360.09,1479,18,8,2360.09,Active,2360.09
14031,2010-12-02 16:34:00,2011-12-02 17:13:00,19,17286.86,5788,7,19,17286.86,Active,17286.86
14032,2010-12-08 10:53:00,2011-12-07 15:23:00,11,2975.59,2032,2,11,2975.59,Active,2975.59
14034,2011-07-05 13:06:00,2011-11-17 14:02:00,3,651.8199999999999,423,22,3,651.8199999999999,Active,651.8199999999999
14035,2011-02-15 12:48:00,2011-11-11 10:03:00,5,1428.02,739,29,5,1428.02,Active,1428.02
14036,2011-02-28 09:26:00,2011-02-28 09:26:00,1,626.65,268,285,1,626.65,Churned,626.65
14037,2010-12-10 11:39:00,2011-06-16 13:57:00,2,147.20000000000002,46,176,2,147.20000000000002,Churned,147.20000000000002
14038,2011-05-16 14:05:00,2011-09-22 13:37:00,3,1560.38,965,78,3,1560.38,At Risk,1560.38
14039,2011-11-06 13:48:00,2011-11-06 13:48:00,1,152.2,92,33,1,152.2,At Risk,152.2
14040,2011-01-12 14:57:00,2011-10-30 12:42:00,12,3614.92,1554,41,12,3614.92,At Risk,3614.92
14041,2011-03-18 13:25:00,2011-03-18 13:25:00,1,141.41,94,266,1,141.41,Churned,141.41
14044,2011-02-03 11:39:00,2011-11-13 12:05:00,4,652.82,308,27,4,652.82,Active,652.82
14045,2010-12-01 11:32:00,2011-08-22 15:27:00,4,1659.75,535,109,4,1659.75,Churned,1659.75
14046,2011-02-28 14:48:00,2011-02-28 14:48:00,1,154.99,460,284,1,154.99,Churned,154.99
14047,2010-12-02 10:09:00,2011-12-01 11:43:00,5,1308.6100000000001,381,9,5,1308.6100000000001,Active,1308.6100000000001
14048,2011-02-07 14:53:00,2011-02-07 14:53:00,1,409.93,288,305,1,409.93,Churned,409.93
14049,2011-01-26 11:27:00,2011-11-23 12:20:00,4,5681.72,3870,17,4,5681.72,Active,5681.72
14050,2011-08-25 13:46:00,2011-11-08 10:00:00,2,746.36,689,32,2,746.36,At Risk,746.36
14051,2010-12-08 12:49:00,2011-12-09 10:20:00,23,15610.390000000001,3756,1,23,15610.390000000001,Active,15610.390000000001
14052,2011-11-20 12:30:00,2011-11-20 12:30:00,1,225.35999999999999,89,20,1,225.35999999999999,Active,225.35999999999999
14053,2011-07-03 12:21:00,2011-08-07 14:27:00,2,260.25,215,124,2,260.25,Churned,260.25
14054,2011-10-05 15:49:00,2011-10-05 15:49:00,1,92.46000000000001,62,65,1,92.46000000000001,At Risk,92.46000000000001
14055,2011-08-25 15:04:00,2011-08-25 15:04:00,1,725.6400000000001,216,106,1,725.6400000000001,Churned,725.6400000000001
14056,2011-02-28 15:19:00,2011-12-08 13:36:00,23,8214.65,4273,1,23,8214.65,Active,8214.65
14057,2010-12-14 12:11:00,2011-11-16 10:32:00,17,6217.96,4876,24,17,6217.96,Active,6217.96
14059,2011-03-18 10:06:00,2011-03-18 10:06:00,1,183.6,128,267,1,183.6,Churned,183.6
14060,2010-12-02 12:11:00,2011-12-05 12:29:00,19,6140.42,5386,5,19,6140.42,Active,6140.42
14062,2010-12-10 15:56:00,2011-11-30 10:04:00,12,10464.85,5593,10,12,10464.85,Active,10464.85
14064,2011-03-10 12:59:00,2011-11-10 13:14:00,5,1353.74,1788,29,5,1353.74,Active,1353.74
14066,2011-03-18 12:21:00,2011-03-18 12:21:00,1,152.55,45,267,1,152.55,Churned,152.55
14067,2011-09-04 12:00:00,2011-10-07 10:21:00,2,374.7,361,64,2,374.7,At Risk,374.7
14068,2011-01-23 16:02:00,2011-01-23 16:02:00,1,265.85,73,320,1,265.85,Churned,265.85
14071,2011-03-20 11:33:00,2011-12-06 12:27:00,8,1438.82,995,4,8,1438.82,Active,1438.82
14073,2011-11-07 15:49:00,2011-11-07 15:49:00,1,151.04,130,32,1,151.04,At Risk,151.04
14075,2011-03-23 16:35:00,2011-12-05 08:38:00,3,942.26,754,5,3,942.26,Active,942.26
14076,2011-08-02 15:19:00,2011-08-02 15:19:00,1,122.47,81,129,1,122.47,Churned,122.47
14077,2011-03-10 15:52:00,2011-10-30 12:35:00,5,499.42,268,41,5,499.42,At Risk,499.42
14078,2010-12-01 12:54:00,2011-08-30 12:16:00,6,1049.37,310,102,6,1049.37,Churned,1049.37
14079,2011-08-07 12:10:00,2011-08-07 12:10:00,1,375.1,301,125,1,375.1,Churned,375.1
14080,2011-11-07 11:09:00,2011-11-07 11:09:00,1,45.599999999999994,48,33,1,45.599999999999994,At Risk,45.599999999999994
14081,2010-12-05 15:47:00,2011-02-10 16:17:00,2,934.52,596,302,2,934.52,Churned,934.52
14082,2010-12-10 11:02:00,2010-12-10 11:02:00,1,182.25,110,365,1,182.25,Churned,182.25
14083,2010-12-03 12:24:00,2011-12-05 13:14:00,9,1018.43,732,4,9,1018.43,Active,1018.43
14085,2010-12-06 12:39:00,2011-12-07 13:46:00,18,4448.54,3184,2,18,4448.54,Active,4448.54
14087,2011-12-07 12:41:00,2011-12-07 12:41:00,1,194.42,251,3,1,194.42,Active,194.42
14088,2011-01-21 13:07:00,2011-11-29 16:16:00,13,50491.81,12665,10,13,50491.81,Active,50491.81
14089,2011-10-14 10:38:00,2011-10-14 10:38:00,1,161.0,134,57,1,161.0,At Risk,161.0
14090,2011-01-19 10:51:00,2011-01-19 10:51:00,1,76.32000000000001,72,325,1,76.32000000000001,Churned,76.32000000000001
14092,2010-12-16 15:47:00,2011-12-02 12:13:00,14,4076.9100000000003,2066,8,14,4076.9100000000003,Active,4076.9100000000003
14093,2011-11-27 16:27:00,2011-11-27 16:27:00,1,442.85,406,12,1,442.85,Active,442.85
14096,2011-08-30 10:49:00,2011-12-05 17:17:00,17,65164.79,16352,4,17,65164.79,Active,65164.79
14098,2011-11-03 10:13:00,2011-11-03 10:13:00,1,147.35,104,37,1,147.35,At Risk,147.35
14099,2010-12-20 11:14:00,2011-11-23 13:53:00,11,3104.17,2179,16,11,3104.17,Active,3104.17
14100,2011-07-25 11:01:00,2011-07-25 11:01:00,1,194.9,64,138,1,194.9,Churned,194.9
14101,2011-01-17 13:09:00,2011-09-27 12:28:00,6,5976.79,6942,74,6,5976.79,At Risk,5976.79
14102,2011-10-26 12:46:00,2011-12-04 15:38:00,5,1360.28,961,5,5,1360.28,Active,1360.28
14104,2011-06-27 12:49:00,2011-07-08 12:50:00,2,216.21,72,155,2,216.21,Churned,216.21
14105,2011-04-14 17:58:00,2011-04-14 17:58:00,1,1266.23,800,239,1,1266.23,Churned,1266.23
14107,2010-12-10 13:29:00,2011-10-19 12:12:00,7,2703.23,1793,52,7,2703.23,At Risk,2703.23
14108,2011-08-30 11:32:00,2011-11-09 10:41:00,2,597.91,381,31,2,597.91,At Risk,597.91
14109,2011-09-28 10:18:00,2011-09-28 10:18:00,1,144.2,88,73,1,144.2,At Risk,144.2
14110,2011-03-18 09:59:00,2011-12-06 12:26:00,12,5683.15,2445,4,12,5683.15,Active,5683.15
14111,2011-04-12 11:36:00,2011-11-25 13:44:00,4,692.85,458,14,4,692.85,Active,692.85
14112,2011-03-09 11:28:00,2011-11-17 12:30:00,7,2915.15,1651,23,7,2915.15,Active,2915.15
14113,2010-12-20 12:14:00,2011-12-06 12:18:00,4,1840.42,745,4,4,1840.42,Active,1840.42
14114,2011-01-13 11:05:00,2011-03-11 09:42:00,2,386.53,101,274,2,386.53,Churned,386.53
14116,2011-08-10 12:44:00,2011-11-20 10:29:00,5,1382.74,707,20,5,1382.74,Active,1382.74
14117,2011-07-19 09:49:00,2011-07-19 09:49:00,1,90.0,72,144,1,90.0,Churned,90.0
14121,2011-10-11 10:39:00,2011-12-06 12:19:00,4,2780.15,2082,4,4,2780.15,Active,2780.15
14124,2011-09-16 13:32:00,2011-09-16 13:32:00,1,419.58,1618,84,1,419.58,At Risk,419.58
14125,2011-09-22 15:40:00,2011-11-29 12:47:00,3,2740.43,1640,11,3,2740.43,Active,2740.43
14126,2011-11-29 12:21:00,2011-12-02 11:45:00,3,706.1300000000001,508,8,3,706.1300000000001,Active,706.1300000000001
14127,2011-02-02 12:26:00,2011-08-09 10:49:00,3,709.71,321,123,3,709.71,Churned,709.71
14128,2011-03-29 10:49:00,2011-10-10 12:00:00,2,637.5,564,61,2,637.5,At Risk,637.5
14129,2011-03-24 08:44:00,2011-12-08 11:02:00,5,1123.8600000000001,592,2,5,1123.8600000000001,Active,1123.8600000000001
14130,2011-01-24 16:05:00,2011-01-24 16:05:00,1,483.86,258,319,1,483.86,Churned,483.86
14132,2011-06-09 12:04:00,2011-12-07 13:35:00,11,3586.03,3368,2,11,3586.03,Active,3586.03
14133,2011-01-28 11:27:00,2011-08-02 11:34:00,3,605.64,348,130,3,605.64,Churned,605.64
14135,2010-12-02 10:27:00,2011-12-08 11:38:00,15,4690.31,3850,2,15,4690.31,Active,4690.31
14138,2011-10-07 09:38:00,2011-12-08 12:44:00,2,982.38,610,2,2,982.38,Active,982.38
14139,2011-10-24 13:34:00,2011-10-24 13:34:00,1,415.82,510,46,1,415.82,At Risk,415.82
14140,2011-11-08 11:20:00,2011-12-06 09:05:00,2,935.05,811,4,2,935.05,Active,935.05
14141,2011-08-26 14:40:00,2011-12-07 09:53:00,4,915.13,355,3,4,915.13,Active,915.13
14142,2010-12-01 16:33:00,2010-12-01 16:33:00,1,311.81,313,373,1,311.81,Churned,311.81
14143,2011-07-29 09:48:00,2011-07-29 09:48:00,1,115.8,30,134,1,115.8,Churned,115.8
14145,2011-05-06 13:01:00,2011-10-24 12:10:00,4,3742.2,756,47,4,3742.2,At Risk,3742.2
14146,2010-12-17 15:52:00,2011-12-01 10:18:00,5,4191.0,2437,9,5,4191.0,Active,4191.0
14147,2011-02-27 11:42:00,2011-09-22 18:10:00,2,483.4,108,78,2,483.4,At Risk,483.4
14148,2011-04-20 12:02:00,2011-04-20 12:02:00,1,157.2,16,234,1,157.2,Churned,157.2
14149,2011-05-03 09:44:00,2011-05-03 09:44:00,1,446.62,218,221,1,446.62,Churned,446.62
14150,2010-12-15 10:04:00,2011-11-04 10:05:00,2,658.64,496,36,2,658.64,At Risk,658.64
14152,2011-04-19 15:46:00,2011-09-25 12:54:00,2,621.29,711,75,2,621.29,At Risk,621.29
14154,2011-04-14 15:58:00,2011-04-14 16:26:00,2,1345.62,465,239,2,1345.62,Churned,1345.62
14155,2011-03-18 14:13:00,2011-03-18 14:13:00,1,118.75,25,266,1,118.75,Churned,118.75
14156,2010-12-03 11:48:00,2011-11-30 10:54:00,55,117379.63,57885,10,55,117379.63,Active,117379.63
14157,2011-02-27 13:04:00,2011-11-20 11:32:00,2,432.88,284,20,2,432.88,Active,432.88
14158,2011-10-30 15:08:00,2011-10-30 15:08:00,1,507.65999999999997,781,40,1,507.65999999999997,At Risk,507.65999999999997
14159,2010-12-12 11:17:00,2011-11-20 12:36:00,11,4693.01,4408,20,11,4693.01,Active,4693.01
14161,2010-12-05 13:18:00,2011-05-08 11:41:00,3,1110.52,455,216,3,1110.52,Churned,1110.52
14162,2011-02-20 12:32:00,2011-06-19 11:36:00,2,289.36,142,174,2,289.36,Churned,289.36
14163,2011-04-14 17:33:00,2011-09-13 15:18:00,4,2445.91,893,87,4,2445.91,At Risk,2445.91
14164,2011-09-20 12:18:00,2011-09-30 12:24:00,2,1631.77,1033,71,2,1631.77,At Risk,1631.77
14165,2011-03-09 12:39:00,2011-03-09 12:39:00,1,122.53999999999999,54,276,1,122.53999999999999,Churned,122.53999999999999
14167,2011-01-12 15:44:00,2011-10-31 14:29:00,4,574.84,150,39,4,574.84,At Risk,574.84
14171,2011-09-02 16:43:00,2011-09-02 16:43:00,1,363.79,167,98,1,363.79,Churned,363.79
14173,2011-05-04 14:03:00,2011-11-29 11:54:00,4,450.84,150,11,4,450.84,Active,450.84
14174,2011-11-06 13:17:00,2011-11-06 13:17:00,1,134.46,94,33,1,134.46,At Risk,134.46
14175,2011-01-14 12:22:00,2011-10-11 11:55:00,3,3222.3,1515,60,3,3222.3,At Risk,3222.3
14176,2010-12-07 11:45:00,2011-02-15 13:12:00,4,576.9000000000001,209,297,4,576.9000000000001,Churned,576.9000000000001
14177,2011-06-13 11:10:00,2011-09-14 15:11:00,4,559.41,205,86,4,559.41,At Risk,559.41
14178,2011-06-10 12:51:00,2011-12-01 12:01:00,7,1620.93,1505,9,7,1620.93,Active,1620.93
14179,2011-10-18 14:00:00,2011-10-30 12:07:00,2,719.78,330,41,2,719.78,At Risk,719.78
14180,2010-12-02 13:08:00,2011-11-29 10:56:00,25,4748.52,719,11,25,4748.52,Active,4748.52
14184,2011-10-04 12:43:00,2011-10-04 12:43:00,1,452.89,127,67,1,452.89,At Risk,452.89
14185,2011-01-12 13:52:00,2011-01-12 13:52:00,1,197.65,6,331,1,197.65,Churned,197.65
14188,2011-02-02 13:46:00,2011-11-09 12:45:00,6,2054.36,1162,31,6,2054.36,At Risk,2054.36
14189,2010-12-06 11:42:00,2011-12-07 15:55:00,15,4654.08,3937,2,15,4654.08,Active,4654.08
14191,2011-05-03 10:30:00,2011-12-08 09:23:00,13,4684.76,3662,2,13,4684.76,Active,4684.76
14193,2011-03-15 11:38:00,2011-10-03 09:34:00,2,853.39,445,68,2,853.39,At Risk,853.39
14194,2011-02-04 14:51:00,2011-12-05 10:38:00,21,11349.52,5840,5,21,11349.52,Active,11349.52
14195,2011-04-01 16:50:00,2011-05-22 10:29:00,2,1012.0,760,202,2,1012.0,Churned,1012.0
14196,2011-08-25 10:25:00,2011-08-25 10:25:00,1,335.52,142,107,1,335.52,Churned,335.52
14198,2011-04-14 14:54:00,2011-11-21 16:35:00,4,701.4,290,18,4,701.4,Active,701.4
14199,2011-05-05 13:44:00,2011-05-05 13:44:00,1,185.39999999999998,28,218,1,185.39999999999998,Churned,185.39999999999998
14201,2010-12-15 13:25:00,2011-10-10 13:27:00,7,747.44,590,60,7,747.44,At Risk,747.44
14204,2011-12-07 13:38:00,2011-12-07 13:38:00,1,161.03,82,2,1,161.03,Active,161.03
14205,2011-03-20 15:07:00,2011-11-23 10:55:00,2,466.7,204,17,2,466.7,Active,466.7
14206,2011-04-14 16:38:00,2011-04-14 16:38:00,1,328.15999999999997,276,239,1,328.15999999999997,Churned,328.15999999999997
14208,2011-09-06 12:48:00,2011-09-06 12:48:00,1,151.74,114,95,1,151.74,Churned,151.74
14209,2011-01-11 12:56:00,2011-11-29 10:18:00,6,2073.43,691,11,6,2073.43,Active,2073.43
14210,2010-12-03 12:43:00,2011-08-26 12:36:00,6,1905.8400000000001,760,106,6,1905.8400000000001,Churned,1905.8400000000001
14211,2011-02-17 15:50:00,2011-10-17 13:23:00,9,2241.1,1242,53,9,2241.1,At Risk,2241.1
14212,2011-09-11 12:45:00,2011-09-11 12:45:00,1,1070.48,1152,90,1,1070.48,At Risk,1070.48
14214,2011-03-07 12:26:00,2011-11-09 10:31:00,5,1004.38,751,31,5,1004.38,At Risk,1004.38
14215,2010-12-06 15:34:00,2011-11-28 12:19:00,6,1789.72,1358,12,6,1789.72,Active,1789.72
14216,2011-11-02 10:51:00,2011-12-06 14:56:00,4,1839.3,594,3,4,1839.3,Active,1839.3
14217,2010-12-08 13:28:00,2011-12-08 11:53:00,17,2004.98,689,2,17,2004.98,Active,2004.98
14218,2011-10-28 10:00:00,2011-10-28 10:00:00,1,169.48000000000002,160,43,1,169.48000000000002,At Risk,169.48000000000002
14219,2011-12-05 16:23:00,2011-12-05 16:23:00,1,89.94,78,4,1,89.94,Active,89.94
14220,2010-12-16 18:18:00,2011-04-06 13:23:00,2,632.4000000000001,272,247,2,632.4000000000001,Churned,632.4000000000001
14221,2011-01-04 15:33:00,2011-10-28 13:42:00,9,3432.8,2191,42,9,3432.8,At Risk,3432.8
14222,2011-06-15 16:42:00,2011-06-15 16:42:00,1,683.17,607,177,1,683.17,Churned,683.17
14223,2011-03-20 16:02:00,2011-09-08 13:38:00,3,991.13,585,92,3,991.13,Churned,991.13
14224,2011-01-23 13:58:00,2011-08-21 13:24:00,4,1050.1200000000001,514,110,4,1050.1200000000001,Churned,1050.1200000000001
14226,2011-03-15 15:36:00,2011-11-11 11:34:00,5,2232.19,1308,29,5,2232.19,Active,2232.19
14227,2011-02-28 12:27:00,2011-11-13 15:48:00,10,3350.96,1820,26,10,3350.96,Active,3350.96
14229,2011-01-10 12:03:00,2011-10-19 10:04:00,3,1547.2,610,52,3,1547.2,At Risk,1547.2
14231,2011-02-24 11:55:00,2011-06-09 11:05:00,3,925.71,409,184,3,925.71,Churned,925.71
14232,2011-03-20 12:44:00,2011-10-28 11:09:00,5,2048.07,1941,43,5,2048.07,At Risk,2048.07
14233,2011-01-26 12:43:00,2011-10-21 15:54:00,4,1462.72,680,49,4,1462.72,At Risk,1462.72
14234,2011-10-13 13:58:00,2011-11-17 17:53:00,4,775.46,963,22,4,775.46,Active,775.46
14235,2011-03-24 13:23:00,2011-09-25 14:37:00,5,3144.86,1959,75,5,3144.86,At Risk,3144.86
14236,2010-12-02 18:49:00,2011-09-20 09:13:00,2,490.86,310,81,2,490.86,At Risk,490.86
14237,2010-12-01 13:20:00,2010-12-01 13:20:00,1,161.0,38,373,1,161.0,Churned,161.0
14238,2011-01-17 14:40:00,2011-01-17 14:40:00,1,146.85,111,326,1,146.85,Churned,146.85
14239,2011-01-27 14:45:00,2011-10-27 14:40:00,11,2380.85,993,43,11,2380.85,At Risk,2380.85
14240,2011-04-28 11:40:00,2011-11-09 13:45:00,2,890.34,418,30,2,890.34,Active,890.34
14241,2011-06-09 11:46:00,2011-06-09 11:46:00,1,213.70000000000002,146,184,1,213.70000000000002,Churned,213.70000000000002
14242,2011-01-18 08:53:00,2011-04-19 11:46:00,2,280.55,123,235,2,280.55,Churned,280.55
14243,2010-12-09 08:34:00,2011-12-01 11:12:00,10,2588.77,1221,9,10,2588.77,Active,2588.77
14245,2011-03-21 10:41:00,2011-05-04 08:40:00,2,1693.45,976,220,2,1693.45,Churned,1693.45
14246,2011-04-08 08:25:00,2011-08-21 11:50:00,3,1474.06,804,111,3,1474.06,Churned,1474.06
14247,2011-03-06 15:21:00,2011-03-06 15:21:00,1,136.77,47,278,1,136.77,Churned,136.77
14248,2011-01-25 14:45:00,2011-01-25 14:45:00,1,302.58,102,318,1,302.58,Churned,302.58
14250,2011-09-11 13:44:00,2011-12-02 14:30:00,3,1904.05,1200,7,3,1904.05,Active,1904.05
14251,2011-10-13 12:46:00,2011-12-08 08:32:00,5,2879.7000000000003,1674,2,5,2879.7000000000003,Active,2879.7000000000003
14256,2010-12-10 11:44:00,2011-03-24 13:17:00,2,969.0600000000001,414,260,2,969.0600000000001,Churned,969.0600000000001
14257,2011-01-25 10:49:00,2011-10-06 16:54:00,5,3099.7200000000003,1682,64,5,3099.7200000000003,At Risk,3099.7200000000003
14258,2011-01-06 12:18:00,2011-11-30 15:27:00,9,12669.98,7100,9,9,12669.98,Active,12669.98
14259,2011-07-21 10:44:00,2011-07-21 10:44:00,1,120.0,68,142,1,120.0,Churned,120.0
14261,2011-09-22 10:47:00,2011-10-20 10:04:00,2,1163.45,406,51,2,1163.45,At Risk,1163.45
14262,2011-04-13 12:23:00,2011-12-01 14:17:00,8,2618.23,1645,8,8,2618.23,Active,2618.23
14264,2011-04-08 12:20:00,2011-07-08 10:20:00,2,333.97,70,155,2,333.97,Churned,333.97
14265,2011-07-14 09:10:00,2011-08-22 13:32:00,2,530.18,330,109,2,530.18,Churned,530.18
14267,2011-03-24 11:38:00,2011-06-30 10:09:00,3,1516.24,530,163,3,1516.24,Churned,1516.24
14270,2011-01-12 09:33:00,2011-01-12 09:33:00,1,492.65000000000003,197,332,1,492.65000000000003,Churned,492.65000000000003
14271,2011-04-28 12:47:00,2011-04-28 12:47:00,1,112.32000000000001,88,226,1,112.32000000000001,Churned,112.32000000000001
14272,2011-03-30 13:57:00,2011-09-27 10:08:00,2,437.96,599,74,2,437.96,At Risk,437.96
14273,2011-04-11 13:24:00,2011-10-19 13:20:00,4,559.97,264,51,4,559.97,At Risk,559.97
14276,2011-02-23 09:38:00,2011-09-02 09:45:00,3,1119.74,744,99,3,1119.74,Churned,1119.74
14277,2011-05-11 13:20:00,2011-11-24 15:01:00,3,4216.2,1984,15,3,4216.2,Active,4216.2
14280,2011-05-27 10:37:00,2011-05-27 10:37:00,1,134.04,52,197,1,134.04,Churned,134.04
14282,2010-12-07 12:21:00,2011-12-06 17:04:00,15,3729.34,2668,3,15,3729.34,Active,3729.34
14284,2011-09-14 13:04:00,2011-11-09 08:11:00,2,595.25,161,31,2,595.25,At Risk,595.25
14285,2011-06-16 12:36:00,2011-11-18 14:50:00,4,1910.01,541,21,4,1910.01,Active,1910.01
14286,2011-04-11 08:16:00,2011-11-16 10:34:00,3,4628.75,4338,24,3,4628.75,Active,4628.75
14287,2011-05-25 11:41:00,2011-12-01 13:25:00,3,176.63,261,8,3,176.63,Active,176.63
14288,2011-05-10 13:22:00,2011-05-10 13:22:00,1,426.6,188,213,1,426.6,Churned,426.6
14289,2011-02-23 12:33:00,2011-12-01 11:44:00,6,911.26,292,9,6,911.26,Active,911.26
14290,2010-12-13 10:24:00,2011-11-28 14:02:00,5,2314.65,915,11,5,2314.65,Active,2314.65
14291,2011-03-09 15:20:00,2011-12-08 10:26:00,11,3883.25,2749,2,11,3883.25,Active,3883.25
14292,2011-03-02 08:26:00,2011-12-02 11:50:00,9,4871.93,1663,8,9,4871.93,Active,4871.93
14293,2010-12-06 10:18:00,2011-12-06 15:17:00,4,1046.56,709,3,4,1046.56,Active,1046.56
14295,2011-10-30 15:50:00,2011-10-30 15:50:00,1,166.20000000000002,84,40,1,166.20000000000002,At Risk,166.20000000000002
14297,2011-03-10 08:31:00,2011-11-22 09:06:00,4,1305.33,865,18,4,1305.33,Active,1305.33
14298,2010-12-14 12:59:00,2011-12-01 13:12:00,44,51527.3,58343,8,44,51527.3,Active,51527.3
14299,2010-12-09 10:30:00,2011-12-01 16:05:00,9,3965.62,2149,8,9,3965.62,Active,3965.62
14300,2011-11-21 08:57:00,2011-11-21 08:57:00,1,43.2,32,19,1,43.2,Active,43.2
14301,2011-08-14 15:33:00,2011-08-14 15:33:00,1,640.14,606,117,1,640.14,Churned,640.14
14304,2011-05-01 11:50:00,2011-05-01 11:50:00,1,383.45,139,223,1,383.45,Churned,383.45
14305,2011-07-27 14:14:00,2011-09-29 15:29:00,3,1858.96,1089,71,3,1858.96,At Risk,1858.96
14306,2011-09-15 10:31:00,2011-10-19 13:23:00,2,2093.32,1075,51,2,2093.32,At Risk,2093.32
14307,2010-12-01 11:41:00,2011-09-12 09:38:00,6,2995.7200000000003,2058,89,6,2995.7200000000003,At Risk,2995.7200000000003
14309,2010-12-16 13:05:00,2011-12-01 13:33:00,9,2352.53,1633,8,9,2352.53,Active,2352.53
14311,2011-04-11 10:14:00,2011-04-11 10:14:00,1,310.26,146,243,1,310.26,Churned,310.26
14312,2011-01-06 16:35:00,2011-10-24 09:46:00,6,1611.5900000000001,1012,47,6,1611.5900000000001,At Risk,1611.5900000000001
14314,2011-08-25 10:39:00,2011-08-25 10:39:00,1,120.0,296,107,1,120.0,Churned,120.0
14315,2011-03-18 12:59:00,2011-10-26 12:06:00,6,2481.13,1021,45,6,2481.13,At Risk,2481.13
14317,2011-10-06 10:44:00,2011-10-06 10:44:00,1,508.58,255,65,1,508.58,At Risk,508.58
14320,2011-01-11 09:12:00,2011-05-17 09:24:00,2,477.79,325,207,2,477.79,Churned,477.79
14321,2011-01-10 11:35:00,2011-11-29 09:47:00,5,1530.75,2406,11,5,1530.75,Active,1530.75
14323,2011-04-15 11:44:00,2011-08-17 11:37:00,2,605.0600000000001,350,115,2,605.0600000000001,Churned,605.0600000000001
14326,2011-04-11 15:04:00,2011-04-11 15:04:00,1,183.85,103,242,1,183.85,Churned,183.85
14327,2011-06-29 13:58:00,2011-06-29 13:58:00,1,311.65000000000003,139,163,1,311.65000000000003,Churned,311.65000000000003
14329,2011-01-14 13:42:00,2011-11-22 15:50:00,7,5014.84,3095,17,7,5014.84,Active,5014.84
14331,2011-07-27 15:14:00,2011-08-07 13:17:00,2,462.66,252,124,2,462.66,Churned,462.66
14332,2011-07-15 10:33:00,2011-11-17 11:54:00,3,866.3100000000001,481,23,3,866.3100000000001,Active,866.3100000000001
14333,2011-10-03 10:38:00,2011-10-03 10:38:00,1,415.2,58,68,1,415.2,At Risk,415.2
14334,2010-12-16 17:37:00,2011-11-23 10:01:00,8,2552.21,1731,17,8,2552.21,Active,2552.21
14335,2011-09-04 13:07:00,2011-11-23 13:41:00,2,468.26,379,16,2,468.26,Active,468.26
14336,2011-03-08 16:48:00,2011-11-23 11:40:00,4,1614.91,1759,17,4,1614.91,Active,1614.91
14338,2011-05-27 13:30:00,2011-07-01 14:08:00,2,588.22,335,161,2,588.22,Churned,588.22
14339,2011-04-11 11:06:00,2011-04-11 11:06:00,1,309.52000000000004,168,243,1,309.52000000000004,Churned,309.52000000000004
14340,2011-05-05 09:44:00,2011-05-05 09:44:00,1,134.7,58,219,1,134.7,Churned,134.7
14341,2011-01-25 13:55:00,2011-10-25 15:48:00,8,2182.28,1403,45,8,2182.28,At Risk,2182.28
14342,2011-05-13 13:50:00,2011-11-18 13:21:00,4,668.5600000000001,347,21,4,668.5600000000001,Active,668.5600000000001
14344,2010-12-06 11:58:00,2011-08-04 13:51:00,8,889.9300000000001,477,127,8,889.9300000000001,Churned,889.9300000000001
14345,2011-11-01 09:51:00,2011-11-01 09:51:00,1,108.98,50,39,1,108.98,At Risk,108.98
14346,2011-02-15 13:52:00,2011-08-11 09:47:00,2,1021.58,605,121,2,1021.58,Churned,1021.58
14348,2011-03-24 16:23:00,2011-03-24 16:23:00,1,409.57,183,260,1,409.57,Churned,409.57
14349,2011-11-29 15:39:00,2011-11-29 15:39:00,1,133.5,86,10,1,133.5,Active,133.5
14350,2011-03-10 14:14:00,2011-03-10 14:14:00,1,282.93,183,274,1,282.93,Churned,282.93
14351,2011-06-28 11:56:00,2011-06-28 11:56:00,1,51.0,12,165,1,51.0,Churned,51.0
14352,2011-03-11 14:58:00,2011-07-05 15:41:00,4,1078.96,538,157,4,1078.96,Churned,1078.96
14353,2011-05-08 16:06:00,2011-05-08 16:06:00,1,90.6,64,215,1,90.6,Churned,90.6
14354,2011-11-09 15:36:00,2011-12-04 11:32:00,2,163.62,210,6,2,163.62,Active,163.62
14355,2010-12-09 12:16:00,2010-12-09 12:16:00,1,174.4,92,366,1,174.4,Churned,174.4
14356,2011-09-19 14:43:00,2011-09-21 09:18:00,2,701.23,277,80,2,701.23,At Risk,701.23
14357,2011-10-27 16:23:00,2011-10-27 16:23:00,1,225.77,148,43,1,225.77,At Risk,225.77
14359,2011-09-13 09:03:00,2011-11-20 13:17:00,3,912.1800000000001,371,19,3,912.1800000000001,Active,912.1800000000001
14360,2011-09-06 11:58:00,2011-11-08 09:12:00,4,2128.23,1151,32,4,2128.23,At Risk,2128.23
14362,2011-11-17 15:08:00,2011-11-17 15:08:00,1,161.2,100,22,1,161.2,Active,161.2
14364,2011-05-12 12:56:00,2011-08-23 11:01:00,8,3717.35,1967,109,8,3717.35,Churned,3717.35
14367,2011-03-08 14:12:00,2011-12-01 13:19:00,16,9261.52,4438,8,16,9261.52,Active,9261.52
14368,2011-01-24 09:52:00,2011-01-24 09:52:00,1,155.0,36,320,1,155.0,Churned,155.0
14371,2011-02-17 16:35:00,2011-02-17 16:35:00,1,100.5,34,295,1,100.5,Churned,100.5
14373,2010-12-16 15:40:00,2010-12-16 15:40:00,1,76.55,17,358,1,76.55,Churned,76.55
14375,2011-06-07 13:44:00,2011-06-07 13:44:00,1,257.68,194,185,1,257.68,Churned,257.68
14377,2011-03-22 13:38:00,2011-06-01 13:32:00,2,617.05,219,191,2,617.05,Churned,617.05
14379,2011-02-17 15:03:00,2011-10-26 16:43:00,2,348.1,292,44,2,348.1,At Risk,348.1
14381,2011-10-18 17:10:00,2011-10-18 17:10:00,1,202.68,146,52,1,202.68,At Risk,202.68
14382,2011-11-13 16:18:00,2011-11-13 16:18:00,1,626.07,1237,26,1,626.07,Active,626.07
14383,2011-06-29 10:18:00,2011-11-01 15:53:00,3,1247.69,817,38,3,1247.69,At Risk,1247.69
14385,2011-11-16 11:55:00,2011-11-30 15:36:00,3,202.10999999999999,159,9,3,202.10999999999999,Active,202.10999999999999
14386,2011-02-16 09:45:00,2011-02-16 09:45:00,1,142.4,54,297,1,142.4,Churned,142.4
14387,2011-08-22 14:13:00,2011-11-07 12:29:00,3,1770.56,819,33,3,1770.56,At Risk,1770.56
14388,2010-12-02 11:02:00,2011-11-29 13:32:00,8,3212.84,1941,10,8,3212.84,Active,3212.84
14389,2011-06-02 12:04:00,2011-10-05 15:17:00,2,1043.46,729,65,2,1043.46,At Risk,1043.46
14390,2010-12-02 11:57:00,2011-11-29 13:49:00,9,4652.82,2136,10,9,4652.82,Active,4652.82
14393,2011-05-05 18:16:00,2011-05-05 18:16:00,1,67.95,13,218,1,67.95,Churned,67.95
14395,2010-12-02 18:15:00,2011-12-07 14:34:00,9,3507.71,1693,2,9,3507.71,Active,3507.71
14396,2010-12-03 15:19:00,2011-10-05 16:09:00,2,487.99,225,65,2,487.99,At Risk,487.99
14397,2011-05-10 12:25:00,2011-12-07 09:22:00,19,2612.96,1890,3,19,2612.96,Active,2612.96
14400,2011-07-13 15:50:00,2011-07-13 15:50:00,1,574.7,454,149,1,574.7,Churned,574.7
14401,2010-12-15 09:07:00,2011-12-05 13:30:00,13,4051.48,4507,4,13,4051.48,Active,4051.48
14403,2011-04-06 14:23:00,2011-08-01 12:57:00,4,1475.81,519,130,4,1475.81,Churned,1475.81
14404,2010-12-05 16:00:00,2011-11-06 12:30:00,6,1474.32,839,34,6,1474.32,At Risk,1474.32
14406,2011-08-12 16:54:00,2011-08-12 16:54:00,1,156.75,77,119,1,156.75,Churned,156.75
14407,2011-03-08 11:59:00,2011-08-24 14:02:00,6,2157.73,1415,107,6,2157.73,Churned,2157.73
14408,2011-03-20 14:41:00,2011-11-29 11:41:00,7,2606.53,1616,11,7,2606.53,Active,2606.53
14409,2010-12-06 15:03:00,2011-09-29 18:18:00,6,2059.4500000000003,1230,71,6,2059.4500000000003,At Risk,2059.4500000000003
14410,2011-02-07 09:36:00,2011-09-08 15:08:00,9,1105.07,571,92,9,1105.07,Churned,1105.07
14411,2011-02-02 10:56:00,2011-02-02 10:56:00,1,1063.0,196,311,1,1063.0,Churned,1063.0
14412,2011-09-28 08:48:00,2011-10-28 10:45:00,2,770.03,786,43,2,770.03,At Risk,770.03
14413,2010-12-12 13:37:00,2010-12-12 13:37:00,1,122.7,68,362,1,122.7,Churned,122.7
14414,2010-12-16 11:11:00,2011-09-09 12:09:00,7,1496.98,2512,92,7,1496.98,Churned,1496.98
14415,2010-12-14 13:31:00,2011-12-08 14:38:00,13,5900.28,3011,1,13,5900.28,Active,5900.28
14416,2011-10-28 15:10:00,2011-11-17 15:22:00,2,490.22,326,22,2,490.22,Active,490.22
14418,2011-08-23 17:18:00,2011-12-06 11:39:00,3,1937.25,1711,4,3,1937.25,Active,1937.25
14419,2010-12-10 10:56:00,2011-11-29 11:22:00,6,1058.06,487,11,6,1058.06,Active,1058.06
14420,2011-09-01 18:07:00,2011-09-01 18:07:00,1,387.52,334,99,1,387.52,Churned,387.52
14421,2011-05-12 10:49:00,2011-10-13 13:24:00,2,813.11,365,57,2,813.11,At Risk,813.11
14422,2011-03-17 17:26:00,2011-12-09 11:26:00,6,4263.64,2906,1,6,4263.64,Active,4263.64
14423,2011-05-05 15:12:00,2011-05-05 15:12:00,1,265.2,120,218,1,265.2,Churned,265.2
14424,2011-11-22 11:48:00,2011-11-22 11:48:00,1,322.08,48,18,1,322.08,Active,322.08
14426,2011-01-31 09:51:00,2011-11-16 12:25:00,10,4481.67,2699,24,10,4481.67,Active,4481.67
14427,2011-10-07 09:10:00,2011-10-20 14:23:00,2,363.34000000000003,228,50,2,363.34000000000003,At Risk,363.34000000000003
14428,2011-01-18 16:39:00,2011-12-02 13:17:00,5,1244.83,436,7,5,1244.83,Active,1244.83
14431,2011-02-10 10:40:00,2011-02-10 10:40:00,1,470.36,130,303,1,470.36,Churned,470.36
14432,2011-09-11 14:09:00,2011-11-30 08:04:00,6,2255.51,2070,10,6,2255.51,Active,2255.51
14434,2011-09-28 15:31:00,2011-11-18 08:56:00,6,1372.8,368,22,6,1372.8,Active,1372.8
14436,2011-09-02 10:13:00,2011-09-02 10:13:00,1,89.06,129,99,1,89.06,Churned,89.06
14437,2010-12-09 09:27:00,2010-12-09 09:27:00,1,63.0,60,366,1,63.0,Churned,63.0
14438,2011-02-06 14:56:00,2011-02-06 14:56:00,1,131.9,82,306,1,131.9,Churned,131.9
14439,2011-01-24 11:39:00,2011-01-24 11:39:00,1,2661.24,526,320,1,2661.24,Churned,2661.24
14440,2010-12-09 12:49:00,2011-12-01 15:42:00,5,2357.68,588,8,5,2357.68,Active,2357.68
14441,2011-03-29 12:01:00,2011-12-09 09:07:00,4,1712.89,446,1,4,1712.89,Active,1712.89
14442,2011-01-27 09:33:00,2011-05-19 11:36:00,2,1589.82,482,205,2,1589.82,Churned,1589.82
14443,2010-12-06 11:03:00,2011-10-17 10:10:00,4,1420.2,938,54,4,1420.2,At Risk,1420.2
14446,2011-04-07 12:10:00,2011-12-09 11:34:00,4,1039.58,933,1,4,1039.58,Active,1039.58
14447,2011-03-04 10:49:00,2011-11-21 08:28:00,5,1163.23,571,19,5,1163.23,Active,1163.23
14448,2010-12-10 17:26:00,2011-11-30 13:50:00,2,375.35,104,9,2,375.35,Active,375.35
14449,2010-12-02 14:09:00,2011-11-21 12:06:00,4,907.1,757,19,4,907.1,Active,907.1
14450,2011-01-23 11:53:00,2011-06-12 10:46:00,3,483.25,241,181,3,483.25,Churned,483.25
14451,2011-05-29 12:35:00,2011-10-10 13:38:00,2,662.59,389,60,2,662.59,At Risk,662.59
14452,2011-09-07 11:32:00,2011-11-29 12:06:00,2,264.44,119,11,2,264.44,Active,264.44
14453,2011-06-02 14:15:00,2011-06-02 14:15:00,1,119.93,49,190,1,119.93,Churned,119.93
14456,2011-07-20 13:06:00,2011-12-04 13:59:00,9,3062.4,2908,5,9,3062.4,Active,3062.4
14457,2011-02-02 09:39:00,2011-02-02 09:39:00,1,113.64,88,311,1,113.64,Churned,113.64
14459,2011-07-07 13:35:00,2011-07-07 13:35:00,1,1837.92,760,155,1,1837.92,Churned,1837.92
14460,2011-02-02 11:55:00,2011-08-21 14:19:00,3,434.34,881,110,3,434.34,Churned,434.34
14461,2011-03-23 12:15:00,2011-07-14 17:11:00,3,2103.06,766,148,3,2103.06,Churned,2103.06
14462,2011-01-04 12:45:00,2011-10-04 15:55:00,11,2004.02,964,66,11,2004.02,At Risk,2004.02
14463,2011-05-18 14:42:00,2011-09-02 15:20:00,3,529.62,179,98,3,529.62,Churned,529.62
14465,2011-02-10 12:13:00,2011-04-07 12:38:00,3,1058.6200000000001,405,247,3,1058.6200000000001,Churned,1058.6200000000001
14466,2010-12-02 13:36:00,2011-11-10 14:07:00,7,2272.4,1006,29,7,2272.4,Active,2272.4
14467,2011-01-31 12:35:00,2011-11-22 12:48:00,4,598.76,278,18,4,598.76,Active,598.76
14470,2011-02-25 11:56:00,2011-11-28 10:31:00,2,461.19,193,12,2,461.19,Active,461.19
14472,2010-12-19 14:03:00,2011-08-28 11:01:00,8,1936.84,1160,104,8,1936.84,Churned,1936.84
14473,2011-03-02 13:56:00,2011-09-26 15:10:00,2,234.34,88,74,2,234.34,At Risk,234.34
14474,2011-10-24 13:26:00,2011-10-24 13:26:00,1,547.66,140,46,1,547.66,At Risk,547.66
14475,2011-02-08 10:12:00,2011-09-29 10:46:00,3,925.85,447,72,3,925.85,At Risk,925.85
14476,2011-03-27 15:39:00,2011-03-27 15:39:00,1,215.7,132,257,1,215.7,Churned,215.7
14477,2011-02-15 15:44:00,2011-11-20 11:11:00,4,1309.6,720,20,4,1309.6,Active,1309.6
14479,2010-12-09 12:59:00,2011-03-31 09:07:00,2,316.25,117,254,2,316.25,Churned,316.25
14480,2011-11-28 16:35:00,2011-11-28 16:35:00,1,279.05,143,11,1,279.05,Active,279.05
14481,2011-02-25 13:53:00,2011-06-28 10:38:00,2,636.51,489,165,2,636.51,Churned,636.51
14482,2011-04-14 16:41:00,2011-11-21 13:14:00,6,2068.15,1646,18,6,2068.15,Active,2068.15
14483,2011-03-03 10:26:00,2011-03-03 10:26:00,1,137.1,97,282,1,137.1,Churned,137.1
14484,2011-10-20 14:11:00,2011-10-20 14:11:00,1,321.92,210,50,1,321.92,At Risk,321.92
14485,2011-11-01 12:25:00,2011-11-01 12:25:00,1,165.75,71,39,1,165.75,At Risk,165.75
14487,2010-12-06 13:22:00,2011-11-13 12:17:00,6,1196.33,735,27,6,1196.33,Active,1196.33
14488,2011-10-03 09:30:00,2011-10-03 09:30:00,1,1064.28,799,68,1,1064.28,At Risk,1064.28
14489,2011-05-16 14:51:00,2011-05-16 14:51:00,1,463.38,299,207,1,463.38,Churned,463.38
14491,2010-12-02 12:10:00,2011-06-17 15:22:00,2,340.93,139,175,2,340.93,Churned,340.93
14493,2011-07-07 16:59:00,2011-12-02 16:14:00,5,2383.2400000000002,1285,7,5,2383.2400000000002,Active,2383.2400000000002
14494,2011-11-14 09:21:00,2011-11-14 09:21:00,1,139.56,92,26,1,139.56,Active,139.56
14495,2011-08-10 14:13:00,2011-10-20 12:28:00,2,123.80000000000001,62,51,2,123.80000000000001,At Risk,123.80000000000001
14496,2010-12-01 15:35:00,2011-02-01 09:01:00,2,538.8100000000001,159,312,2,538.8100000000001,Churned,538.8100000000001
14497,2011-02-03 17:01:00,2011-02-03 17:01:00,1,475.37,235,309,1,475.37,Churned,475.37
14498,2010-12-13 11:29:00,2011-10-28 12:09:00,5,1957.32,1098,43,5,1957.32,At Risk,1957.32
14499,2011-03-06 11:55:00,2011-11-13 13:01:00,3,815.32,501,26,3,815.32,Active,815.32
14500,2011-06-03 10:08:00,2011-09-12 16:45:00,3,356.85,117,88,3,356.85,At Risk,356.85
14501,2011-01-24 10:43:00,2011-06-09 12:02:00,2,251.21,161,184,2,251.21,Churned,251.21
14502,2011-01-30 15:52:00,2011-11-20 11:50:00,11,2470.67,1498,20,11,2470.67,Active,2470.67
14503,2011-06-14 10:00:00,2011-12-06 13:30:00,6,3543.26,2004,3,6,3543.26,Active,3543.26
14504,2011-03-06 14:38:00,2011-10-23 16:00:00,4,673.26,308,47,4,673.26,At Risk,673.26
14505,2010-12-12 16:14:00,2011-11-22 15:45:00,8,5905.64,2759,17,8,5905.64,Active,5905.64
14506,2010-12-05 14:25:00,2011-11-22 13:02:00,5,2012.17,730,17,5,2012.17,Active,2012.17
14507,2011-03-08 17:23:00,2011-11-16 12:21:00,6,1383.18,600,24,6,1383.18,Active,1383.18
14508,2011-09-11 11:29:00,2011-11-17 19:48:00,2,276.42,131,22,2,276.42,Active,276.42
14511,2011-07-29 12:13:00,2011-11-28 17:05:00,5,1314.81,784,11,5,1314.81,Active,1314.81
14512,2011-04-21 19:05:00,2011-06-05 12:39:00,2,275.28,122,188,2,275.28,Churned,275.28
14513,2011-02-24 09:36:00,2011-08-31 11:25:00,3,455.59000000000003,361,101,3,455.59000000000003,Churned,455.59000000000003
14514,2011-01-12 15:22:00,2011-10-09 16:05:00,3,1055.35,589,61,3,1055.35,At Risk,1055.35
14515,2011-05-05 12:13:00,2011-11-22 11:37:00,6,2102.09,1134,18,6,2102.09,Active,2102.09
14517,2011-07-21 11:42:00,2011-11-06 14:20:00,2,330.45,91,33,2,330.45,At Risk,330.45
14518,2011-10-06 14:43:00,2011-10-06 14:43:00,1,174.37,278,64,1,174.37,At Risk,174.37
14520,2011-02-22 09:15:00,2011-12-08 09:46:00,2,270.6,146,2,2,270.6,Active,270.6
14522,2011-05-25 16:01:00,2011-11-15 13:24:00,4,974.54,525,24,4,974.54,Active,974.54
14523,2011-08-23 13:13:00,2011-08-23 13:13:00,1,241.09,251,108,1,241.09,Churned,241.09
14524,2010-12-14 11:01:00,2011-11-08 12:29:00,9,1867.68,676,32,9,1867.68,At Risk,1867.68
14525,2010-12-13 17:40:00,2011-11-20 11:37:00,9,4332.2,2696,20,9,4332.2,Active,4332.2
14527,2010-12-05 13:17:00,2011-12-07 12:19:00,55,8508.82,2089,3,55,8508.82,Active,8508.82
14528,2011-11-02 17:09:00,2011-11-02 17:09:00,1,364.21999999999997,278,37,1,364.21999999999997,At Risk,364.21999999999997
14529,2011-08-21 14:10:00,2011-10-10 15:27:00,3,620.04,348,60,3,620.04,At Risk,620.04
14530,2011-02-16 10:47:00,2011-11-14 10:38:00,6,2925.91,1410,26,6,2925.91,Active,2925.91
14532,2010-12-22 13:48:00,2011-04-17 13:05:00,4,932.85,284,236,4,932.85,Churned,932.85
14533,2010-12-22 11:07:00,2011-11-15 12:05:00,7,1949.72,4019,25,7,1949.72,Active,1949.72
14534,2011-01-25 12:33:00,2011-12-07 12:19:00,18,4447.05,2047,3,18,4447.05,Active,4447.05
14535,2011-04-05 12:50:00,2011-10-10 15:39:00,3,2864.19,1831,60,3,2864.19,At Risk,2864.19
14536,2011-03-25 12:21:00,2011-03-25 12:21:00,1,171.8,40,260,1,171.8,Churned,171.8
14537,2011-10-13 10:54:00,2011-10-13 10:54:00,1,355.56,120,58,1,355.56,At Risk,355.56
14538,2011-03-28 14:57:00,2011-10-06 10:31:00,2,388.25,155,65,2,388.25,At Risk,388.25
14539,2011-10-26 12:03:00,2011-11-24 09:50:00,2,537.48,428,16,2,537.48,Active,537.48
14540,2011-02-03 15:02:00,2011-11-30 10:15:00,3,996.26,421,10,3,996.26,Active,996.26
14541,2011-01-24 14:16:00,2011-10-12 10:08:00,8,1461.65,647,59,8,1461.65,At Risk,1461.65
14542,2011-06-07 08:19:00,2011-06-07 08:19:00,1,103.25,19,186,1,103.25,Churned,103.25
14543,2010-12-10 11:51:00,2011-11-11 12:45:00,16,3630.33,679,29,16,3630.33,Active,3630.33
14544,2010-12-13 12:50:00,2011-11-15 15:06:00,2,2024.45,1543,24,2,2024.45,Active,2024.45
14546,2011-04-05 12:37:00,2011-12-04 13:00:00,5,2578.09,1317,5,5,2578.09,Active,2578.09
14547,2011-10-16 14:35:00,2011-12-06 11:06:00,8,4007.54,2668,4,8,4007.54,Active,4007.54
14548,2011-01-26 08:38:00,2011-07-12 12:19:00,2,652.8,256,151,2,652.8,Churned,652.8
14549,2011-02-01 13:47:00,2011-02-01 13:47:00,1,289.24,136,311,1,289.24,Churned,289.24
14550,2011-10-26 12:14:00,2011-11-29 12:12:00,2,765.62,394,11,2,765.62,Active,765.62
14551,2011-05-19 18:21:00,2011-11-21 13:36:00,2,186.23,106,18,2,186.23,Active,186.23
14552,2011-07-11 12:49:00,2011-07-11 12:49:00,1,165.07,91,152,1,165.07,Churned,165.07
14553,2011-01-04 15:40:00,2011-11-20 13:20:00,5,859.27,493,19,5,859.27,Active,859.27
14554,2011-10-18 13:04:00,2011-11-29 16:44:00,4,2381.04,1478,10,4,2381.04,Active,2381.04
14555,2011-02-10 17:19:00,2011-10-13 16:24:00,2,324.14,130,57,2,324.14,At Risk,324.14
14557,2011-09-15 15:48:00,2011-09-15 15:48:00,1,788.38,510,85,1,788.38,At Risk,788.38
14560,2010-12-17 09:22:00,2011-12-02 15:22:00,22,2237.77,1260,7,22,2237.77,Active,2237.77
14561,2011-06-08 13:26:00,2011-09-25 12:39:00,3,1080.76,1014,76,3,1080.76,At Risk,1080.76
14562,2011-02-08 14:45:00,2011-12-06 11:05:00,18,5074.77,1834,4,18,5074.77,Active,5074.77
14565,2010-12-13 13:25:00,2011-09-05 09:07:00,4,3099.12,1540,96,4,3099.12,Churned,3099.12
14566,2011-08-21 11:05:00,2011-08-21 11:05:00,1,1432.0,800,111,1,1432.0,Churned,1432.0
14567,2011-08-01 13:48:00,2011-10-14 10:21:00,2,1530.3600000000001,412,57,2,1530.3600000000001,At Risk,1530.3600000000001
14569,2011-12-08 14:58:00,2011-12-08 14:58:00,1,227.39,79,1,1,227.39,Active,227.39
14570,2011-03-04 10:39:00,2011-03-04 10:58:00,2,218.06,95,281,2,218.06,Churned,218.06
14572,2011-01-19 17:23:00,2011-12-06 14:40:00,7,2832.84,1428,3,7,2832.84,Active,2832.84
14573,2010-12-02 19:59:00,2011-06-13 11:15:00,9,1653.42,544,180,9,1653.42,Churned,1653.42
14576,2010-12-02 17:51:00,2010-12-02 17:51:00,1,35.400000000000006,12,372,1,35.400000000000006,Churned,35.400000000000006
14577,2010-12-12 11:26:00,2011-11-27 12:47:00,4,859.71,353,13,4,859.71,Active,859.71
14578,2011-12-06 17:18:00,2011-12-06 17:18:00,1,168.63,240,3,1,168.63,Active,168.63
14581,2011-11-23 12:39:00,2011-11-23 12:39:00,1,138.6,217,17,1,138.6,Active,138.6
14582,2011-10-30 11:56:00,2011-10-30 11:56:00,1,114.11,73,41,1,114.11,At Risk,114.11
14583,2011-05-18 11:28:00,2011-12-04 12:32:00,5,1052.55,792,6,5,1052.55,Active,1052.55
14584,2011-05-25 17:31:00,2011-06-23 18:33:00,4,1042.26,383,169,4,1042.26,Churned,1042.26
14585,2011-10-20 14:33:00,2011-10-20 14:33:00,1,157.05,91,50,1,157.05,At Risk,157.05
14586,2011-03-08 10:04:00,2011-03-08 10:04:00,1,237.35999999999999,444,277,1,237.35999999999999,Churned,237.35999999999999
14587,2011-01-12 13:16:00,2011-11-21 11:34:00,9,1601.14,761,19,9,1601.14,Active,1601.14
14589,2010-12-03 11:42:00,2010-12-03 11:42:00,1,39.75,5,372,1,39.75,Churned,39.75
14591,2011-05-10 14:09:00,2011-11-24 13:57:00,4,1447.14,1297,15,4,1447.14,Active,1447.14
14592,2011-10-06 18:08:00,2011-11-04 16:35:00,3,570.46,415,35,3,570.46,At Risk,570.46
14593,2011-05-25 11:14:00,2011-11-18 12:48:00,3,617.99,332,22,3,617.99,Active,617.99
14594,2010-12-01 13:54:00,2011-12-02 13:28:00,2,379.83,185,7,2,379.83,Active,379.83
14595,2011-01-30 13:36:00,2011-11-20 12:12:00,6,1740.6000000000001,978,20,6,1740.6000000000001,Active,1740.6000000000001
14597,2011-06-01 12:33:00,2011-11-28 13:13:00,2,883.15,577,11,2,883.15,Active,883.15
14598,2011-10-26 13:19:00,2011-10-26 13:19:00,1,221.97,189,44,1,221.97,At Risk,221.97
14600,2011-02-07 09:48:00,2011-02-07 09:48:00,1,393.33000000000004,125,306,1,393.33000000000004,Churned,393.33000000000004
14601,2011-11-29 09:48:00,2011-11-29 09:48:00,1,213.96,168,11,1,213.96,Active,213.96
14603,2011-03-10 10:27:00,2011-03-10 10:27:00,1,660.0,400,275,1,660.0,Churned,660.0
14606,2010-12-01 16:57:00,2011-12-08 19:28:00,93,12156.65,6224,1,93,12156.65,Active,12156.65
14607,2011-03-23 15:22:00,2011-11-24 10:35:00,14,16569.5,11766,16,14,16569.5,Active,16569.5
14608,2010-12-12 14:49:00,2011-12-05 16:52:00,4,1785.15,437,4,4,1785.15,Active,1785.15
14609,2011-02-16 12:10:00,2011-09-28 12:54:00,4,601.56,7026,72,4,601.56,At Risk,601.56
14616,2011-01-26 12:42:00,2011-04-11 09:54:00,3,406.08000000000004,104,243,3,406.08000000000004,Churned,406.08000000000004
14618,2011-01-06 11:59:00,2011-11-30 13:45:00,3,553.44,264,9,3,553.44,Active,553.44
14619,2011-04-08 07:37:00,2011-04-08 07:37:00,1,394.44,152,246,1,394.44,Churned,394.44
14620,2011-03-01 08:30:00,2011-05-18 11:58:00,2,412.78000000000003,214,206,2,412.78000000000003,Churned,412.78000000000003
14621,2010-12-16 13:00:00,2011-12-08 16:22:00,5,1788.3600000000001,993,1,5,1788.3600000000001,Active,1788.3600000000001
14622,2011-06-08 12:42:00,2011-06-08 12:42:00,1,320.58000000000004,146,185,1,320.58000000000004,Churned,320.58000000000004
14623,2011-04-18 13:54:00,2011-11-07 13:56:00,5,889.25,419,32,5,889.25,At Risk,889.25
14624,2011-10-11 14:39:00,2011-10-13 13:44:00,2,225.85,162,57,2,225.85,At Risk,225.85
14625,2010-12-13 15:36:00,2011-05-27 15:32:00,2,899.63,335,196,2,899.63,Churned,899.63
14626,2011-04-20 13:18:00,2011-11-16 10:37:00,4,2791.27,1403,24,4,2791.27,Active,2791.27
14628,2011-04-11 14:43:00,2011-09-09 14:58:00,2,671.96,272,91,2,671.96,Churned,671.96
14629,2011-10-23 16:13:00,2011-12-05 16:55:00,2,959.01,380,4,2,959.01,Active,959.01
14631,2011-02-14 09:31:00,2011-10-20 11:17:00,3,1006.98,622,51,3,1006.98,At Risk,1006.98
14632,2011-03-22 08:49:00,2011-03-22 08:49:00,1,114.56,96,263,1,114.56,Churned,114.56
14633,2011-03-18 17:07:00,2011-03-18 17:07:00,1,344.90000000000003,96,266,1,344.90000000000003,Churned,344.90000000000003
14636,2011-03-16 09:52:00,2011-11-03 16:12:00,2,609.85,241,36,2,609.85,At Risk,609.85
14638,2011-10-20 10:10:00,2011-10-20 10:10:00,1,443.6,166,51,1,443.6,At Risk,443.6
14639,2010-12-13 13:50:00,2011-10-18 15:06:00,6,2984.4900000000002,1431,52,6,2984.4900000000002,At Risk,2984.4900000000002
14640,2011-04-26 12:31:00,2011-11-15 13:07:00,6,2125.08,886,24,6,2125.08,Active,2125.08
14641,2011-11-18 10:42:00,2011-11-18 10:42:00,1,110.46000000000001,90,22,1,110.46000000000001,Active,110.46000000000001
14642,2011-10-12 11:08:00,2011-10-12 11:08:00,1,96.12,76,59,1,96.12,At Risk,96.12
14643,2010-12-16 17:53:00,2011-06-22 14:41:00,2,693.8100000000001,815,170,2,693.8100000000001,Churned,693.8100000000001
14644,2011-02-14 14:14:00,2011-10-03 08:30:00,2,830.76,258,68,2,830.76,At Risk,830.76
14645,2011-03-09 09:52:00,2011-07-06 09:15:00,2,597.09,381,157,2,597.09,Churned,597.09
14646,2010-12-20 10:09:00,2011-12-08 12:12:00,73,280206.02,196915,2,73,280206.02,Active,280206.02
14647,2011-05-22 13:40:00,2011-05-22 13:40:00,1,243.22,95,201,1,243.22,Churned,243.22
14649,2011-05-11 14:37:00,2011-12-05 12:30:00,4,1417.29,1018,5,4,1417.29,Active,1417.29
14651,2011-05-12 16:29:00,2011-10-03 15:52:00,2,654.6,344,67,2,654.6,At Risk,654.6
14652,2011-09-23 14:21:00,2011-09-23 14:21:00,1,114.18,53,77,1,114.18,At Risk,114.18
14653,2011-01-05 13:40:00,2011-12-08 13:45:00,7,1947.55,950,1,7,1947.55,Active,1947.55
14655,2011-05-01 14:59:00,2011-12-01 16:28:00,4,1932.23,1089,8,4,1932.23,Active,1932.23
14656,2011-03-01 13:19:00,2011-06-23 13:51:00,2,291.05,120,169,2,291.05,Churned,291.05
14657,2011-01-17 15:19:00,2011-11-22 12:47:00,4,848.22,466,18,4,848.22,Active,848.22
14658,2011-08-14 15:42:00,2011-12-04 15:35:00,2,247.15,47,5,2,247.15,Active,247.15
14659,2011-01-28 12:43:00,2011-12-01 12:17:00,9,2529.93,1195,9,9,2529.93,Active,2529.93
14660,2011-08-31 10:40:00,2011-09-14 11:34:00,2,285.74,228,87,2,285.74,At Risk,285.74
14661,2011-11-13 11:51:00,2011-11-13 11:51:00,1,107.95,35,27,1,107.95,Active,107.95
14662,2011-01-27 17:41:00,2011-11-11 12:13:00,4,771.17,602,29,4,771.17,Active,771.17
14664,2011-11-06 14:56:00,2011-11-20 10:59:00,2,637.89,466,20,2,637.89,Active,637.89
14665,2011-02-02 09:08:00,2011-10-10 09:14:00,5,1835.7,740,61,5,1835.7,At Risk,1835.7
14666,2011-11-15 12:57:00,2011-11-15 12:57:00,1,195.25,161,24,1,195.25,Active,195.25
14667,2010-12-06 13:13:00,2011-11-29 11:30:00,25,9241.2,5385,11,25,9241.2,Active,9241.2
14669,2011-01-11 12:30:00,2011-04-12 11:43:00,3,1269.99,775,242,3,1269.99,Churned,1269.99
14670,2011-03-04 13:58:00,2011-03-04 14:13:00,2,411.53,337,280,2,411.53,Churned,411.53
14672,2011-01-07 15:48:00,2011-04-19 10:19:00,2,765.5500000000001,454,235,2,765.5500000000001,Churned,765.5500000000001
14673,2010-12-07 12:49:00,2011-12-06 14:31:00,5,1736.4,1004,3,5,1736.4,Active,1736.4
14675,2011-11-23 12:58:00,2011-11-23 12:58:00,1,604.75,341,16,1,604.75,Active,604.75
14676,2011-03-01 14:26:00,2011-11-08 13:29:00,6,2548.2400000000002,2500,31,6,2548.2400000000002,At Risk,2548.2400000000002
14680,2010-12-03 12:05:00,2011-11-14 16:59:00,16,28754.11,13476,25,16,28754.11,Active,28754.11
14681,2011-05-12 10:45:00,2011-09-29 15:52:00,3,498.95,76,71,3,498.95,At Risk,498.95
14682,2011-05-22 12:51:00,2011-06-05 12:12:00,2,52.0,80,188,2,52.0,Churned,52.0
14684,2010-12-12 12:44:00,2011-11-14 11:33:00,5,1236.28,853,26,5,1236.28,Active,1236.28
14687,2011-08-25 11:59:00,2011-08-25 11:59:00,1,628.38,470,107,1,628.38,Churned,628.38
14688,2010-12-01 09:37:00,2011-12-02 12:26:00,21,5630.87,3621,8,21,5630.87,Active,5630.87
14689,2011-05-15 11:22:00,2011-05-15 11:22:00,1,112.80000000000001,76,209,1,112.80000000000001,Churned,112.80000000000001
14690,2011-07-11 11:58:00,2011-10-26 15:39:00,2,371.7,170,44,2,371.7,At Risk,371.7
14691,2011-05-11 09:55:00,2011-11-09 12:30:00,5,2114.33,707,31,5,2114.33,At Risk,2114.33
14692,2011-01-21 13:47:00,2011-07-25 15:08:00,4,591.55,265,137,4,591.55,Churned,591.55
14693,2011-03-20 12:50:00,2011-03-20 12:50:00,1,172.9,34,265,1,172.9,Churned,172.9
14696,2010-12-01 15:37:00,2011-12-05 13:43:00,7,2078.95,1630,4,7,2078.95,Active,2078.95
14697,2011-05-05 15:29:00,2011-05-05 15:39:00,2,188.61,181,218,2,188.61,Churned,188.61
14698,2011-10-19 12:54:00,2011-12-08 12:26:00,5,1250.76,615,2,5,1250.76,Active,1250.76
14699,2011-05-09 14:54:00,2011-05-09 14:54:00,1,109.13000000000001,77,214,1,109.13000000000001,Churned,109.13000000000001
14700,2011-04-15 13:16:00,2011-11-07 14:40:00,3,2235.3,1342,32,3,2235.3,At Risk,2235.3
14701,2011-01-27 12:40:00,2011-11-29 12:38:00,9,2549.37,932,11,9,2549.37,Active,2549.37
14702,2010-12-09 19:23:00,2011-12-08 19:29:00,17,3292.14,1454,1,17,3292.14,Active,3292.14
14703,2011-11-25 09:23:00,2011-11-25 09:23:00,1,318.17,183,15,1,318.17,Active,318.17
14704,2011-06-12 13:59:00,2011-11-28 12:51:00,9,1546.91,1082,11,9,1546.91,Active,1546.91
14705,2011-05-25 12:39:00,2011-05-25 12:39:00,1,179.0,100,199,1,179.0,Churned,179.0
14708,2010-12-06 12:23:00,2011-12-07 08:21:00,3,1126.3700000000001,621,3,3,1126.3700000000001,Active,1126.3700000000001
14709,2010-12-16 13:43:00,2011-11-24 15:41:00,13,4921.04,2484,15,13,4921.04,Active,4921.04
14710,2011-10-11 13:49:00,2011-11-25 14:53:00,4,606.13,378,14,4,606.13,Active,606.13
14711,2011-03-22 13:32:00,2011-11-29 14:58:00,11,2868.8,978,10,11,2868.8,Active,2868.8
14712,2011-08-19 13:33:00,2011-11-10 12:59:00,3,917.07,315,29,3,917.07,Active,917.07
14713,2010-12-09 18:58:00,2011-11-30 16:26:00,11,2666.36,1615,9,11,2666.36,Active,2666.36
14714,2011-11-15 13:07:00,2011-11-15 13:07:00,1,160.19,229,24,1,160.19,Active,160.19
14715,2011-01-12 13:27:00,2011-11-15 12:10:00,4,867.38,521,25,4,867.38,Active,867.38
14716,2011-07-14 12:42:00,2011-10-27 17:29:00,2,329.68,604,43,2,329.68,At Risk,329.68
14719,2011-04-04 14:17:00,2011-12-08 12:43:00,5,1602.13,1032,2,5,1602.13,Active,1602.13
14720,2011-08-05 12:06:00,2011-12-04 12:02:00,3,663.81,219,6,3,663.81,Active,663.81
14722,2011-07-15 14:58:00,2011-07-15 14:58:00,1,187.92,120,147,1,187.92,Churned,187.92
14723,2010-12-03 14:18:00,2011-11-29 15:23:00,6,1158.3,695,10,6,1158.3,Active,1158.3
14725,2011-11-15 12:42:00,2011-11-15 12:42:00,1,718.08,593,25,1,718.08,Active,718.08
14727,2011-03-10 14:45:00,2011-03-10 14:45:00,1,268.58,62,274,1,268.58,Churned,268.58
14729,2010-12-01 12:43:00,2010-12-01 12:43:00,1,313.49,197,374,1,313.49,Churned,313.49
14730,2011-03-08 12:49:00,2011-12-08 14:39:00,8,2005.06,1132,1,8,2005.06,Active,2005.06
14731,2011-05-11 13:06:00,2011-10-23 15:54:00,3,380.02,256,47,3,380.02,At Risk,380.02
14732,2011-01-04 14:40:00,2011-12-01 14:34:00,8,2702.4900000000002,1405,8,8,2702.4900000000002,Active,2702.4900000000002
14733,2010-12-07 11:30:00,2011-11-23 15:39:00,12,9585.91,3764,16,12,9585.91,Active,9585.91
14735,2010-12-16 16:05:00,2011-12-06 12:09:00,32,6065.6900000000005,2264,4,32,6065.6900000000005,Active,6065.6900000000005
14737,2010-12-21 13:49:00,2011-12-06 10:16:00,3,1164.55,345,4,3,1164.55,Active,1164.55
14738,2011-01-27 14:10:00,2011-10-28 08:56:00,7,1314.45,601,43,7,1314.45,At Risk,1314.45
14739,2010-12-07 14:58:00,2011-12-05 16:54:00,7,3902.28,3820,4,7,3902.28,Active,3902.28
14740,2011-03-01 08:35:00,2011-05-26 18:17:00,3,1448.21,735,197,3,1448.21,Churned,1448.21
14741,2010-12-02 08:43:00,2011-11-28 08:48:00,6,1400.3400000000001,841,12,6,1400.3400000000001,Active,1400.3400000000001
14744,2010-12-08 10:21:00,2011-11-23 12:51:00,7,1099.98,627,16,7,1099.98,Active,1099.98
14745,2011-02-27 15:25:00,2011-08-19 10:05:00,5,1220.26,1038,113,5,1220.26,Churned,1220.26
14747,2011-04-04 14:09:00,2011-04-04 14:09:00,1,328.2,84,249,1,328.2,Churned,328.2
14748,2010-12-06 10:19:00,2011-11-10 18:33:00,5,1415.75,1223,29,5,1415.75,Active,1415.75
14752,2011-10-27 11:55:00,2011-10-27 11:55:00,1,389.64000000000004,260,44,1,389.64000000000004,At Risk,389.64000000000004
14753,2011-09-13 14:50:00,2011-09-13 14:50:00,1,563.15,211,87,1,563.15,At Risk,563.15
14754,2011-02-17 12:21:00,2011-10-26 12:01:00,2,638.05,486,45,2,638.05,At Risk,638.05
14755,2011-01-09 14:02:00,2011-11-30 11:24:00,11,5010.28,2219,10,11,5010.28,Active,5010.28
14756,2011-11-24 18:13:00,2011-11-24 18:13:00,1,738.96,416,15,1,738.96,Active,738.96
14757,2011-09-25 14:36:00,2011-09-25 14:36:00,1,420.5,160,75,1,420.5,At Risk,420.5
14758,2011-03-25 12:10:00,2011-07-18 08:21:00,4,1484.06,419,145,4,1484.06,Churned,1484.06
14759,2011-04-21 10:55:00,2011-12-05 12:03:00,3,1625.97,569,5,3,1625.97,Active,1625.97
14760,2011-02-15 16:27:00,2011-02-15 16:27:00,1,89.2,40,297,1,89.2,Churned,89.2
14761,2011-01-09 12:03:00,2011-10-12 12:10:00,2,255.9,118,59,2,255.9,At Risk,255.9
14762,2011-03-21 08:20:00,2011-03-21 08:20:00,1,300.52,341,264,1,300.52,Churned,300.52
14764,2011-10-24 11:54:00,2011-10-24 11:54:00,1,278.3,190,47,1,278.3,At Risk,278.3
14765,2011-06-16 19:49:00,2011-11-10 19:53:00,3,254.11,135,29,3,254.11,Active,254.11
14766,2010-12-08 15:33:00,2011-12-01 16:05:00,6,2473.37,1349,8,6,2473.37,Active,2473.37
14768,2011-08-04 13:25:00,2011-11-22 12:54:00,2,192.60000000000002,52,17,2,192.60000000000002,Active,192.60000000000002
14769,2010-12-17 11:40:00,2011-12-07 10:24:00,8,10674.75,7436,3,8,10674.75,Active,10674.75
14770,2011-01-20 15:00:00,2011-04-21 14:21:00,2,876.4200000000001,490,232,2,876.4200000000001,Churned,876.4200000000001
14772,2011-08-19 15:04:00,2011-08-19 15:04:00,1,139.26,82,112,1,139.26,Churned,139.26
14775,2010-12-02 16:38:00,2011-10-12 15:27:00,3,1011.9,1174,58,3,1011.9,At Risk,1011.9
14776,2011-01-31 13:17:00,2011-10-19 15:34:00,11,2538.2999999999997,3134,51,11,2538.2999999999997,At Risk,2538.2999999999997
14778,2011-02-04 11:43:00,2011-08-04 15:23:00,2,730.86,306,127,2,730.86,Churned,730.86
14779,2011-01-20 12:04:00,2011-03-04 12:42:00,3,386.15,84,281,3,386.15,Churned,386.15
14780,2011-09-21 15:15:00,2011-10-16 12:46:00,2,447.68,310,55,2,447.68,At Risk,447.68
14782,2011-01-24 11:12:00,2011-01-24 11:12:00,1,200.10000000000002,114,320,1,200.10000000000002,Churned,200.10000000000002
14784,2011-01-20 09:25:00,2011-11-13 13:30:00,2,289.99,237,26,2,289.99,Active,289.99
14785,2011-11-24 13:40:00,2011-11-29 13:21:00,2,77.4,84,10,2,77.4,Active,77.4
14788,2011-11-13 15:52:00,2011-12-02 17:06:00,2,679.44,421,7,2,679.44,Active,679.44
14789,2011-11-11 08:59:00,2011-11-11 08:59:00,1,197.64,116,29,1,197.64,Active,197.64
14790,2011-03-31 11:49:00,2011-11-23 09:28:00,4,745.06,699,17,4,745.06,Active,745.06
14792,2011-10-07 09:19:00,2011-10-07 09:19:00,1,6.2,2,64,1,6.2,At Risk,6.2
14793,2011-11-18 14:50:00,2011-11-18 14:50:00,1,228.99,91,21,1,228.99,Active,228.99
14794,2011-01-09 16:11:00,2011-12-07 10:11:00,7,1319.91,673,3,7,1319.91,Active,1319.91
14795,2011-06-26 13:04:00,2011-06-26 13:04:00,1,131.45000000000002,17,166,1,131.45000000000002,Churned,131.45000000000002
14796,2010-12-08 10:40:00,2011-12-08 15:31:00,17,8022.49,6025,1,17,8022.49,Active,8022.49
14798,2011-02-02 15:26:00,2011-10-18 10:58:00,3,173.74,150,53,3,173.74,At Risk,173.74
14799,2011-10-19 16:16:00,2011-10-19 16:16:00,1,157.7,146,51,1,157.7,At Risk,157.7
14800,2010-12-05 11:10:00,2011-10-23 12:46:00,12,4339.74,3655,48,12,4339.74,At Risk,4339.74
14801,2011-10-09 15:24:00,2011-10-09 15:24:00,1,193.14,175,61,1,193.14,At Risk,193.14
14803,2011-02-20 13:21:00,2011-06-30 13:58:00,3,845.5500000000001,370,162,3,845.5500000000001,Churned,845.5500000000001
14804,2011-12-01 11:20:00,2011-12-01 11:20:00,1,353.27,121,9,1,353.27,Active,353.27
14805,2011-01-30 10:43:00,2011-11-24 16:20:00,4,554.65,115,15,4,554.65,Active,554.65
14806,2011-09-25 15:32:00,2011-09-25 15:32:00,1,193.39000000000001,330,75,1,193.39000000000001,At Risk,193.39000000000001
14808,2011-06-20 12:53:00,2011-10-31 12:21:00,8,2741.17,2147,40,8,2741.17,At Risk,2741.17
14810,2010-12-05 12:08:00,2011-10-30 11:19:00,11,2087.88,1016,41,11,2087.88,At Risk,2087.88
14813,2010-12-05 11:54:00,2010-12-05 11:57:00,2,155.43,67,370,2,155.43,Churned,155.43
14815,2011-10-03 11:36:00,2011-11-03 11:36:00,2,778.5,744,37,2,778.5,At Risk,778.5
14816,2011-05-26 13:16:00,2011-05-26 13:16:00,1,271.85,5,197,1,271.85,Churned,271.85
14817,2011-03-07 13:51:00,2011-05-23 13:35:00,2,1110.34,655,200,2,1110.34,Churned,1110.34
14818,2011-03-31 12:28:00,2011-09-27 11:01:00,3,657.8,324,74,3,657.8,At Risk,657.8
14819,2011-05-31 13:50:00,2011-10-06 13:41:00,2,272.07,109,64,2,272.07,At Risk,272.07
14820,2011-06-19 14:56:00,2011-11-18 15:41:00,4,507.29,253,21,4,507.29,Active,507.29
14821,2010-12-08 08:43:00,2010-12-08 08:43:00,1,48.800000000000004,20,367,1,48.800000000000004,Churned,48.800000000000004
14823,2011-05-29 12:48:00,2011-06-12 13:12:00,3,321.43,88,180,3,321.43,Churned,321.43
14824,2011-09-09 14:12:00,2011-11-29 14:20:00,4,1127.71,525,10,4,1127.71,Active,1127.71
14825,2010-12-06 12:30:00,2011-12-06 11:38:00,12,2226.9100000000003,991,4,12,2226.9100000000003,Active,2226.9100000000003
14828,2011-01-07 09:50:00,2011-05-27 10:16:00,3,2139.76,2172,197,3,2139.76,Churned,2139.76
14829,2010-12-02 16:12:00,2011-11-10 16:16:00,4,697.55,452,29,4,697.55,Active,697.55
14830,2011-10-17 14:29:00,2011-10-17 14:29:00,1,197.13,169,53,1,197.13,At Risk,197.13
14834,2011-04-13 15:00:00,2011-11-22 10:30:00,6,1720.3,734,18,6,1720.3,Active,1720.3
14836,2011-11-09 13:26:00,2011-11-29 16:45:00,3,102.45,45,10,3,102.45,Active,102.45
14837,2011-05-22 12:49:00,2011-09-11 10:58:00,4,1649.5,1436,90,4,1649.5,At Risk,1649.5
14840,2011-03-17 12:00:00,2011-03-17 12:00:00,1,62.85,31,268,1,62.85,Churned,62.85
14841,2010-12-16 10:28:00,2011-10-17 15:03:00,6,3295.76,1778,53,6,3295.76,At Risk,3295.76
14842,2011-02-04 15:32:00,2011-10-27 12:37:00,4,2824.69,1166,44,4,2824.69,At Risk,2824.69
14844,2011-04-12 13:10:00,2011-10-07 10:41:00,4,3189.81,1833,64,4,3189.81,At Risk,3189.81
14847,2011-07-14 10:52:00,2011-07-14 10:52:00,1,309.40000000000003,120,149,1,309.40000000000003,Churned,309.40000000000003
14849,2010-12-01 12:22:00,2011-11-18 10:58:00,25,7930.54,5694,22,25,7930.54,Active,7930.54
14850,2011-02-01 11:21:00,2011-02-01 11:21:00,1,325.75,293,312,1,325.75,Churned,325.75
14851,2011-03-28 14:59:00,2011-11-16 14:20:00,2,511.35,325,23,2,511.35,Active,511.35
14852,2011-04-01 13:22:00,2011-10-12 13:20:00,6,2836.69,1747,58,6,2836.69,At Risk,2836.69
14853,2011-05-12 15:17:00,2011-11-15 16:56:00,2,475.8,82,24,2,475.8,Active,475.8
14854,2011-03-10 12:22:00,2011-09-22 17:00:00,7,2759.83,1832,78,7,2759.83,At Risk,2759.83
14855,2011-07-28 12:06:00,2011-08-12 14:02:00,2,645.65,267,119,2,645.65,Churned,645.65
14856,2011-10-14 09:35:00,2011-11-03 14:53:00,3,1311.38,714,36,3,1311.38,At Risk,1311.38
14857,2011-07-14 15:03:00,2011-10-11 09:23:00,2,1173.1200000000001,464,60,2,1173.1200000000001,At Risk,1173.1200000000001
14859,2011-05-19 14:42:00,2011-11-27 11:18:00,4,1353.74,671,13,4,1353.74,Active,1353.74
14860,2011-11-20 14:17:00,2011-11-20 14:17:00,1,170.32,232,19,1,170.32,Active,170.32
14861,2011-10-18 12:54:00,2011-10-18 12:54:00,1,125.79,117,52,1,125.79,At Risk,125.79
14862,2011-07-14 11:20:00,2011-11-14 10:01:00,2,841.2,772,26,2,841.2,Active,841.2
14863,2011-11-10 15:04:00,2011-11-10 15:04:00,1,266.76,132,29,1,266.76,Active,266.76
14865,2010-12-02 18:23:00,2011-12-02 16:25:00,2,52.2,108,7,2,52.2,Active,52.2
14866,2010-12-08 14:58:00,2011-11-29 11:45:00,12,14389.9,6752,11,12,14389.9,Active,14389.9
14867,2011-01-07 16:34:00,2011-06-07 11:39:00,3,710.28,328,186,3,710.28,Churned,710.28
14868,2011-04-20 13:36:00,2011-12-06 14:49:00,8,2953.59,1405,3,8,2953.59,Active,2953.59
14869,2011-08-28 16:09:00,2011-12-01 12:36:00,2,725.7,550,9,2,725.7,Active,725.7
14870,2011-03-23 10:51:00,2011-03-23 10:51:00,1,327.25,119,262,1,327.25,Churned,327.25
14871,2010-12-14 12:18:00,2011-12-06 13:42:00,4,522.38,185,3,4,522.38,Active,522.38
14873,2011-05-13 13:52:00,2011-05-13 13:52:00,1,519.68,168,210,1,519.68,Churned,519.68
14875,2011-03-22 11:53:00,2011-08-24 12:20:00,2,1465.32,558,108,2,1465.32,Churned,1465.32
14878,2010-12-16 12:11:00,2011-11-27 11:15:00,9,1485.54,802,13,9,1485.54,Active,1485.54
14880,2011-02-24 12:27:00,2011-09-23 13:42:00,3,706.19,373,77,3,706.19,At Risk,706.19
14881,2011-11-20 11:06:00,2011-11-20 11:06:00,1,255.4,316,20,1,255.4,Active,255.4
14882,2011-11-06 10:15:00,2011-11-13 12:47:00,2,589.7,158,27,2,589.7,Active,589.7
14883,2011-05-12 09:49:00,2011-11-21 10:23:00,6,761.59,790,19,6,761.59,Active,761.59
14885,2011-07-31 12:05:00,2011-07-31 12:05:00,1,765.3199999999999,724,132,1,765.3199999999999,Churned,765.3199999999999
14886,2011-04-01 08:56:00,2011-04-01 08:56:00,1,364.8,160,253,1,364.8,Churned,364.8
14887,2011-09-21 15:32:00,2011-09-21 15:32:00,1,1862.0,1100,79,1,1862.0,At Risk,1862.0
14888,2011-05-16 14:58:00,2011-05-16 14:58:00,1,369.2,184,207,1,369.2,Churned,369.2
14889,2011-01-07 15:19:00,2011-01-07 15:19:00,1,135.9,90,336,1,135.9,Churned,135.9
14890,2011-03-31 11:57:00,2011-03-31 11:57:00,1,125.65,51,254,1,125.65,Churned,125.65
14891,2011-06-05 10:58:00,2011-07-14 18:08:00,2,554.38,505,148,2,554.38,Churned,554.38
14893,2011-11-28 10:49:00,2011-11-30 12:31:00,2,1237.8500000000001,799,10,2,1237.8500000000001,Active,1237.8500000000001
14894,2011-09-15 13:51:00,2011-09-15 13:51:00,1,655.75,265,85,1,655.75,At Risk,655.75
14895,2011-02-22 13:08:00,2011-12-02 09:23:00,20,11138.710000000001,4851,8,20,11138.710000000001,Active,11138.710000000001
14896,2010-12-09 12:24:00,2011-05-19 10:20:00,2,468.77000000000004,279,205,2,468.77000000000004,Churned,468.77000000000004
14897,2011-02-16 08:37:00,2011-12-02 10:32:00,4,1366.38,468,8,4,1366.38,Active,1366.38
14898,2010-12-03 15:25:00,2011-11-16 14:54:00,6,1303.52,1020,23,6,1303.52,Active,1303.52
14901,2010-12-02 11:20:00,2011-11-28 17:09:00,9,1421.29,661,11,9,1421.29,Active,1421.29
14902,2011-11-14 10:34:00,2011-11-14 10:34:00,1,332.66,218,26,1,332.66,Active,332.66
14903,2011-03-06 11:50:00,2011-11-18 16:07:00,5,2810.63,1536,21,5,2810.63,Active,2810.63
14904,2011-11-14 09:13:00,2011-12-07 12:55:00,2,1025.44,1985,2,2,1025.44,Active,1025.44
14905,2011-04-20 10:48:00,2011-07-05 12:41:00,2,616.15,287,158,2,616.15,Churned,616.15
14907,2010-12-07 10:14:00,2011-12-06 14:14:00,7,3501.1,1691,3,7,3501.1,Active,3501.1
14908,2011-09-26 12:56:00,2011-09-26 12:56:00,1,277.8,132,74,1,277.8,At Risk,277.8
14910,2011-10-16 11:06:00,2011-12-07 10:06:00,4,434.35,238,3,4,434.35,Active,434.35
14911,2010-12-01 14:05:00,2011-12-08 15:54:00,201,143825.06,80265,1,201,143825.06,Active,143825.06
14912,2011-04-07 11:06:00,2011-11-23 09:20:00,2,867.85,971,17,2,867.85,Active,867.85
14913,2010-12-15 14:35:00,2011-11-04 08:29:00,4,1227.43,1743,36,4,1227.43,At Risk,1227.43
14915,2011-03-07 09:39:00,2011-09-09 13:34:00,2,307.48,112,91,2,307.48,Churned,307.48
14916,2011-01-19 15:30:00,2011-09-30 09:20:00,4,1268.98,1136,71,4,1268.98,At Risk,1268.98
14918,2011-07-08 12:50:00,2011-08-16 11:50:00,2,1610.15,675,116,2,1610.15,Churned,1610.15
14920,2011-05-11 10:31:00,2011-05-11 10:32:00,2,977.77,509,213,2,977.77,Churned,977.77
14921,2011-05-22 12:51:00,2011-11-09 13:17:00,2,1316.07,953,30,2,1316.07,Active,1316.07
14923,2011-10-20 11:51:00,2011-10-20 11:51:00,1,749.1,418,51,1,749.1,At Risk,749.1
14924,2011-04-08 09:25:00,2011-04-08 09:25:00,1,310.05,64,246,1,310.05,Churned,310.05
14929,2011-11-07 17:21:00,2011-11-07 17:21:00,1,223.88,136,32,1,223.88,At Risk,223.88
14930,2011-03-10 14:42:00,2011-08-23 10:31:00,3,2372.86,1166,109,3,2372.86,Churned,2372.86
14931,2011-04-13 09:32:00,2011-12-05 10:19:00,5,1257.68,417,5,5,1257.68,Active,1257.68
14932,2010-12-09 11:48:00,2010-12-09 11:48:00,1,363.53,80,366,1,363.53,Churned,363.53
14934,2011-03-02 11:48:00,2011-09-19 10:10:00,2,1890.94,1042,82,2,1890.94,At Risk,1890.94
14935,2011-02-15 14:44:00,2011-02-15 14:44:00,1,1784.71,935,297,1,1784.71,Churned,1784.71
14936,2011-03-09 11:53:00,2011-11-06 10:30:00,8,8137.02,4085,34,8,8137.02,At Risk,8137.02
14937,2011-08-01 14:16:00,2011-10-14 12:29:00,3,1621.88,484,57,3,1621.88,At Risk,1621.88
14944,2011-02-16 12:47:00,2011-11-10 09:10:00,12,5900.25,2815,30,12,5900.25,Active,5900.25
14946,2011-11-25 13:33:00,2011-11-25 13:33:00,1,100.9,22,14,1,100.9,Active,100.9
14947,2011-08-01 09:31:00,2011-09-28 15:48:00,2,290.82,179,72,2,290.82,At Risk,290.82
14948,2011-05-04 14:52:00,2011-11-16 17:16:00,6,1101.97,673,23,6,1101.97,Active,1101.97
14950,2011-11-20 13:48:00,2011-11-20 13:48:00,1,371.2,136,19,1,371.2,Active,371.2
14951,2011-09-21 15:15:00,2011-09-21 15:15:00,1,311.69,311,79,1,311.69,At Risk,311.69
14952,2010-12-10 12:48:00,2011-10-11 10:33:00,11,8099.49,3355,60,11,8099.49,At Risk,8099.49
14953,2011-11-14 14:59:00,2011-11-14 14:59:00,1,289.82,225,25,1,289.82,Active,289.82
14954,2011-11-27 14:30:00,2011-11-27 14:30:00,1,336.17,127,12,1,336.17,Active,336.17
14957,2011-03-31 17:59:00,2011-03-31 17:59:00,1,58.49,34,253,1,58.49,Churned,58.49
14958,2011-04-08 11:28:00,2011-07-15 14:20:00,3,499.68,129,147,3,499.68,Churned,499.68
14959,2011-02-16 13:00:00,2011-10-06 18:23:00,4,695.42,494,64,4,695.42,At Risk,695.42
14960,2011-06-21 13:38:00,2011-12-01 12:54:00,2,221.27,221,8,2,221.27,Active,221.27
14961,2010-12-14 11:38:00,2011-11-29 09:42:00,9,7044.68,3708,11,9,7044.68,Active,7044.68
14962,2011-03-14 09:42:00,2011-03-14 09:42:00,1,126.7,44,271,1,126.7,Churned,126.7
14963,2011-06-09 12:30:00,2011-11-30 12:16:00,5,1487.8,1176,10,5,1487.8,Active,1487.8
14964,2011-04-06 14:13:00,2011-04-06 14:13:00,1,206.21,143,247,1,206.21,Churned,206.21
14965,2011-09-04 13:15:00,2011-09-04 13:20:00,2,599.0,365,96,2,599.0,Churned,599.0
14966,2011-11-25 12:20:00,2011-11-25 12:20:00,1,191.32,187,15,1,191.32,Active,191.32
14967,2011-10-21 11:06:00,2011-10-21 11:06:00,1,463.8,140,50,1,463.8,At Risk,463.8
14968,2011-11-09 13:58:00,2011-11-09 13:58:00,1,147.59,127,30,1,147.59,Active,147.59
14970,2011-01-27 12:23:00,2011-10-02 13:44:00,4,1592.06,250,68,4,1592.06,At Risk,1592.06
14971,2011-10-27 13:33:00,2011-11-04 17:07:00,3,1116.57,644,35,3,1116.57,At Risk,1116.57
14972,2011-08-03 14:54:00,2011-08-03 14:54:00,1,114.77,28,128,1,114.77,Churned,114.77
14973,2011-04-28 12:22:00,2011-08-24 15:51:00,3,1314.45,369,107,3,1314.45,Churned,1314.45
14974,2011-11-02 13:01:00,2011-11-02 13:01:00,1,114.39,44,37,1,114.39,At Risk,114.39
14975,2011-10-13 14:08:00,2011-10-13 14:08:00,1,279.94,380,57,1,279.94,At Risk,279.94
14976,2011-01-17 11:09:00,2011-10-13 16:37:00,7,790.86,234,57,7,790.86,At Risk,790.86
14978,2011-01-13 12:03:00,2011-09-28 13:07:00,5,1931.42,525,72,5,1931.42,At Risk,1931.42
14981,2011-04-07 13:45:00,2011-04-07 13:45:00,1,102.12,97,246,1,102.12,Churned,102.12
14984,2011-06-12 11:04:00,2011-11-20 14:28:00,2,213.27,60,19,2,213.27,Active,213.27
14985,2010-12-16 19:51:00,2011-05-25 14:29:00,2,296.75,260,198,2,296.75,Churned,296.75
14987,2010-12-09 12:13:00,2011-11-24 09:59:00,2,326.4,128,16,2,326.4,Active,326.4
14988,2011-05-12 12:05:00,2011-05-12 12:05:00,1,334.54,141,212,1,334.54,Churned,334.54
14995,2011-03-04 13:14:00,2011-11-01 11:39:00,2,233.23000000000002,103,39,2,233.23000000000002,At Risk,233.23000000000002
14997,2011-06-14 16:52:00,2011-10-24 13:28:00,3,546.1999999999999,1120,46,3,546.1999999999999,At Risk,546.1999999999999
14998,2011-04-12 16:28:00,2011-06-22 17:30:00,2,429.87,270,170,2,429.87,Churned,429.87
15000,2011-10-23 11:42:00,2011-10-23 11:42:00,1,490.52,218,48,1,490.52,At Risk,490.52
15002,2010-12-07 13:16:00,2011-08-16 10:44:00,4,1641.76,862,116,4,1641.76,Churned,1641.76
15004,2011-07-15 14:05:00,2011-07-15 14:05:00,1,1246.32,630,147,1,1246.32,Churned,1246.32
15005,2010-12-08 14:36:00,2011-11-24 12:25:00,28,6316.57,4247,16,28,6316.57,Active,6316.57
15006,2011-10-19 15:08:00,2011-10-19 15:08:00,1,502.09,302,51,1,502.09,At Risk,502.09
15007,2011-07-03 16:00:00,2011-07-03 16:00:00,1,156.91,69,159,1,156.91,Churned,156.91
15009,2011-11-14 17:40:00,2011-11-27 13:35:00,3,1261.78,642,12,3,1261.78,Active,1261.78
15010,2011-11-04 12:42:00,2011-11-04 12:42:00,1,308.94,184,36,1,308.94,At Risk,308.94
15012,2010-12-01 12:49:00,2011-10-17 12:22:00,2,423.04,231,54,2,423.04,At Risk,423.04
15014,2011-06-16 19:40:00,2011-10-27 20:07:00,2,260.17,151,43,2,260.17,At Risk,260.17
15016,2011-06-20 12:06:00,2011-06-20 12:06:00,1,170.04,76,173,1,170.04,Churned,170.04
15017,2011-11-06 10:33:00,2011-11-06 10:33:00,1,125.58,63,34,1,125.58,At Risk,125.58
15018,2010-12-07 10:47:00,2011-11-01 12:47:00,3,496.21,189,39,3,496.21,At Risk,496.21
15019,2011-03-18 12:35:00,2011-03-18 12:35:00,1,266.0,159,267,1,266.0,Churned,266.0
15021,2010-12-08 12:17:00,2011-12-01 11:53:00,9,1914.82,847,9,9,1914.82,Active,1914.82
15022,2011-10-23 15:47:00,2011-11-28 12:35:00,4,905.04,543,12,4,905.04,Active,905.04
15023,2010-12-05 13:49:00,2011-12-06 17:23:00,11,6802.76,2871,3,11,6802.76,Active,6802.76
15024,2010-12-07 13:20:00,2011-11-30 12:06:00,10,1661.33,920,10,10,1661.33,Active,1661.33
15025,2011-11-06 15:20:00,2011-11-06 15:20:00,1,377.01,189,33,1,377.01,At Risk,377.01
15026,2011-03-07 13:45:00,2011-09-20 13:52:00,3,469.0,285,80,3,469.0,At Risk,469.0
15027,2011-04-15 14:14:00,2011-11-09 10:16:00,4,1066.15,565,31,4,1066.15,At Risk,1066.15
15028,2010-12-06 12:47:00,2011-12-01 14:06:00,4,627.13,459,8,4,627.13,Active,627.13
15030,2011-03-16 15:34:00,2011-09-29 10:50:00,2,518.28,372,72,2,518.28,At Risk,518.28
15031,2011-03-02 14:46:00,2011-12-05 14:19:00,4,668.14,401,4,4,668.14,Active,668.14
15032,2010-12-08 12:57:00,2011-03-28 15:03:00,3,4959.1,2968,256,3,4959.1,Churned,4959.1
15033,2011-01-14 13:28:00,2011-12-05 12:40:00,10,2586.67,1695,5,10,2586.67,Active,2586.67
15034,2010-12-21 09:47:00,2011-11-24 12:11:00,8,4308.61,2422,16,8,4308.61,Active,4308.61
15035,2011-09-11 11:08:00,2011-09-11 11:08:00,1,252.73000000000002,245,90,1,252.73000000000002,At Risk,252.73000000000002
15036,2011-06-13 12:19:00,2011-09-28 15:42:00,3,465.55,327,72,3,465.55,At Risk,465.55
15038,2010-12-05 10:54:00,2011-10-12 11:33:00,6,705.49,217,59,6,705.49,At Risk,705.49
15039,2010-12-06 11:26:00,2011-11-30 11:31:00,47,19914.44,9209,10,47,19914.44,Active,19914.44
15041,2011-06-22 16:16:00,2011-06-22 16:16:00,1,180.35,104,170,1,180.35,Churned,180.35
15042,2011-05-24 16:25:00,2011-05-24 16:25:00,1,135.93,30,199,1,135.93,Churned,135.93
15043,2011-11-08 14:26:00,2011-11-08 14:26:00,1,537.0,300,31,1,537.0,At Risk,537.0
15044,2010-12-12 14:27:00,2011-11-20 13:20:00,17,7700.2300000000005,2795,19,17,7700.2300000000005,Active,7700.2300000000005
15045,2011-03-27 11:44:00,2011-07-11 11:33:00,2,735.66,114,152,2,735.66,Churned,735.66
15046,2011-01-05 15:30:00,2011-11-30 15:50:00,15,5213.7699999999995,3451,9,15,5213.7699999999995,Active,5213.7699999999995
15047,2011-03-15 10:49:00,2011-03-15 10:49:00,1,343.62,222,270,1,343.62,Churned,343.62
15048,2010-12-06 12:15:00,2011-10-05 14:55:00,4,384.05,195,65,4,384.05,At Risk,384.05
15049,2011-03-11 12:13:00,2011-03-11 12:13:00,1,121.17000000000002,63,274,1,121.17000000000002,Churned,121.17000000000002
15050,2011-09-29 13:22:00,2011-11-14 16:17:00,3,1782.09,1224,25,3,1782.09,Active,1782.09
15051,2011-07-12 15:29:00,2011-11-16 15:38:00,3,1391.61,1011,23,3,1391.61,Active,1391.61
15052,2011-01-24 15:52:00,2011-01-24 15:52:00,1,215.78,82,319,1,215.78,Churned,215.78
15053,2011-03-03 12:06:00,2011-12-05 12:08:00,3,697.79,986,5,3,697.79,Active,697.79
15054,2011-10-30 14:33:00,2011-11-27 15:02:00,2,302.1,198,12,2,302.1,Active,302.1
15057,2011-01-28 09:09:00,2011-03-09 15:17:00,2,1489.5,668,275,2,1489.5,Churned,1489.5
15058,2011-01-31 15:35:00,2011-11-14 14:57:00,11,2124.99,1069,25,11,2124.99,Active,2124.99
15059,2011-01-09 11:54:00,2011-10-30 11:35:00,9,1337.72,604,41,9,1337.72,At Risk,1337.72
15060,2011-11-30 14:03:00,2011-12-01 13:47:00,4,303.09000000000003,263,8,4,303.09000000000003,Active,303.09000000000003
15061,2010-12-02 15:19:00,2011-12-06 12:06:00,48,54534.14,28920,4,48,54534.14,Active,54534.14
15062,2010-12-15 15:37:00,2011-09-29 16:51:00,4,987.86,763,71,4,987.86,At Risk,987.86
15063,2011-05-10 13:25:00,2011-05-10 13:25:00,1,370.79999999999995,56,213,1,370.79999999999995,Churned,370.79999999999995
15065,2011-02-21 12:54:00,2011-11-02 09:45:00,4,3158.13,1383,38,4,3158.13,At Risk,3158.13
15066,2011-10-17 13:25:00,2011-10-17 13:25:00,1,893.59,317,53,1,893.59,At Risk,893.59
15067,2011-03-02 12:10:00,2011-09-22 13:20:00,3,1744.76,954,78,3,1744.76,At Risk,1744.76
15068,2011-03-28 14:27:00,2011-10-24 14:47:00,2,553.36,364,46,2,553.36,At Risk,553.36
15069,2011-06-13 14:16:00,2011-06-13 14:16:00,1,1109.53,520,179,1,1109.53,Churned,1109.53
15070,2010-12-02 11:23:00,2010-12-02 11:23:00,1,106.2,36,373,1,106.2,Churned,106.2
15071,2011-03-09 10:19:00,2011-09-07 11:43:00,2,982.07,269,94,2,982.07,Churned,982.07
15073,2011-06-06 09:59:00,2011-11-30 10:44:00,3,1043.41,491,10,3,1043.41,Active,1043.41
15074,2011-08-26 14:45:00,2011-08-26 14:45:00,1,748.87,455,105,1,748.87,Churned,748.87
15075,2011-09-23 12:27:00,2011-09-23 12:27:00,1,773.03,447,78,1,773.03,At Risk,773.03
15076,2011-06-20 08:23:00,2011-06-20 08:23:00,1,880.85,571,173,1,880.85,Churned,880.85
15078,2010-12-06 12:38:00,2011-12-02 15:41:00,32,9743.11,5105,7,32,9743.11,Active,9743.11
15079,2010-12-09 09:25:00,2011-05-11 12:45:00,4,895.61,389,213,4,895.61,Churned,895.61
15081,2010-12-07 16:20:00,2011-11-17 17:08:00,5,504.8,190,22,5,504.8,Active,504.8
15083,2011-03-28 12:18:00,2011-03-28 12:18:00,1,88.2,38,257,1,88.2,Churned,88.2
15087,2011-03-03 10:34:00,2011-03-03 10:34:00,1,306.94,470,282,1,306.94,Churned,306.94
15088,2011-10-03 14:05:00,2011-11-18 13:14:00,2,1160.07,460,21,2,1160.07,Active,1160.07
15089,2011-08-03 14:14:00,2011-11-29 16:31:00,6,2420.84,1359,10,6,2420.84,Active,2420.84
15090,2011-02-04 14:03:00,2011-02-04 14:03:00,1,381.32,208,308,1,381.32,Churned,381.32
15091,2011-10-03 12:47:00,2011-10-03 12:47:00,1,480.71,346,68,1,480.71,At Risk,480.71
15092,2011-03-01 12:24:00,2011-05-08 14:10:00,2,457.81,135,215,2,457.81,Churned,457.81
15093,2010-12-02 18:25:00,2011-11-21 13:09:00,6,4597.02,3760,18,6,4597.02,Active,4597.02
15095,2011-05-20 14:27:00,2011-08-28 12:01:00,4,1370.6000000000001,1079,104,4,1370.6000000000001,Churned,1370.6000000000001
15096,2011-10-28 10:27:00,2011-10-28 10:27:00,1,219.39000000000001,120,43,1,219.39000000000001,At Risk,219.39000000000001
15097,2011-12-05 14:03:00,2011-12-05 14:03:00,1,248.08,170,4,1,248.08,Active,248.08
15098,2011-06-10 15:22:00,2011-06-10 15:33:00,3,39916.5,121,182,3,39916.5,Churned,39916.5
15099,2011-09-16 13:13:00,2011-09-16 13:13:00,1,410.48,343,84,1,410.48,At Risk,410.48
15100,2010-12-01 09:09:00,2011-01-10 10:35:00,3,876.0,80,334,3,876.0,Churned,876.0
15101,2010-12-15 12:54:00,2011-12-01 10:18:00,2,317.53000000000003,241,9,2,317.53000000000003,Active,317.53000000000003
15103,2011-09-14 13:54:00,2011-11-08 14:53:00,2,703.36,329,31,2,703.36,At Risk,703.36
15104,2011-03-02 14:16:00,2011-05-27 12:29:00,2,1027.44,637,197,2,1027.44,Churned,1027.44
15105,2011-07-28 10:09:00,2011-11-21 16:54:00,7,2298.93,1211,18,7,2298.93,Active,2298.93
15106,2011-03-15 12:52:00,2011-11-22 09:16:00,5,1422.52,1181,18,5,1422.52,Active,1422.52
15107,2010-12-02 13:45:00,2011-02-01 14:46:00,6,319.5,169,311,6,319.5,Churned,319.5
15108,2011-04-26 10:54:00,2011-07-21 10:24:00,4,1300.25,499,142,4,1300.25,Churned,1300.25
15109,2011-04-08 09:58:00,2011-04-08 09:58:00,1,484.95,131,246,1,484.95,Churned,484.95
15110,2011-01-25 11:41:00,2011-11-16 11:16:00,4,996.1,246,24,4,996.1,Active,996.1
15111,2010-12-02 11:45:00,2011-11-10 16:58:00,3,1567.48,710,29,3,1567.48,Active,1567.48
15113,2011-10-16 15:27:00,2011-11-30 08:23:00,3,3609.33,2386,10,3,3609.33,Active,3609.33
15114,2011-02-11 08:45:00,2011-11-09 15:05:00,10,2760.56,3096,30,10,2760.56,Active,2760.56
15115,2011-11-21 14:59:00,2011-11-21 14:59:00,1,340.11,157,18,1,340.11,Active,340.11
15116,2011-05-19 08:50:00,2011-11-22 12:25:00,4,1352.75,648,18,4,1352.75,Active,1352.75
15117,2011-05-08 12:38:00,2011-11-25 08:12:00,5,1551.78,1948,15,5,1551.78,Active,1551.78
15118,2011-07-28 14:54:00,2011-07-28 14:54:00,1,244.8,1440,134,1,244.8,Churned,244.8
15119,2011-04-08 09:08:00,2011-04-08 09:08:00,1,266.4,88,246,1,266.4,Churned,266.4
15120,2011-07-29 09:48:00,2011-07-29 09:48:00,1,358.82,296,134,1,358.82,Churned,358.82
15121,2011-02-24 12:41:00,2011-10-20 14:51:00,2,457.72,199,50,2,457.72,At Risk,457.72
15122,2011-02-15 09:59:00,2011-08-17 16:48:00,3,1633.78,800,114,3,1633.78,Churned,1633.78
15123,2011-05-17 14:57:00,2011-12-02 13:12:00,2,2199.31,1195,7,2,2199.31,Active,2199.31
15124,2011-06-01 09:06:00,2011-11-17 10:09:00,2,184.19,233,23,2,184.19,Active,184.19
15125,2011-03-14 09:59:00,2011-11-14 13:57:00,15,11528.48,6193,25,15,11528.48,Active,11528.48
15127,2011-10-05 10:30:00,2011-10-05 10:30:00,1,406.53000000000003,251,66,1,406.53000000000003,At Risk,406.53000000000003
15128,2011-05-04 12:32:00,2011-10-10 13:54:00,4,1471.0,1343,60,4,1471.0,At Risk,1471.0
15129,2011-02-21 09:09:00,2011-10-20 14:40:00,11,3447.4,1794,50,11,3447.4,At Risk,3447.4
15130,2011-06-23 10:15:00,2011-06-23 10:15:00,1,330.11,197,170,1,330.11,Churned,330.11
15132,2011-03-22 12:02:00,2011-11-21 17:10:00,5,977.9300000000001,679,18,5,977.9300000000001,Active,977.9300000000001
15133,2011-02-11 10:38:00,2011-08-04 10:44:00,3,982.42,680,128,3,982.42,Churned,982.42
15134,2011-04-13 11:05:00,2011-11-25 08:55:00,8,1387.99,887,15,8,1387.99,Active,1387.99
15135,2011-04-14 19:16:00,2011-04-14 19:16:00,1,139.05,43,239,1,139.05,Churned,139.05
15136,2011-09-04 16:05:00,2011-12-07 12:26:00,4,1286.7,776,3,4,1286.7,Active,1286.7
15139,2011-01-07 12:44:00,2011-04-14 11:39:00,2,178.96,208,240,2,178.96,Churned,178.96
15140,2011-03-20 14:37:00,2011-10-18 14:07:00,7,2354.25,1572,52,7,2354.25,At Risk,2354.25
15142,2011-10-24 12:51:00,2011-10-24 12:51:00,1,498.74,365,46,1,498.74,At Risk,498.74
15143,2011-04-28 12:03:00,2011-04-28 12:03:00,1,259.45,150,226,1,259.45,Churned,259.45
15144,2011-01-31 13:17:00,2011-12-01 15:12:00,17,6580.4400000000005,3050,8,17,6580.4400000000005,Active,6580.4400000000005
15145,2011-04-05 15:20:00,2011-12-05 17:21:00,4,1194.73,756,4,4,1194.73,Active,1194.73
15146,2011-02-21 13:07:00,2011-06-28 12:09:00,2,1327.16,1473,165,2,1327.16,Churned,1327.16
15147,2011-04-13 15:57:00,2011-04-13 15:57:00,1,623.5,366,240,1,623.5,Churned,623.5
15148,2011-11-29 08:21:00,2011-11-29 08:21:00,1,301.29,187,11,1,301.29,Active,301.29
15149,2011-07-29 10:58:00,2011-07-29 10:58:00,1,520.8000000000001,128,134,1,520.8000000000001,Churned,520.8000000000001
15150,2011-03-15 14:21:00,2011-11-22 12:52:00,10,5314.47,3658,17,10,5314.47,Active,5314.47
15152,2011-06-05 15:36:00,2011-11-30 12:32:00,13,4745.69,2704,10,13,4745.69,Active,4745.69
15153,2011-11-08 17:09:00,2011-11-08 17:09:00,1,329.25,198,31,1,329.25,At Risk,329.25
15154,2011-09-25 16:05:00,2011-09-25 16:05:00,1,296.42,104,75,1,296.42,At Risk,296.42
15156,2011-11-06 12:41:00,2011-12-08 18:22:00,3,961.49,597,1,3,961.49,Active,961.49
15157,2010-12-16 13:44:00,2011-12-06 11:28:00,3,1936.07,2392,4,3,1936.07,Active,1936.07
15158,2011-10-25 13:53:00,2011-10-25 13:53:00,1,401.40000000000003,198,45,1,401.40000000000003,At Risk,401.40000000000003
15159,2010-12-13 15:44:00,2011-12-08 12:05:00,30,18641.010000000002,11441,2,30,18641.010000000002,Active,18641.010000000002
15160,2010-12-17 14:15:00,2010-12-17 14:15:00,1,158.16,84,357,1,158.16,Churned,158.16
15163,2011-05-31 15:22:00,2011-11-21 13:10:00,2,304.47,186,18,2,304.47,Active,304.47
15164,2011-01-04 14:21:00,2011-10-02 12:05:00,3,843.05,360,69,3,843.05,At Risk,843.05
15165,2010-12-01 14:03:00,2010-12-01 14:03:00,1,487.75,160,373,1,487.75,Churned,487.75
15167,2011-01-23 12:41:00,2011-01-23 12:41:00,1,163.0,67,321,1,163.0,Churned,163.0
15168,2011-11-14 11:26:00,2011-11-14 11:26:00,1,106.56,52,26,1,106.56,Active,106.56
15171,2011-01-12 15:36:00,2011-01-12 15:36:00,1,1289.5,290,331,1,1289.5,Churned,1289.5
15172,2011-04-17 11:56:00,2011-12-01 11:51:00,5,1624.05,1611,9,5,1624.05,Active,1624.05
15174,2011-01-21 09:06:00,2011-01-21 09:06:00,1,135.75,145,323,1,135.75,Churned,135.75
15175,2011-09-29 11:31:00,2011-09-29 11:31:00,1,224.14,454,72,1,224.14,At Risk,224.14
15178,2011-03-24 15:12:00,2011-03-24 15:12:00,1,40.5,30,260,1,40.5,Churned,40.5
15179,2011-01-24 13:48:00,2011-11-21 12:53:00,5,2206.9500000000003,1938,18,5,2206.9500000000003,Active,2206.9500000000003
15180,2010-12-07 14:57:00,2010-12-07 14:57:00,1,87.5,36,367,1,87.5,Churned,87.5
15181,2011-03-15 12:03:00,2011-10-04 13:58:00,3,689.48,544,66,3,689.48,At Risk,689.48
15182,2011-03-16 12:42:00,2011-07-08 13:37:00,2,622.85,253,154,2,622.85,Churned,622.85
15184,2011-06-02 12:06:00,2011-11-10 13:41:00,2,406.76,223,29,2,406.76,Active,406.76
15185,2011-09-30 14:06:00,2011-09-30 14:06:00,1,310.62,666,70,1,310.62,At Risk,310.62
15186,2011-06-24 14:54:00,2011-11-25 14:58:00,2,411.41,215,14,2,411.41,Active,411.41
15187,2011-05-11 13:49:00,2011-12-08 11:56:00,16,4777.18,1887,2,16,4777.18,Active,4777.18
15189,2011-01-11 12:29:00,2011-12-08 13:22:00,41,16225.39,6149,1,41,16225.39,Active,16225.39
15192,2010-12-09 14:56:00,2011-08-12 11:41:00,3,1044.32,918,120,3,1044.32,Churned,1044.32
15193,2011-10-10 08:23:00,2011-10-10 08:23:00,1,499.32,144,61,1,499.32,At Risk,499.32
15194,2010-12-06 15:00:00,2011-12-06 15:10:00,15,7616.53,5703,3,15,7616.53,Active,7616.53
15195,2011-12-07 12:20:00,2011-12-07 12:20:00,1,3861.0,1404,3,1,3861.0,Active,3861.0
15197,2010-12-16 18:01:00,2011-11-29 10:00:00,3,1079.61,469,11,3,1079.61,Active,1079.61
15198,2011-08-07 15:16:00,2011-09-08 14:42:00,2,193.64,120,92,2,193.64,Churned,193.64
15199,2011-02-04 14:04:00,2011-10-11 15:12:00,4,1268.7,396,59,4,1268.7,At Risk,1268.7
15201,2011-04-06 14:02:00,2011-09-13 14:53:00,5,1236.54,1210,87,5,1236.54,At Risk,1236.54
15203,2011-02-01 12:29:00,2011-11-14 08:16:00,6,1827.8,1753,26,6,1827.8,Active,1827.8
15204,2010-12-17 13:49:00,2010-12-17 13:49:00,1,316.58,258,357,1,316.58,Churned,316.58
15205,2011-08-04 16:07:00,2011-09-15 19:36:00,2,653.24,378,85,2,653.24,At Risk,653.24
15206,2011-03-09 08:59:00,2011-11-29 13:41:00,4,420.3,162,10,4,420.3,Active,420.3
15208,2010-12-21 13:03:00,2011-12-08 17:24:00,5,870.12,316,1,5,870.12,Active,870.12
15210,2011-04-28 16:11:00,2011-04-28 16:11:00,1,331.18,228,225,1,331.18,Churned,331.18
15211,2010-12-09 16:08:00,2011-10-10 13:31:00,2,894.4100000000001,240,60,2,894.4100000000001,At Risk,894.4100000000001
15212,2011-04-12 13:45:00,2011-04-12 13:45:00,1,101.8,36,241,1,101.8,Churned,101.8
15213,2011-01-14 11:05:00,2011-01-25 12:21:00,2,328.35,272,319,2,328.35,Churned,328.35
15214,2011-04-11 09:46:00,2011-12-08 12:07:00,8,1661.44,1254,2,8,1661.44,Active,1661.44
15215,2011-09-04 12:24:00,2011-10-24 11:41:00,3,734.94,225,47,3,734.94,At Risk,734.94
15216,2011-09-13 11:41:00,2011-09-13 11:41:00,1,96.6,28,88,1,96.6,At Risk,96.6
15218,2011-01-25 11:20:00,2011-11-29 11:48:00,11,5756.89,3329,11,11,5756.89,Active,5756.89
15219,2011-06-16 16:57:00,2011-06-16 16:57:00,1,305.75,45,176,1,305.75,Churned,305.75
15220,2011-03-04 10:24:00,2011-10-19 12:39:00,6,1778.96,1393,52,6,1778.96,At Risk,1778.96
15221,2010-12-08 13:08:00,2010-12-08 13:08:00,1,403.25,43,366,1,403.25,Churned,403.25
15222,2011-01-25 08:03:00,2011-01-25 08:03:00,1,585.0,440,319,1,585.0,Churned,585.0
15223,2011-04-04 12:17:00,2011-04-28 11:31:00,2,755.75,213,226,2,755.75,Churned,755.75
15224,2010-12-12 12:34:00,2010-12-16 15:02:00,2,322.08,152,358,2,322.08,Churned,322.08
15225,2011-04-19 14:51:00,2011-04-19 14:51:00,1,409.40000000000003,226,234,1,409.40000000000003,Churned,409.40000000000003
15226,2011-02-02 11:41:00,2011-02-02 11:41:00,1,154.41,71,311,1,154.41,Churned,154.41
15227,2011-01-26 15:31:00,2011-11-03 11:59:00,5,1219.4,750,37,5,1219.4,At Risk,1219.4
15228,2011-02-18 09:04:00,2011-10-04 13:56:00,4,3386.71,2255,66,4,3386.71,At Risk,3386.71
15230,2011-04-13 11:04:00,2011-04-14 14:39:00,2,429.6,351,239,2,429.6,Churned,429.6
15232,2011-07-22 12:21:00,2011-08-18 16:27:00,2,612.06,686,113,2,612.06,Churned,612.06
15234,2011-03-08 08:53:00,2011-03-08 08:53:00,1,197.0,196,277,1,197.0,Churned,197.0
15235,2010-12-01 17:22:00,2011-05-06 09:44:00,12,2247.51,1324,218,12,2247.51,Churned,2247.51
15236,2011-02-14 10:52:00,2011-02-14 10:52:00,1,321.05,269,299,1,321.05,Churned,321.05
15237,2011-04-26 15:04:00,2011-12-08 09:46:00,4,1412.32,1071,2,4,1412.32,Active,1412.32
15238,2011-06-08 16:00:00,2011-11-10 14:28:00,3,1071.99,692,29,3,1071.99,Active,1071.99
15239,2011-09-22 09:53:00,2011-11-29 14:14:00,2,780.59,594,10,2,780.59,Active,780.59
15240,2011-02-01 08:23:00,2011-10-26 09:50:00,5,1706.57,1369,45,5,1706.57,At Risk,1706.57
15241,2011-03-01 11:02:00,2011-10-04 09:05:00,8,1756.44,1818,67,8,1756.44,At Risk,1756.44
15243,2011-09-26 14:12:00,2011-09-26 14:12:00,1,316.68,185,74,1,316.68,At Risk,316.68
15244,2011-04-05 15:12:00,2011-10-05 13:19:00,2,631.57,405,65,2,631.57,At Risk,631.57
15245,2011-03-23 13:42:00,2011-07-28 18:56:00,3,2515.84,1784,134,3,2515.84,Churned,2515.84
15246,2010-12-16 09:46:00,2011-04-15 14:45:00,2,514.15,247,238,2,514.15,Churned,514.15
15247,2011-08-09 12:52:00,2011-08-09 12:52:00,1,356.0,160,122,1,356.0,Churned,356.0
15249,2011-03-28 12:49:00,2011-11-08 11:45:00,13,6688.46,3577,32,13,6688.46,At Risk,6688.46
15251,2011-04-12 10:38:00,2011-11-30 15:02:00,11,10484.99,6171,9,11,10484.99,Active,10484.99
15252,2011-06-09 14:15:00,2011-11-03 13:30:00,2,740.78,522,36,2,740.78,At Risk,740.78
15253,2011-06-23 12:19:00,2011-11-23 16:22:00,5,918.2,866,16,5,918.2,Active,918.2
15254,2011-08-04 15:04:00,2011-08-04 15:04:00,1,300.36,275,127,1,300.36,Churned,300.36
15255,2011-10-04 12:43:00,2011-10-04 12:43:00,1,890.85,489,67,1,890.85,At Risk,890.85
15256,2011-07-14 11:47:00,2011-07-14 11:47:00,1,98.45,55,149,1,98.45,Churned,98.45
15257,2011-03-01 12:58:00,2011-03-01 12:58:00,1,317.15,46,283,1,317.15,Churned,317.15
15258,2011-05-06 14:16:00,2011-06-24 12:30:00,2,623.16,142,169,2,623.16,Churned,623.16
15260,2010-12-02 12:09:00,2011-08-31 13:55:00,7,1810.77,885,100,7,1810.77,Churned,1810.77
15261,2011-07-27 15:20:00,2011-07-27 15:20:00,1,254.82,270,135,1,254.82,Churned,254.82
15262,2011-01-20 12:16:00,2011-01-20 12:16:00,1,178.95000000000002,73,324,1,178.95000000000002,Churned,178.95000000000002
15263,2011-08-25 10:26:00,2011-08-25 10:26:00,1,156.51,89,107,1,156.51,Churned,156.51
15264,2011-10-06 13:49:00,2011-10-06 13:49:00,1,393.74,265,64,1,393.74,At Risk,393.74
15265,2011-04-18 12:16:00,2011-07-11 14:46:00,2,1506.1200000000001,612,151,2,1506.1200000000001,Churned,1506.1200000000001
15266,2011-01-05 13:40:00,2011-01-05 13:40:00,1,119.3,18,338,1,119.3,Churned,119.3
15267,2011-06-10 10:24:00,2011-11-17 15:59:00,5,1717.36,944,22,5,1717.36,Active,1717.36
15269,2011-11-16 09:32:00,2011-11-16 09:32:00,1,408.8,26,24,1,408.8,Active,408.8
15270,2011-02-02 13:25:00,2011-11-24 09:24:00,7,2379.49,1521,16,7,2379.49,Active,2379.49
15271,2010-12-09 13:47:00,2011-12-02 14:11:00,15,2507.07,1262,7,15,2507.07,Active,2507.07
15272,2011-09-14 16:36:00,2011-10-13 12:59:00,2,721.94,310,57,2,721.94,At Risk,721.94
15274,2011-11-21 14:17:00,2011-12-05 16:57:00,2,716.57,619,4,2,716.57,Active,716.57
15275,2011-11-02 11:20:00,2011-11-02 11:20:00,1,615.14,498,38,1,615.14,At Risk,615.14
15276,2011-10-04 16:39:00,2011-10-04 16:39:00,1,135.31,64,66,1,135.31,At Risk,135.31
15277,2011-10-24 10:08:00,2011-10-24 10:08:00,1,255.89999999999998,205,47,1,255.89999999999998,At Risk,255.89999999999998
15279,2010-12-20 10:48:00,2010-12-20 10:48:00,1,290.51,189,355,1,290.51,Churned,290.51
15280,2011-06-20 17:14:00,2011-06-20 17:14:00,1,113.12,154,172,1,113.12,Churned,113.12
15281,2011-01-10 15:51:00,2011-10-12 09:10:00,9,2332.15,1211,59,9,2332.15,At Risk,2332.15
15286,2011-10-21 11:08:00,2011-10-21 11:08:00,1,240.55,55,50,1,240.55,At Risk,240.55
15287,2011-09-30 12:30:00,2011-11-17 15:34:00,2,486.69,433,22,2,486.69,Active,486.69
15288,2010-12-09 13:59:00,2011-10-27 16:58:00,5,2306.52,775,43,5,2306.52,At Risk,2306.52
15289,2011-04-04 12:44:00,2011-11-10 13:49:00,3,939.78,1008,29,3,939.78,Active,939.78
15290,2010-12-15 16:03:00,2011-12-05 11:39:00,18,7943.22,4501,5,18,7943.22,Active,7943.22
15291,2010-12-01 09:32:00,2011-11-14 11:02:00,15,4668.3,2103,26,15,4668.3,Active,4668.3
15292,2011-05-22 15:00:00,2011-05-22 15:00:00,1,180.94,56,201,1,180.94,Churned,180.94
15296,2011-01-17 11:57:00,2011-10-20 11:47:00,6,3672.86,1766,51,6,3672.86,At Risk,3672.86
15297,2011-10-07 09:42:00,2011-11-29 16:32:00,3,641.94,292,10,3,641.94,Active,641.94
15298,2010-12-08 13:55:00,2011-12-07 17:17:00,12,4799.9,3116,2,12,4799.9,Active,4799.9
15299,2010-12-02 16:48:00,2011-10-03 14:19:00,7,4507.01,2948,67,7,4507.01,At Risk,4507.01
15300,2011-10-06 17:08:00,2011-10-06 17:08:00,1,496.44,292,64,1,496.44,At Risk,496.44
15301,2010-12-06 12:21:00,2011-10-20 09:57:00,12,5070.35,2775,51,12,5070.35,At Risk,5070.35
15303,2011-02-22 13:59:00,2011-02-22 13:59:00,1,574.02,248,290,1,574.02,Churned,574.02
15304,2010-12-06 11:42:00,2011-10-10 10:23:00,8,694.4,104,61,8,694.4,At Risk,694.4
15306,2011-07-14 15:22:00,2011-10-06 12:56:00,3,1174.3500000000001,810,64,3,1174.3500000000001,At Risk,1174.3500000000001
15307,2011-09-05 11:38:00,2011-09-05 11:38:00,1,205.3,37,96,1,205.3,Churned,205.3
15308,2011-03-10 13:08:00,2011-03-10 13:08:00,1,310.47,175,274,1,310.47,Churned,310.47
15311,2010-12-01 09:41:00,2011-12-09 12:00:00,91,60767.9,38194,1,91,60767.9,Active,60767.9
15312,2010-12-20 12:51:00,2011-09-25 13:10:00,4,924.85,516,75,4,924.85,At Risk,924.85
15313,2011-08-21 16:02:00,2011-08-21 16:02:00,1,52.0,25,110,1,52.0,Churned,52.0
15314,2011-05-24 14:39:00,2011-05-24 14:39:00,1,327.97,313,199,1,327.97,Churned,327.97
15315,2011-08-15 15:17:00,2011-10-06 12:51:00,2,570.5,862,64,2,570.5,At Risk,570.5
15316,2011-01-17 11:34:00,2011-01-17 11:34:00,1,165.0,100,327,1,165.0,Churned,165.0
15318,2011-12-06 11:30:00,2011-12-06 11:30:00,1,312.62,642,4,1,312.62,Active,312.62
15319,2011-03-01 12:48:00,2011-03-01 12:48:00,1,204.5,175,284,1,204.5,Churned,204.5
15320,2011-10-26 13:27:00,2011-10-26 13:27:00,1,267.13,326,44,1,267.13,At Risk,267.13
15321,2011-02-21 11:10:00,2011-09-30 09:40:00,3,2748.31,1181,71,3,2748.31,At Risk,2748.31
15322,2011-09-15 09:34:00,2011-09-15 09:34:00,1,679.68,416,86,1,679.68,At Risk,679.68
15325,2011-08-28 11:55:00,2011-08-28 11:55:00,1,162.29,232,104,1,162.29,Churned,162.29
15326,2011-01-10 11:38:00,2011-01-10 11:38:00,1,311.71,386,334,1,311.71,Churned,311.71
15327,2011-10-18 11:55:00,2011-10-18 11:55:00,1,208.75,116,53,1,208.75,At Risk,208.75
15329,2011-06-21 10:37:00,2011-10-31 15:36:00,3,1049.7,486,39,3,1049.7,At Risk,1049.7
15330,2011-10-10 12:30:00,2011-11-07 17:50:00,2,714.9599999999999,1312,32,2,714.9599999999999,At Risk,714.9599999999999
15332,2010-12-05 12:00:00,2010-12-08 14:43:00,4,1661.06,652,366,4,1661.06,Churned,1661.06
15333,2011-05-15 13:27:00,2011-05-15 13:27:00,1,1028.56,344,208,1,1028.56,Churned,1028.56
15334,2011-06-19 13:51:00,2011-07-06 11:22:00,3,351.67,274,157,3,351.67,Churned,351.67
15335,2011-10-17 12:50:00,2011-10-17 12:50:00,1,173.97,80,54,1,173.97,At Risk,173.97
15339,2011-01-25 13:15:00,2011-10-04 12:51:00,2,574.07,416,66,2,574.07,At Risk,574.07
15341,2011-09-20 09:40:00,2011-09-20 09:40:00,1,2020.52,812,81,1,2020.52,At Risk,2020.52
15342,2011-08-02 10:19:00,2011-08-02 10:19:00,1,406.09000000000003,283,130,1,406.09000000000003,Churned,406.09000000000003
15343,2011-09-13 13:55:00,2011-09-13 13:55:00,1,364.5,84,87,1,364.5,At Risk,364.5
15344,2011-09-26 14:48:00,2011-12-09 10:45:00,3,563.94,116,1,3,563.94,Active,563.94
15345,2011-10-25 11:28:00,2011-10-25 11:28:00,1,393.54,81,46,1,393.54,At Risk,393.54
15346,2011-01-11 11:18:00,2011-01-11 11:18:00,1,252.42000000000002,144,333,1,252.42000000000002,Churned,252.42000000000002
15347,2010-12-08 15:25:00,2010-12-08 15:25:00,1,201.60000000000002,130,366,1,201.60000000000002,Churned,201.60000000000002
15348,2011-09-28 13:17:00,2011-09-28 13:17:00,1,158.04,84,72,1,158.04,At Risk,158.04
15349,2011-06-05 15:46:00,2011-07-04 16:06:00,2,473.81,327,158,2,473.81,Churned,473.81
15350,2010-12-01 13:33:00,2010-12-01 13:33:00,1,115.65,51,373,1,115.65,Churned,115.65
15351,2010-12-05 11:49:00,2011-11-27 12:52:00,7,1960.11,753,12,7,1960.11,Active,1960.11
15353,2010-12-07 11:49:00,2011-03-30 12:15:00,2,777.02,343,255,2,777.02,Churned,777.02
15355,2011-10-17 15:22:00,2011-11-10 13:44:00,2,277.05,45,29,2,277.05,Active,277.05
15356,2010-12-06 14:05:00,2011-11-08 13:11:00,10,2766.5,1673,31,10,2766.5,At Risk,2766.5
15358,2010-12-09 10:04:00,2011-12-05 09:04:00,22,8347.2,7050,5,22,8347.2,Active,8347.2
15360,2011-10-31 09:35:00,2011-10-31 09:35:00,1,427.93,223,40,1,427.93,At Risk,427.93
15361,2010-12-13 09:52:00,2010-12-13 09:52:00,1,418.92,336,362,1,418.92,Churned,418.92
15363,2010-12-02 12:28:00,2010-12-02 12:28:00,1,326.0,144,373,1,326.0,Churned,326.0
15364,2011-03-30 13:39:00,2011-09-05 09:46:00,2,913.19,493,96,2,913.19,Churned,913.19
15365,2011-01-28 13:08:00,2011-11-14 08:29:00,7,2314.32,1084,26,7,2314.32,Active,2314.32
15366,2010-12-16 15:59:00,2011-09-25 15:01:00,2,602.51,621,75,2,602.51,At Risk,602.51
15367,2011-03-09 13:53:00,2011-10-13 14:13:00,4,1877.5900000000001,1057,57,4,1877.5900000000001,At Risk,1877.5900000000001
15368,2011-11-18 14:42:00,2011-11-18 14:42:00,1,446.94000000000005,230,21,1,446.94000000000005,Active,446.94000000000005
15370,2011-01-11 11:32:00,2011-10-30 10:58:00,7,2386.05,830,41,7,2386.05,At Risk,2386.05
15372,2011-07-25 16:39:00,2011-07-25 16:39:00,1,2007.4,2924,137,1,2007.4,Churned,2007.4
15373,2010-12-03 14:40:00,2011-12-01 15:05:00,12,2415.91,500,8,12,2415.91,Active,2415.91
15374,2011-08-03 09:59:00,2011-08-03 09:59:00,1,168.0,126,129,1,168.0,Churned,168.0
15376,2011-05-01 13:45:00,2011-10-30 15:04:00,3,1233.3600000000001,619,40,3,1233.3600000000001,At Risk,1233.3600000000001
15379,2010-12-16 13:02:00,2011-06-23 13:13:00,7,3703.29,2305,169,7,3703.29,Churned,3703.29
15380,2010-12-09 15:01:00,2011-12-01 12:13:00,5,1690.26,376,9,5,1690.26,Active,1690.26
15381,2011-03-16 13:44:00,2011-05-10 11:55:00,2,596.85,171,214,2,596.85,Churned,596.85
15382,2011-02-17 12:01:00,2011-11-25 10:58:00,6,5955.71,4012,15,6,5955.71,Active,5955.71
15384,2010-12-15 11:34:00,2011-06-23 10:57:00,2,642.41,596,170,2,642.41,Churned,642.41
15385,2011-10-30 15:11:00,2011-10-30 15:11:00,1,316.88,161,40,1,316.88,At Risk,316.88
15386,2011-06-06 13:47:00,2011-06-06 13:47:00,1,394.14,446,186,1,394.14,Churned,394.14
15388,2011-03-14 13:53:00,2011-03-14 13:53:00,1,140.54,88,270,1,140.54,Churned,140.54
15389,2011-06-20 16:18:00,2011-06-20 16:18:00,1,500.0,400,172,1,500.0,Churned,500.0
15392,2010-12-14 15:50:00,2011-12-05 11:01:00,4,1535.53,1277,5,4,1535.53,Active,1535.53
15393,2011-03-03 16:58:00,2011-11-23 16:48:00,2,231.86,150,16,2,231.86,Active,231.86
15394,2010-12-16 12:46:00,2011-11-30 11:49:00,4,2183.54,910,10,4,2183.54,Active,2183.54
15395,2011-01-18 12:40:00,2011-01-18 12:40:00,1,107.45,17,326,1,107.45,Churned,107.45
15396,2011-08-19 10:56:00,2011-08-19 10:56:00,1,288.18,122,113,1,288.18,Churned,288.18
15397,2011-02-23 09:25:00,2011-02-23 09:25:00,1,94.0,20,290,1,94.0,Churned,94.0
15398,2011-09-22 14:56:00,2011-11-23 16:47:00,2,1345.53,769,16,2,1345.53,Active,1345.53
15399,2011-09-21 15:57:00,2011-12-08 13:04:00,3,815.77,611,1,3,815.77,Active,815.77
15400,2011-03-06 11:27:00,2011-09-08 13:57:00,5,716.2,390,92,5,716.2,Churned,716.2
15402,2011-05-27 13:32:00,2011-07-14 12:17:00,2,626.77,694,149,2,626.77,Churned,626.77
15405,2011-06-03 14:44:00,2011-06-03 14:44:00,1,349.1,193,189,1,349.1,Churned,349.1
15406,2011-02-11 16:19:00,2011-11-08 13:22:00,2,510.71000000000004,254,31,2,510.71000000000004,At Risk,510.71000000000004
15407,2011-02-07 13:18:00,2011-11-06 11:55:00,4,1056.44,558,34,4,1056.44,At Risk,1056.44
15408,2011-03-20 15:02:00,2011-03-20 15:02:00,1,267.18,106,264,1,267.18,Churned,267.18
15410,2011-03-23 10:15:00,2011-09-16 14:47:00,8,3450.84,1200,84,8,3450.84,At Risk,3450.84
15411,2011-06-10 12:30:00,2011-11-13 15:19:00,4,1358.88,530,26,4,1358.88,Active,1358.88
15412,2011-06-21 15:24:00,2011-06-21 15:24:00,1,190.53,108,171,1,190.53,Churned,190.53
15414,2011-04-11 13:45:00,2011-11-30 09:50:00,3,774.9000000000001,443,10,3,774.9000000000001,Active,774.9000000000001
15415,2011-01-30 14:13:00,2011-01-30 14:13:00,1,572.8100000000001,575,313,1,572.8100000000001,Churned,572.8100000000001
15416,2011-03-02 08:41:00,2011-10-06 09:38:00,4,3984.32,2090,65,4,3984.32,At Risk,3984.32
15417,2011-09-15 15:26:00,2011-09-15 15:26:00,1,508.8,284,85,1,508.8,At Risk,508.8
15419,2011-11-15 09:23:00,2011-11-15 09:23:00,1,135.86,230,25,1,135.86,Active,135.86
15421,2011-02-02 14:36:00,2011-10-12 09:20:00,4,950.36,500,59,4,950.36,At Risk,950.36
15422,2011-01-20 14:17:00,2011-01-20 16:17:00,2,97.7,38,323,2,97.7,Churned,97.7
15423,2011-11-01 14:01:00,2011-11-01 14:01:00,1,43.5,101,38,1,43.5,At Risk,43.5
15424,2011-03-30 13:00:00,2011-03-30 13:02:00,2,383.34,554,254,2,383.34,Churned,383.34
15426,2010-12-05 13:55:00,2011-11-20 15:36:00,5,1447.39,674,19,5,1447.39,Active,1447.39
15427,2011-10-23 14:47:00,2011-11-06 14:29:00,3,1483.14,1013,33,3,1483.14,At Risk,1483.14
15428,2011-11-24 16:54:00,2011-11-24 16:54:00,1,93.78,102,15,1,93.78,Active,93.78
15429,2011-09-25 13:42:00,2011-11-13 12:28:00,2,397.35,380,27,2,397.35,Active,397.35
15432,2011-11-16 16:30:00,2011-11-16 16:30:00,1,171.19000000000003,65,23,1,171.19000000000003,Active,171.19000000000003
15433,2011-03-17 14:12:00,2011-05-10 10:45:00,2,533.3,534,214,2,533.3,Churned,533.3
15434,2011-05-23 14:18:00,2011-12-01 13:33:00,5,1041.48,647,8,5,1041.48,Active,1041.48
15435,2011-11-17 16:39:00,2011-11-17 16:39:00,1,149.29,54,22,1,149.29,Active,149.29
15436,2011-04-19 16:52:00,2011-11-27 16:05:00,3,1122.53,613,12,3,1122.53,Active,1122.53
15437,2011-03-22 13:11:00,2011-03-22 13:11:00,1,200.16,79,262,1,200.16,Churned,200.16
15438,2011-07-31 14:19:00,2011-07-31 14:19:00,1,156.57999999999998,59,131,1,156.57999999999998,Churned,156.57999999999998
15440,2011-05-15 11:30:00,2011-10-16 12:16:00,3,383.68,197,55,3,383.68,At Risk,383.68
15442,2011-04-05 12:24:00,2011-04-05 12:24:00,1,594.0,120,249,1,594.0,Churned,594.0
15443,2011-01-23 13:25:00,2011-12-08 10:40:00,7,3236.91,1663,2,7,3236.91,Active,3236.91
15444,2011-10-30 16:12:00,2011-11-30 17:37:00,2,1418.26,764,9,2,1418.26,Active,1418.26
15445,2011-03-20 15:06:00,2011-03-20 15:06:00,1,113.5,58,264,1,113.5,Churned,113.5
15447,2011-01-13 11:26:00,2011-01-13 11:26:00,1,155.17000000000002,85,331,1,155.17000000000002,Churned,155.17000000000002
15448,2011-01-31 10:42:00,2011-01-31 10:42:00,1,494.64,232,313,1,494.64,Churned,494.64
15449,2011-03-23 10:43:00,2011-11-13 15:02:00,3,974.52,812,26,3,974.52,Active,974.52
15450,2011-11-09 17:11:00,2011-11-09 17:11:00,1,429.84,376,30,1,429.84,Active,429.84
15452,2011-03-20 15:21:00,2011-11-10 12:13:00,3,538.73,283,30,3,538.73,Active,538.73
15453,2011-06-05 12:37:00,2011-12-08 10:59:00,7,1388.37,845,2,7,1388.37,Active,1388.37
15454,2010-12-12 14:21:00,2010-12-12 14:21:00,1,179.1,86,362,1,179.1,Churned,179.1
15456,2010-12-15 15:34:00,2011-03-01 13:51:00,3,447.22,660,283,3,447.22,Churned,447.22
15457,2011-03-22 15:31:00,2011-03-22 15:31:00,1,237.07,132,262,1,237.07,Churned,237.07
15458,2011-11-14 13:08:00,2011-11-14 13:08:00,1,161.64,156,25,1,161.64,Active,161.64
15460,2010-12-20 16:08:00,2010-12-20 16:08:00,1,216.76,109,354,1,216.76,Churned,216.76
15462,2011-06-05 15:36:00,2011-09-06 13:11:00,3,234.6,172,94,3,234.6,Churned,234.6
15463,2011-11-10 12:57:00,2011-11-10 12:57:00,1,126.14,106,29,1,126.14,Active,126.14
15464,2011-01-05 15:56:00,2011-01-05 15:56:00,1,1048.85,350,338,1,1048.85,Churned,1048.85
15465,2010-12-05 10:12:00,2011-11-20 10:11:00,18,7354.62,1257,20,18,7354.62,Active,7354.62
15466,2011-09-15 14:08:00,2011-09-15 14:08:00,1,334.53,246,85,1,334.53,At Risk,334.53
15467,2011-07-10 14:42:00,2011-11-30 14:17:00,3,524.88,310,9,3,524.88,Active,524.88
15468,2011-10-19 13:38:00,2011-10-19 13:49:00,2,467.51,155,51,2,467.51,At Risk,467.51
15469,2011-08-11 16:54:00,2011-10-20 16:21:00,2,538.55,153,50,2,538.55,At Risk,538.55
15471,2011-12-07 14:12:00,2011-12-07 14:12:00,1,469.48,266,2,1,469.48,Active,469.48
15472,2011-08-18 15:17:00,2011-08-18 15:17:00,1,371.56,251,113,1,371.56,Churned,371.56
15473,2011-10-10 11:12:00,2011-11-25 15:15:00,7,1771.2,672,14,7,1771.2,Active,1771.2
15475,2011-09-23 15:20:00,2011-09-23 15:20:00,1,454.11,319,77,1,454.11,At Risk,454.11
15478,2011-10-14 11:09:00,2011-10-30 14:19:00,2,1441.42,585,40,2,1441.42,At Risk,1441.42
15480,2011-08-15 14:32:00,2011-08-15 14:32:00,1,905.5,303,116,1,905.5,Churned,905.5
15482,2010-12-16 10:08:00,2011-11-24 10:46:00,12,11054.96,5020,16,12,11054.96,Active,11054.96
15483,2011-03-18 12:26:00,2011-07-01 13:07:00,4,233.81,295,161,4,233.81,Churned,233.81
15484,2011-09-22 13:31:00,2011-12-08 15:03:00,4,3594.31,3152,1,4,3594.31,Active,3594.31
15485,2010-12-01 13:23:00,2011-11-09 14:31:00,3,2575.0,1306,30,3,2575.0,Active,2575.0
15488,2011-09-08 10:11:00,2011-09-08 10:11:00,1,91.32000000000001,73,93,1,91.32000000000001,Churned,91.32000000000001
15489,2011-05-12 12:54:00,2011-11-17 08:53:00,3,1134.28,608,23,3,1134.28,Active,1134.28
15491,2011-04-18 10:04:00,2011-09-05 15:56:00,6,3100.09,1646,95,6,3100.09,Churned,3100.09
15492,2011-09-26 14:02:00,2011-11-11 14:53:00,2,659.46,483,28,2,659.46,Active,659.46
15493,2011-03-14 11:44:00,2011-11-07 12:04:00,5,2001.8,560,33,5,2001.8,At Risk,2001.8
15494,2011-08-10 15:29:00,2011-11-18 14:51:00,2,1299.23,1148,21,2,1299.23,Active,1299.23
15497,2011-01-24 10:01:00,2011-11-22 11:51:00,2,1262.2,624,18,2,1262.2,Active,1262.2
15498,2010-12-08 12:29:00,2011-12-07 12:48:00,27,13316.4,6105,3,27,13316.4,Active,13316.4
15500,2011-09-19 13:47:00,2011-12-01 13:47:00,4,1131.56,572,8,4,1131.56,Active,1131.56
15502,2010-12-05 15:40:00,2011-11-24 12:48:00,12,10384.93,4236,16,12,10384.93,Active,10384.93
15503,2010-12-12 10:57:00,2010-12-12 10:57:00,1,147.09,74,363,1,147.09,Churned,147.09
15504,2011-09-19 13:45:00,2011-09-19 13:45:00,1,52.83,33,81,1,52.83,At Risk,52.83
15505,2011-07-07 13:33:00,2011-10-18 07:56:00,5,3610.96,2390,53,5,3610.96,At Risk,3610.96
15506,2011-07-24 11:45:00,2011-11-17 12:11:00,3,979.26,848,23,3,979.26,Active,979.26
15507,2011-06-21 11:19:00,2011-06-21 11:19:00,1,492.36,162,172,1,492.36,Churned,492.36
15508,2011-04-18 15:31:00,2011-06-03 15:43:00,6,1000.27,440,189,6,1000.27,Churned,1000.27
15510,2011-01-13 12:10:00,2011-01-13 12:10:00,1,250.0,2,331,1,250.0,Churned,250.0
15511,2011-09-15 15:05:00,2011-11-28 09:43:00,5,909.23,271,12,5,909.23,Active,909.23
15512,2010-12-15 12:01:00,2011-07-07 10:20:00,2,121.0,68,156,2,121.0,Churned,121.0
15513,2010-12-01 11:22:00,2011-11-06 14:36:00,19,14758.22,5709,33,19,14758.22,At Risk,14758.22
15514,2010-12-10 13:50:00,2011-11-27 14:40:00,11,4139.46,2160,12,11,4139.46,Active,4139.46
15516,2011-10-24 11:33:00,2011-10-26 10:51:00,3,62.43,27,45,3,62.43,At Risk,62.43
15517,2011-04-20 14:02:00,2011-04-20 14:02:00,1,267.03,293,233,1,267.03,Churned,267.03
15518,2011-01-11 12:55:00,2011-10-06 13:05:00,8,1942.45,1273,64,8,1942.45,At Risk,1942.45
15520,2011-12-08 10:58:00,2011-12-08 10:58:00,1,343.5,314,2,1,343.5,Active,343.5
15521,2011-03-30 09:15:00,2011-10-30 13:42:00,8,3000.2,1836,40,8,3000.2,At Risk,3000.2
15522,2011-09-13 12:26:00,2011-11-07 11:26:00,2,398.84,573,33,2,398.84,At Risk,398.84
15523,2011-09-16 16:29:00,2011-09-16 16:29:00,1,412.01000000000005,132,84,1,412.01000000000005,At Risk,412.01000000000005
15524,2011-11-15 12:09:00,2011-11-15 12:09:00,1,440.0,4,25,1,440.0,Active,440.0
15525,2010-12-01 13:17:00,2011-12-07 14:43:00,3,825.92,416,2,3,825.92,Active,825.92
15526,2011-11-06 15:01:00,2011-11-06 15:04:00,2,148.44,24,33,2,148.44,At Risk,148.44
15527,2010-12-20 14:15:00,2011-11-21 12:17:00,8,2429.78,992,19,8,2429.78,Active,2429.78
15528,2011-03-30 16:14:00,2011-03-30 16:14:00,1,229.33,123,254,1,229.33,Churned,229.33
15529,2010-12-08 12:24:00,2011-11-17 11:29:00,11,3995.23,3496,23,11,3995.23,Active,3995.23
15530,2011-04-07 11:16:00,2011-11-18 12:25:00,4,1502.3500000000001,950,22,4,1502.3500000000001,Active,1502.3500000000001
15531,2011-11-09 17:47:00,2011-12-01 18:43:00,2,2007.44,1105,8,2,2007.44,Active,2007.44
15532,2010-12-16 16:45:00,2011-11-14 14:51:00,4,1580.93,521,25,4,1580.93,Active,1580.93
15533,2011-09-11 15:41:00,2011-11-20 15:35:00,3,807.57,289,19,3,807.57,Active,807.57
15535,2011-01-16 12:35:00,2011-06-19 16:02:00,4,536.4,143,173,4,536.4,Churned,536.4
15537,2011-06-29 13:10:00,2011-06-29 13:10:00,1,110.92,29,163,1,110.92,Churned,110.92
15539,2011-12-02 13:36:00,2011-12-02 13:36:00,1,538.46,410,7,1,538.46,Active,538.46
15540,2011-11-28 13:51:00,2011-11-28 13:51:00,1,213.3,200,11,1,213.3,Active,213.3
15541,2011-08-17 14:58:00,2011-08-17 14:58:00,1,85.13000000000001,49,114,1,85.13000000000001,Churned,85.13000000000001
15543,2011-02-24 15:26:00,2011-02-24 15:26:00,1,127.86,86,288,1,127.86,Churned,127.86
15544,2010-12-02 12:47:00,2011-11-30 16:43:00,9,3546.71,3109,9,9,3546.71,Active,3546.71
15545,2010-12-03 17:28:00,2011-10-16 13:24:00,2,292.71999999999997,163,54,2,292.71999999999997,At Risk,292.71999999999997
15547,2010-12-12 13:26:00,2011-12-02 12:52:00,14,4954.84,4032,7,14,4954.84,Active,4954.84
15549,2011-01-27 15:38:00,2011-09-23 16:22:00,3,1693.26,698,77,3,1693.26,At Risk,1693.26
15550,2011-02-11 12:49:00,2011-12-05 15:38:00,4,575.63,295,4,4,575.63,Active,575.63
15551,2011-11-03 12:37:00,2011-11-03 12:37:00,1,436.06,218,37,1,436.06,At Risk,436.06
15552,2011-05-06 14:47:00,2011-05-06 14:47:00,1,90.12,60,217,1,90.12,Churned,90.12
15553,2011-10-10 14:02:00,2011-10-10 14:02:00,1,437.23,451,60,1,437.23,At Risk,437.23
15554,2011-03-07 09:00:00,2011-03-07 09:00:00,1,217.2,74,278,1,217.2,Churned,217.2
15555,2010-12-05 14:45:00,2011-11-27 16:19:00,16,4805.17,4439,12,16,4805.17,Active,4805.17
15556,2011-11-15 16:08:00,2011-11-15 16:08:00,1,279.77,236,24,1,279.77,Active,279.77
15557,2011-11-11 12:46:00,2011-11-11 12:46:00,1,473.65000000000003,219,29,1,473.65000000000003,Active,473.65000000000003
15561,2011-05-08 11:38:00,2011-11-28 11:07:00,4,800.5899999999999,267,12,4,800.5899999999999,Active,800.5899999999999
15562,2010-12-23 09:55:00,2010-12-23 09:55:00,1,134.55,39,352,1,134.55,Churned,134.55
15563,2010-12-16 11:27:00,2011-11-17 14:50:00,4,1400.44,1501,22,4,1400.44,Active,1400.44
15565,2011-09-30 10:44:00,2011-10-20 14:33:00,2,173.16000000000003,60,50,2,173.16000000000003,At Risk,173.16000000000003
15567,2011-11-21 10:48:00,2011-11-21 10:48:00,1,186.01,223,19,1,186.01,Active,186.01
15568,2011-09-27 14:37:00,2011-12-07 11:27:00,3,758.29,461,3,3,758.29,Active,758.29
15569,2011-01-11 13:26:00,2011-08-28 10:15:00,5,1375.71,666,104,5,1375.71,Churned,1375.71
15570,2010-12-05 12:57:00,2011-12-02 14:47:00,12,4165.52,2067,7,12,4165.52,Active,4165.52
15571,2011-09-22 13:15:00,2011-11-28 10:02:00,4,650.4300000000001,264,12,4,650.4300000000001,Active,650.4300000000001
15572,2011-03-06 14:44:00,2011-12-05 10:09:00,7,2552.86,1229,5,7,2552.86,Active,2552.86
15573,2011-09-15 12:16:00,2011-11-08 11:38:00,2,607.45,363,32,2,607.45,At Risk,607.45
15574,2010-12-02 15:46:00,2011-06-15 12:01:00,4,702.25,349,178,4,702.25,Churned,702.25
15576,2011-11-02 12:03:00,2011-11-02 12:03:00,1,940.67,404,38,1,940.67,At Risk,940.67
15577,2011-02-07 13:32:00,2011-07-11 17:03:00,3,258.88,89,151,3,258.88,Churned,258.88
15578,2011-06-30 13:03:00,2011-06-30 13:03:00,1,127.1,52,162,1,127.1,Churned,127.1
15579,2011-01-30 12:09:00,2011-10-02 12:45:00,2,348.6,120,69,2,348.6,At Risk,348.6
15581,2010-12-08 14:38:00,2011-08-11 09:38:00,13,3679.9700000000003,286,121,13,3679.9700000000003,Churned,3679.9700000000003
15582,2011-05-03 13:36:00,2011-11-15 09:55:00,3,682.9100000000001,453,25,3,682.9100000000001,Active,682.9100000000001
15584,2011-06-30 16:39:00,2011-11-16 10:55:00,4,725.11,314,24,4,725.11,Active,725.11
15585,2011-06-16 08:38:00,2011-06-16 08:38:00,1,455.3,320,177,1,455.3,Churned,455.3
15587,2010-12-23 09:59:00,2011-10-20 13:37:00,4,913.68,312,50,4,913.68,At Risk,913.68
15589,2011-02-02 10:46:00,2011-03-29 09:54:00,3,478.53,243,256,3,478.53,Churned,478.53
15592,2011-10-24 08:59:00,2011-10-24 08:59:00,1,388.58,354,47,1,388.58,At Risk,388.58
15593,2011-09-30 11:46:00,2011-09-30 11:46:00,1,199.8,60,71,1,199.8,At Risk,199.8
15594,2011-04-19 10:08:00,2011-11-24 08:53:00,5,1771.78,983,16,5,1771.78,Active,1771.78
15596,2010-12-09 16:10:00,2011-08-31 10:55:00,5,1406.59,561,101,5,1406.59,Churned,1406.59
15597,2011-11-04 13:26:00,2011-11-04 13:26:00,1,324.57,279,35,1,324.57,At Risk,324.57
15598,2011-10-17 16:04:00,2011-10-17 16:04:00,1,240.68,160,53,1,240.68,At Risk,240.68
15599,2011-05-19 13:05:00,2011-11-13 11:44:00,2,761.74,718,27,2,761.74,Active,761.74
15601,2010-12-02 10:39:00,2011-11-28 15:15:00,14,6776.56,4983,11,14,6776.56,Active,6776.56
15602,2010-12-06 15:35:00,2011-12-01 14:14:00,9,1297.8700000000001,1137,8,9,1297.8700000000001,Active,1297.8700000000001
15603,2011-09-22 10:04:00,2011-09-22 10:04:00,1,48.480000000000004,96,79,1,48.480000000000004,At Risk,48.480000000000004
15604,2011-10-18 14:47:00,2011-10-18 14:47:00,1,216.39000000000001,159,52,1,216.39000000000001,At Risk,216.39000000000001
15605,2010-12-01 13:38:00,2011-11-03 14:17:00,5,1198.23,441,36,5,1198.23,At Risk,1198.23
15606,2011-01-19 12:07:00,2011-10-09 15:47:00,9,2920.16,892,61,9,2920.16,At Risk,2920.16
15607,2011-01-07 12:44:00,2011-01-07 12:44:00,1,104.76,202,337,1,104.76,Churned,104.76
15608,2011-08-11 09:56:00,2011-11-11 13:20:00,4,1093.68,714,28,4,1093.68,Active,1093.68
15609,2011-06-08 13:00:00,2011-06-08 13:00:00,1,298.48,148,184,1,298.48,Churned,298.48
15610,2011-10-19 10:36:00,2011-10-19 10:36:00,1,112.46000000000001,66,52,1,112.46000000000001,At Risk,112.46000000000001
15611,2011-01-09 11:32:00,2011-11-30 12:36:00,13,1591.45,504,10,13,1591.45,Active,1591.45
15612,2011-10-09 12:49:00,2011-11-03 14:52:00,2,195.15,52,36,2,195.15,At Risk,195.15
15615,2010-12-15 16:21:00,2011-11-29 14:42:00,23,10399.74,5508,10,23,10399.74,Active,10399.74
15618,2011-07-26 10:13:00,2011-11-07 08:34:00,4,776.851,454,33,4,776.851,At Risk,776.851
15619,2011-11-29 08:14:00,2011-11-29 08:14:00,1,336.4,136,11,1,336.4,Active,336.4
15620,2010-12-16 14:34:00,2011-10-14 12:41:00,3,1553.18,915,57,3,1553.18,At Risk,1553.18
15621,2011-11-18 11:49:00,2011-12-05 14:01:00,4,1293.03,501,4,4,1293.03,Active,1293.03
15622,2011-03-02 13:42:00,2011-10-27 16:44:00,9,3709.56,1674,43,9,3709.56,At Risk,3709.56
15623,2011-07-21 17:26:00,2011-07-21 17:26:00,1,301.03000000000003,125,141,1,301.03000000000003,Churned,301.03000000000003
15624,2011-03-28 13:32:00,2011-08-15 11:38:00,4,588.13,357,117,4,588.13,Churned,588.13
15625,2011-04-18 14:01:00,2011-08-28 10:21:00,4,1534.26,1188,104,4,1534.26,Churned,1534.26
15626,2011-01-14 10:10:00,2011-09-26 10:03:00,2,675.8,766,75,2,675.8,At Risk,675.8
15628,2010-12-08 09:51:00,2011-12-05 10:24:00,9,2870.2400000000002,1894,5,9,2870.2400000000002,Active,2870.2400000000002
15630,2011-05-19 10:16:00,2011-10-25 15:36:00,2,1186.35,800,45,2,1186.35,At Risk,1186.35
15632,2011-03-10 08:29:00,2011-11-24 09:51:00,8,3285.31,2109,16,8,3285.31,Active,3285.31
15634,2011-11-22 16:28:00,2011-11-22 16:28:00,1,243.55,99,17,1,243.55,Active,243.55
15636,2011-03-02 14:50:00,2011-09-11 11:17:00,2,724.76,284,90,2,724.76,At Risk,724.76
15637,2011-10-18 08:28:00,2011-10-18 08:28:00,1,223.36,128,53,1,223.36,At Risk,223.36
15639,2011-07-28 14:30:00,2011-07-28 14:30:00,1,425.32,323,134,1,425.32,Churned,425.32
15640,2010-12-02 15:40:00,2011-12-05 14:35:00,15,12515.66,6607,4,15,12515.66,Active,12515.66
15641,2010-12-15 14:45:00,2011-08-26 14:04:00,4,1887.2,1562,105,4,1887.2,Churned,1887.2
15643,2011-03-02 14:34:00,2011-06-01 07:38:00,3,664.0,246,192,3,664.0,Churned,664.0
15644,2011-03-23 15:37:00,2011-06-26 14:54:00,4,813.0,557,166,4,813.0,Churned,813.0
15645,2011-11-21 11:55:00,2011-11-21 11:55:00,1,612.01,256,19,1,612.01,Active,612.01
15646,2010-12-02 16:59:00,2011-07-05 09:53:00,3,447.64000000000004,394,158,3,447.64000000000004,Churned,447.64000000000004
15648,2011-03-17 18:59:00,2011-05-19 15:53:00,2,657.35,221,204,2,657.35,Churned,657.35
15649,2010-12-07 10:06:00,2011-01-07 13:34:00,2,816.0,192,336,2,816.0,Churned,816.0
15651,2011-03-24 08:56:00,2011-11-03 08:41:00,3,646.3,479,37,3,646.3,At Risk,646.3
15652,2011-09-09 14:22:00,2011-09-09 14:22:00,1,337.74,208,91,1,337.74,Churned,337.74
15653,2011-08-16 09:50:00,2011-09-08 10:49:00,2,877.44,1200,93,2,877.44,Churned,877.44
15654,2011-11-13 15:15:00,2011-11-30 13:08:00,2,922.53,475,9,2,922.53,Active,922.53
15655,2011-04-10 15:25:00,2011-04-10 15:25:00,1,560.6700000000001,324,243,1,560.6700000000001,Churned,560.6700000000001
15656,2011-02-28 15:32:00,2011-10-25 14:56:00,4,748.5,343,45,4,748.5,At Risk,748.5
15657,2011-11-17 12:19:00,2011-11-17 12:19:00,1,30.0,24,23,1,30.0,Active,30.0
15658,2010-12-02 10:53:00,2011-06-02 15:22:00,5,1024.1000000000001,242,190,5,1024.1000000000001,Churned,1024.1000000000001
15659,2011-10-27 09:23:00,2011-10-27 09:23:00,1,306.45,111,44,1,306.45,At Risk,306.45
15660,2010-12-09 09:49:00,2011-11-14 16:58:00,9,1600.86,1050,25,9,1600.86,Active,1600.86
15661,2011-01-05 12:32:00,2011-01-26 13:56:00,2,309.8,236,317,2,309.8,Churned,309.8
15663,2011-08-25 15:50:00,2011-08-25 15:50:00,1,138.14,106,106,1,138.14,Churned,138.14
15664,2011-10-20 10:57:00,2011-10-20 10:57:00,1,386.43,157,51,1,386.43,At Risk,386.43
15665,2011-04-10 15:09:00,2011-06-24 14:57:00,2,2242.01,1666,168,2,2242.01,Churned,2242.01
15667,2011-10-31 10:56:00,2011-10-31 10:56:00,1,301.32000000000005,240,40,1,301.32000000000005,At Risk,301.32000000000005
15668,2011-05-06 10:39:00,2011-05-06 10:39:00,1,76.32000000000001,72,218,1,76.32000000000001,Churned,76.32000000000001
15669,2011-03-21 09:13:00,2011-10-30 16:03:00,4,684.34,342,40,4,684.34,At Risk,684.34
15670,2011-02-16 10:50:00,2011-02-16 10:50:00,1,173.05,91,297,1,173.05,Churned,173.05
15671,2011-03-14 09:37:00,2011-11-21 12:43:00,7,2657.13,1699,19,7,2657.13,Active,2657.13
15673,2011-01-16 16:25:00,2011-09-12 16:12:00,4,2881.02,1514,88,4,2881.02,At Risk,2881.02
15674,2011-03-30 09:19:00,2011-09-27 15:17:00,5,2446.6,1275,73,5,2446.6,At Risk,2446.6
15675,2011-03-04 14:21:00,2011-09-19 13:48:00,3,323.69,527,81,3,323.69,At Risk,323.69
15676,2011-03-01 10:19:00,2011-11-21 12:40:00,3,3435.76,2252,19,3,3435.76,Active,3435.76
15677,2011-10-21 15:36:00,2011-10-21 15:36:00,1,657.23,319,49,1,657.23,At Risk,657.23
15678,2011-10-18 09:25:00,2011-10-18 09:25:00,1,352.7,184,53,1,352.7,At Risk,352.7
15679,2011-06-10 08:24:00,2011-11-15 16:19:00,4,781.28,1170,24,4,781.28,Active,781.28
15680,2010-12-08 14:43:00,2011-11-30 13:46:00,3,1333.68,952,9,3,1333.68,Active,1333.68
15681,2011-03-04 13:46:00,2011-11-14 16:30:00,5,1426.16,816,25,5,1426.16,Active,1426.16
15683,2011-08-14 12:56:00,2011-08-14 12:56:00,1,193.75,131,117,1,193.75,Churned,193.75
15687,2011-01-13 15:13:00,2011-12-01 08:33:00,9,2993.1,1310,9,9,2993.1,Active,2993.1
15689,2010-12-13 09:57:00,2011-08-12 09:37:00,2,254.1,84,120,2,254.1,Churned,254.1
15690,2011-08-31 11:40:00,2011-12-05 15:59:00,2,239.76,408,4,2,239.76,Active,239.76
15691,2011-04-01 15:13:00,2011-04-01 15:13:00,1,136.8,72,252,1,136.8,Churned,136.8
15692,2011-11-11 14:12:00,2011-11-11 14:12:00,1,191.04,138,28,1,191.04,Active,191.04
15694,2010-12-02 07:49:00,2011-12-09 09:44:00,14,6479.4,1677,1,14,6479.4,Active,6479.4
15695,2011-03-18 08:31:00,2011-03-18 08:32:00,2,409.98,212,267,2,409.98,Churned,409.98
15696,2011-01-17 11:24:00,2011-11-06 14:02:00,8,2736.46,1028,33,8,2736.46,At Risk,2736.46
15699,2011-11-22 08:26:00,2011-11-22 08:26:00,1,309.65,113,18,1,309.65,Active,309.65
15700,2011-06-19 15:36:00,2011-06-20 16:53:00,2,696.68,357,172,2,696.68,Churned,696.68
15701,2011-08-21 12:36:00,2011-12-07 14:39:00,4,1542.14,923,2,4,1542.14,Active,1542.14
15703,2011-03-20 10:51:00,2011-03-20 10:51:00,1,211.5,66,265,1,211.5,Churned,211.5
15704,2011-05-08 12:42:00,2011-07-22 13:35:00,4,2293.62,1028,140,4,2293.62,Churned,2293.62
15705,2011-05-22 15:37:00,2011-05-22 15:37:00,1,143.1,62,201,1,143.1,Churned,143.1
15706,2011-08-15 14:32:00,2011-10-07 10:09:00,4,1060.56,321,64,4,1060.56,At Risk,1060.56
15707,2011-09-14 14:19:00,2011-11-04 14:35:00,4,945.58,605,35,4,945.58,At Risk,945.58
15708,2010-12-05 11:12:00,2011-10-30 10:54:00,7,3364.2400000000002,1267,41,7,3364.2400000000002,At Risk,3364.2400000000002
15709,2011-03-01 10:38:00,2011-03-01 10:38:00,1,133.25,121,284,1,133.25,Churned,133.25
15712,2011-02-25 11:32:00,2011-11-30 14:09:00,5,1072.3600000000001,486,9,5,1072.3600000000001,Active,1072.3600000000001
15713,2010-12-08 15:16:00,2011-07-19 13:34:00,2,356.7,150,143,2,356.7,Churned,356.7
15714,2011-09-23 11:25:00,2011-11-28 11:26:00,2,330.88,187,12,2,330.88,Active,330.88
15716,2010-12-05 12:26:00,2011-07-17 11:59:00,4,1118.81,744,146,4,1118.81,Churned,1118.81
15717,2011-04-19 13:21:00,2011-04-19 13:21:00,1,150.3,70,234,1,150.3,Churned,150.3
15719,2011-01-06 12:31:00,2011-11-07 12:29:00,13,5045.61,2725,33,13,5045.61,At Risk,5045.61
15720,2011-11-15 14:48:00,2011-11-15 14:48:00,1,598.73,281,24,1,598.73,Active,598.73
15721,2011-11-28 12:14:00,2011-11-28 12:14:00,1,507.08000000000004,409,12,1,507.08000000000004,Active,507.08000000000004
15722,2011-02-22 12:24:00,2011-11-04 11:43:00,5,2222.56,1026,36,5,2222.56,At Risk,2222.56
15723,2010-12-10 11:12:00,2010-12-10 11:12:00,1,203.10000000000002,87,365,1,203.10000000000002,Churned,203.10000000000002
15724,2011-02-28 10:40:00,2011-05-22 14:40:00,2,218.25,73,201,2,218.25,Churned,218.25
15725,2011-11-24 14:51:00,2011-11-24 14:51:00,1,415.25,221,15,1,415.25,Active,415.25
15727,2010-12-15 15:47:00,2011-11-23 12:36:00,7,5178.96,3065,17,7,5178.96,Active,5178.96
15729,2011-05-11 12:36:00,2011-05-11 12:36:00,1,85.0,28,213,1,85.0,Churned,85.0
15730,2011-05-17 12:43:00,2011-10-05 12:31:00,3,1120.88,689,66,3,1120.88,At Risk,1120.88
15732,2010-12-02 15:00:00,2011-05-11 14:24:00,2,294.12,215,212,2,294.12,Churned,294.12
15733,2011-03-02 09:05:00,2011-03-02 09:05:00,1,162.3,62,283,1,162.3,Churned,162.3
15734,2011-05-23 14:59:00,2011-08-17 10:50:00,2,1339.45,346,115,2,1339.45,Churned,1339.45
15737,2011-04-11 10:01:00,2011-11-25 11:21:00,8,1205.1200000000001,599,15,8,1205.1200000000001,Active,1205.1200000000001
15738,2010-12-02 12:50:00,2011-11-21 08:26:00,16,4812.42,2982,19,16,4812.42,Active,4812.42
15739,2011-10-04 13:42:00,2011-10-04 13:42:00,1,449.12,472,66,1,449.12,At Risk,449.12
15740,2011-10-21 14:29:00,2011-10-21 14:29:00,1,154.88,152,49,1,154.88,At Risk,154.88
15743,2011-06-08 10:14:00,2011-11-23 17:19:00,4,784.46,216,16,4,784.46,Active,784.46
15744,2011-09-23 09:52:00,2011-09-23 09:52:00,1,34.8,120,78,1,34.8,At Risk,34.8
15745,2011-04-17 13:04:00,2011-11-20 13:45:00,4,1094.5900000000001,421,19,4,1094.5900000000001,Active,1094.5900000000001
15746,2011-07-28 15:21:00,2011-07-28 15:21:00,1,196.88,178,134,1,196.88,Churned,196.88
15747,2011-06-20 11:30:00,2011-11-27 12:26:00,3,974.04,480,13,3,974.04,Active,974.04
15748,2011-10-30 12:51:00,2011-10-30 12:51:00,1,149.31,51,40,1,149.31,At Risk,149.31
15749,2011-01-11 12:55:00,2011-04-18 13:20:00,3,44534.3,18028,235,3,44534.3,Churned,44534.3
15750,2010-12-08 10:36:00,2011-12-07 12:34:00,8,2465.48,1786,3,8,2465.48,Active,2465.48
15752,2010-12-02 09:43:00,2011-10-31 11:37:00,7,2637.38,1978,40,7,2637.38,At Risk,2637.38
15753,2011-02-08 12:41:00,2011-02-08 12:41:00,1,79.2,144,305,1,79.2,Churned,79.2
15754,2011-04-07 12:24:00,2011-10-19 14:40:00,3,458.57,199,51,3,458.57,At Risk,458.57
15755,2011-02-18 11:53:00,2011-11-29 14:57:00,6,2364.25,1427,10,6,2364.25,Active,2364.25
15756,2011-04-04 14:00:00,2011-10-09 13:30:00,4,532.96,242,61,4,532.96,At Risk,532.96
15757,2011-05-06 11:40:00,2011-10-05 12:14:00,2,714.42,491,66,2,714.42,At Risk,714.42
15758,2011-11-15 10:48:00,2011-11-15 10:48:00,1,205.25,47,25,1,205.25,Active,205.25
15759,2010-12-16 15:29:00,2011-05-05 15:13:00,3,253.04000000000002,60,218,3,253.04000000000002,Churned,253.04000000000002
15762,2011-09-23 15:17:00,2011-10-05 16:15:00,2,583.75,251,65,2,583.75,At Risk,583.75
15763,2011-09-23 12:10:00,2011-11-08 09:44:00,2,1086.92,271,32,2,1086.92,At Risk,1086.92
15764,2011-03-08 09:23:00,2011-09-12 17:58:00,6,3279.9700000000003,2050,88,6,3279.9700000000003,At Risk,3279.9700000000003
15766,2011-10-06 17:03:00,2011-10-06 17:03:00,1,315.06,170,64,1,315.06,At Risk,315.06
15768,2011-04-28 09:20:00,2011-08-16 10:48:00,3,621.83,244,116,3,621.83,Churned,621.83
15769,2010-12-03 15:16:00,2011-12-02 13:52:00,26,56252.72,29672,7,26,56252.72,Active,56252.72
15773,2011-12-04 12:48:00,2011-12-04 12:48:00,1,635.6800000000001,311,6,1,635.6800000000001,Active,635.6800000000001
15774,2011-10-02 12:04:00,2011-10-02 12:04:00,1,270.8,87,69,1,270.8,At Risk,270.8
15775,2011-04-08 12:56:00,2011-04-08 12:56:00,1,104.9,68,245,1,104.9,Churned,104.9
15776,2011-07-29 13:46:00,2011-07-29 13:46:00,1,241.62,138,133,1,241.62,Churned,241.62
15777,2010-12-13 16:38:00,2011-04-12 16:43:00,4,1047.1100000000001,378,241,4,1047.1100000000001,Churned,1047.1100000000001
15780,2010-12-17 11:43:00,2011-06-09 12:01:00,3,475.28000000000003,220,184,3,475.28000000000003,Churned,475.28000000000003
15781,2011-02-07 09:15:00,2011-11-14 14:57:00,3,345.46000000000004,180,25,3,345.46000000000004,Active,345.46000000000004
15782,2011-09-11 14:29:00,2011-11-30 10:49:00,3,2614.74,864,10,3,2614.74,Active,2614.74
15783,2011-11-29 09:50:00,2011-11-29 09:50:00,1,246.3,212,11,1,246.3,Active,246.3
15785,2011-02-17 14:17:00,2011-11-07 11:33:00,5,2328.9700000000003,1612,33,5,2328.9700000000003,At Risk,2328.9700000000003
15786,2011-08-17 13:33:00,2011-10-24 14:13:00,3,4932.2,3364,46,3,4932.2,At Risk,4932.2
15787,2011-10-09 13:11:00,2011-11-13 14:55:00,3,948.05,540,26,3,948.05,Active,948.05
15789,2010-12-16 14:35:00,2010-12-16 14:35:00,1,351.3,438,358,1,351.3,Churned,351.3
15790,2011-11-29 14:53:00,2011-11-29 14:53:00,1,220.85,114,10,1,220.85,Active,220.85
15791,2011-05-19 15:15:00,2011-10-27 10:14:00,2,1612.69,731,44,2,1612.69,At Risk,1612.69
15793,2011-03-16 10:45:00,2011-11-25 09:31:00,3,965.61,553,15,3,965.61,Active,965.61
15795,2011-07-13 10:43:00,2011-07-13 10:43:00,1,610.01,581,150,1,610.01,Churned,610.01
15796,2011-02-10 15:40:00,2011-12-08 19:55:00,8,2711.56,861,1,8,2711.56,Active,2711.56
15797,2011-01-24 15:47:00,2011-08-18 17:04:00,4,2207.4,873,113,4,2207.4,Churned,2207.4
15799,2011-01-09 15:13:00,2011-09-25 12:46:00,3,884.14,955,76,3,884.14,At Risk,884.14
15800,2011-04-07 12:39:00,2011-08-24 14:23:00,2,699.08,335,107,2,699.08,Churned,699.08
15801,2011-08-22 09:53:00,2011-10-24 13:52:00,3,1063.95,570,46,3,1063.95,At Risk,1063.95
15802,2011-07-20 11:38:00,2011-07-20 11:38:00,1,451.42,1,143,1,451.42,Churned,451.42
15803,2011-10-19 14:56:00,2011-10-19 14:56:00,1,415.82000000000005,290,51,1,415.82000000000005,At Risk,415.82000000000005
15804,2011-05-25 10:12:00,2011-12-09 12:31:00,13,4206.39,2565,1,13,4206.39,Active,4206.39
15805,2010-12-10 09:33:00,2011-11-16 16:32:00,17,5528.4800000000005,3387,23,17,5528.4800000000005,Active,5528.4800000000005
15806,2011-03-08 09:24:00,2011-10-24 14:35:00,3,784.58,602,46,3,784.58,At Risk,784.58
15807,2011-09-23 14:43:00,2011-10-20 14:10:00,3,903.9,430,50,3,903.9,At Risk,903.9
15808,2010-12-05 13:05:00,2011-02-06 14:33:00,4,3734.9700000000003,1343,306,4,3734.9700000000003,Churned,3734.9700000000003
15809,2011-02-10 11:16:00,2011-11-03 16:40:00,5,515.77,301,36,5,515.77,At Risk,515.77
15810,2011-02-16 09:11:00,2011-09-22 09:38:00,4,1391.98,861,79,4,1391.98,At Risk,1391.98
15811,2010-12-09 15:29:00,2011-11-17 15:31:00,6,2218.62,1071,22,6,2218.62,Active,2218.62
15812,2011-01-26 12:12:00,2011-08-24 14:19:00,5,1801.14,922,107,5,1801.14,Churned,1801.14
15813,2011-04-14 09:09:00,2011-05-16 08:13:00,2,1303.9099999999999,603,208,2,1303.9099999999999,Churned,1303.9099999999999
15814,2011-10-20 09:04:00,2011-11-23 08:17:00,4,1945.3300000000002,1271,17,4,1945.3300000000002,Active,1945.3300000000002
15815,2011-03-25 08:43:00,2011-10-07 12:42:00,5,2100.6,1856,64,5,2100.6,At Risk,2100.6
15819,2011-03-08 09:45:00,2011-10-21 14:50:00,4,1905.45,1357,49,4,1905.45,At Risk,1905.45
15820,2011-01-24 12:00:00,2011-01-24 12:00:00,1,206.98,128,320,1,206.98,Churned,206.98
15821,2011-10-09 13:28:00,2011-10-26 15:48:00,2,570.96,202,44,2,570.96,At Risk,570.96
15822,2010-12-15 13:38:00,2011-12-06 14:50:00,2,885.47,375,3,2,885.47,Active,885.47
15823,2010-12-02 15:08:00,2010-12-02 15:08:00,1,15.0,1,372,1,15.0,Churned,15.0
15825,2011-06-20 13:27:00,2011-06-20 13:27:00,1,532.94,220,172,1,532.94,Churned,532.94
15826,2011-05-13 10:44:00,2011-10-14 16:05:00,3,1654.31,963,56,3,1654.31,At Risk,1654.31
15827,2010-12-02 13:06:00,2011-09-27 15:35:00,14,1836.09,882,73,14,1836.09,At Risk,1836.09
15829,2011-07-22 10:23:00,2011-09-01 16:45:00,2,636.14,996,99,2,636.14,Churned,636.14
15830,2011-11-02 10:40:00,2011-11-02 10:40:00,1,576.0,415,38,1,576.0,At Risk,576.0
15831,2011-01-19 14:52:00,2011-10-12 13:14:00,3,801.76,1105,58,3,801.76,At Risk,801.76
15832,2011-03-30 15:29:00,2011-03-30 15:29:00,1,836.79,465,254,1,836.79,Churned,836.79
15834,2011-03-07 17:52:00,2011-09-30 14:41:00,4,2233.75,965,70,4,2233.75,At Risk,2233.75
15835,2011-01-13 10:35:00,2011-10-26 15:47:00,4,954.09,439,44,4,954.09,At Risk,954.09
15836,2011-10-20 17:13:00,2011-10-20 17:13:00,1,137.37,26,50,1,137.37,At Risk,137.37
15837,2011-10-06 09:01:00,2011-10-06 09:01:00,1,391.98,189,65,1,391.98,At Risk,391.98
15838,2010-12-07 11:26:00,2011-11-28 14:00:00,19,33643.08,18368,11,19,33643.08,Active,33643.08
15839,2011-07-14 16:35:00,2011-11-06 13:54:00,3,1048.49,675,33,3,1048.49,At Risk,1048.49
15840,2011-06-20 11:42:00,2011-10-12 09:08:00,2,355.56,396,59,2,355.56,At Risk,355.56
15841,2011-01-05 11:25:00,2011-09-28 12:15:00,4,1224.06,942,73,4,1224.06,At Risk,1224.06
15843,2011-02-09 10:19:00,2011-02-09 10:19:00,1,118.95,27,304,1,118.95,Churned,118.95
15844,2011-10-24 15:19:00,2011-10-24 15:19:00,1,130.73999999999998,134,46,1,130.73999999999998,At Risk,130.73999999999998
15845,2011-01-06 17:19:00,2011-11-22 09:42:00,8,3711.77,1926,18,8,3711.77,Active,3711.77
15847,2011-02-24 16:46:00,2011-11-01 14:41:00,2,389.27,449,38,2,389.27,At Risk,389.27
15850,2011-06-24 14:16:00,2011-11-20 14:14:00,2,238.85,302,19,2,238.85,Active,238.85
15852,2011-05-26 13:26:00,2011-06-06 11:22:00,2,160.71,48,187,2,160.71,Churned,160.71
15853,2011-10-19 10:38:00,2011-10-19 10:38:00,1,110.8,135,52,1,110.8,At Risk,110.8
15854,2010-12-13 11:47:00,2011-12-05 13:39:00,12,2974.65,939,4,12,2974.65,Active,2974.65
15855,2011-03-21 12:32:00,2011-07-26 10:20:00,5,712.24,470,137,5,712.24,Churned,712.24
15856,2010-12-09 13:34:00,2011-12-05 17:09:00,27,16387.57,11005,4,27,16387.57,Active,16387.57
15857,2011-11-21 12:18:00,2011-11-21 12:18:00,1,297.0,308,19,1,297.0,Active,297.0
15858,2010-12-07 14:31:00,2011-11-24 12:48:00,5,1438.85,1167,16,5,1438.85,Active,1438.85
15860,2010-12-06 11:38:00,2011-10-30 11:25:00,8,977.21,440,41,8,977.21,At Risk,977.21
15861,2011-03-17 20:12:00,2011-11-27 15:59:00,8,3165.36,2544,12,8,3165.36,Active,3165.36
15862,2010-12-01 11:21:00,2011-12-01 13:28:00,4,832.88,585,8,4,832.88,Active,832.88
15863,2011-05-31 11:36:00,2011-11-14 12:49:00,2,68.84,19,26,2,68.84,Active,68.84
15864,2011-01-27 16:43:00,2011-11-17 13:32:00,6,1936.32,1192,22,6,1936.32,Active,1936.32
15865,2011-05-10 11:44:00,2011-10-30 12:43:00,3,895.13,368,41,3,895.13,At Risk,895.13
15866,2011-08-30 14:09:00,2011-08-30 14:09:00,1,230.53,126,101,1,230.53,Churned,230.53
15867,2010-12-05 14:17:00,2011-12-04 13:32:00,15,3812.64,2054,5,15,3812.64,Active,3812.64
15869,2011-03-07 17:19:00,2011-03-07 17:23:00,2,149.64,175,277,2,149.64,Churned,149.64
15870,2011-11-07 10:58:00,2011-11-07 10:58:00,1,354.09000000000003,335,33,1,354.09000000000003,At Risk,354.09000000000003
15872,2011-11-25 11:54:00,2011-11-25 11:55:00,2,360.93,212,15,2,360.93,Active,360.93
15874,2011-02-28 13:28:00,2011-10-07 12:31:00,7,4405.88,2534,64,7,4405.88,At Risk,4405.88
15877,2011-11-22 11:18:00,2011-12-08 11:53:00,2,493.28,371,2,2,493.28,Active,493.28
15880,2010-12-05 13:00:00,2010-12-05 13:00:00,1,343.28,211,369,1,343.28,Churned,343.28
15881,2010-12-10 13:32:00,2011-01-31 16:59:00,5,501.39,260,312,5,501.39,Churned,501.39
15882,2010-12-06 13:01:00,2011-05-25 11:35:00,4,516.36,276,199,4,516.36,Churned,516.36
15883,2011-11-06 14:50:00,2011-12-07 17:05:00,2,396.48,223,2,2,396.48,Active,396.48
15885,2011-02-03 15:28:00,2011-09-08 10:43:00,3,379.35,111,93,3,379.35,Churned,379.35
15886,2011-10-10 14:25:00,2011-10-10 14:25:00,1,181.09,147,60,1,181.09,At Risk,181.09
15888,2011-09-20 12:30:00,2011-09-20 12:30:00,1,168.31,76,81,1,168.31,At Risk,168.31
15889,2010-12-05 15:12:00,2011-07-06 11:10:00,2,446.87,215,157,2,446.87,Churned,446.87
15891,2011-04-27 12:35:00,2011-04-27 12:35:00,1,524.52,442,227,1,524.52,Churned,524.52
15894,2010-12-05 14:06:00,2011-03-31 13:50:00,2,263.55,168,253,2,263.55,Churned,263.55
15895,2011-07-13 10:27:00,2011-07-13 10:27:00,1,179.17,94,150,1,179.17,Churned,179.17
15897,2011-05-29 13:32:00,2011-05-29 13:50:00,2,222.05,261,194,2,222.05,Churned,222.05
15898,2010-12-06 11:01:00,2011-12-08 15:23:00,5,1388.88,570,1,5,1388.88,Active,1388.88
15899,2010-12-06 10:36:00,2010-12-06 10:36:00,1,56.25,39,369,1,56.25,Churned,56.25
15900,2011-11-16 12:19:00,2011-11-16 12:19:00,1,351.11,221,24,1,351.11,Active,351.11
15901,2011-07-08 12:18:00,2011-11-23 12:43:00,3,363.88,384,17,3,363.88,Active,363.88
15903,2011-02-17 14:04:00,2011-11-30 08:08:00,7,5126.76,2410,10,7,5126.76,Active,5126.76
15904,2011-12-01 14:50:00,2011-12-01 14:50:00,1,164.68,84,8,1,164.68,Active,164.68
15906,2011-03-29 13:28:00,2011-11-20 12:24:00,7,1567.69,544,20,7,1567.69,Active,1567.69
15907,2011-05-13 13:01:00,2011-12-06 12:21:00,3,967.45,509,4,3,967.45,Active,967.45
15909,2011-06-19 10:38:00,2011-06-19 10:38:00,1,191.94,98,174,1,191.94,Churned,191.94
15910,2011-01-27 11:55:00,2011-12-09 10:51:00,8,1232.18,1015,1,8,1232.18,Active,1232.18
15912,2011-04-20 17:10:00,2011-06-14 14:29:00,2,264.62,185,178,2,264.62,Churned,264.62
15916,2010-12-08 13:07:00,2011-11-23 13:46:00,8,1528.09,757,16,8,1528.09,Active,1528.09
15917,2011-04-06 10:40:00,2011-04-06 10:40:00,1,123.1,42,248,1,123.1,Churned,123.1
15918,2011-03-13 15:55:00,2011-06-02 11:42:00,2,334.23,153,191,2,334.23,Churned,334.23
15919,2010-12-06 11:26:00,2011-11-20 11:28:00,2,639.89,545,20,2,639.89,Active,639.89
15920,2011-07-08 15:16:00,2011-07-08 15:31:00,4,167.5,99,154,4,167.5,Churned,167.5
15921,2011-06-20 11:03:00,2011-06-20 11:03:00,1,336.03000000000003,166,173,1,336.03000000000003,Churned,336.03000000000003
15922,2010-12-01 13:51:00,2010-12-01 13:51:00,1,369.5,138,373,1,369.5,Churned,369.5
15923,2010-12-02 12:16:00,2010-12-02 12:16:00,1,127.08,122,373,1,127.08,Churned,127.08
15925,2011-05-29 15:35:00,2011-05-29 15:35:00,1,207.15,93,194,1,207.15,Churned,207.15
15930,2011-10-03 14:52:00,2011-10-03 14:52:00,1,426.63,139,67,1,426.63,At Risk,426.63
15932,2011-02-23 14:50:00,2011-12-05 17:13:00,8,2495.87,2325,4,8,2495.87,Active,2495.87
15933,2011-09-14 12:05:00,2011-11-18 13:14:00,3,1107.46,885,21,3,1107.46,Active,1107.46
15935,2011-04-12 09:35:00,2011-04-14 13:27:00,2,416.86,115,239,2,416.86,Churned,416.86
15937,2011-10-06 15:48:00,2011-10-06 15:48:00,1,145.35000000000002,73,64,1,145.35000000000002,At Risk,145.35000000000002
15938,2011-01-20 10:11:00,2011-08-19 12:56:00,5,404.58000000000004,240,112,5,404.58000000000004,Churned,404.58000000000004
15939,2011-01-12 12:43:00,2011-09-11 11:30:00,15,6115.01,4728,90,15,6115.01,At Risk,6115.01
15940,2011-02-01 16:18:00,2011-02-01 16:18:00,1,35.8,4,311,1,35.8,Churned,35.8
15942,2011-07-29 09:01:00,2011-07-29 09:01:00,1,337.44,232,134,1,337.44,Churned,337.44
15944,2011-03-08 10:33:00,2011-03-08 10:33:00,1,325.1,50,277,1,325.1,Churned,325.1
15945,2010-12-09 13:14:00,2010-12-09 13:14:00,1,181.0,52,365,1,181.0,Churned,181.0
15947,2011-09-18 10:46:00,2011-09-18 10:46:00,1,1708.24,898,83,1,1708.24,At Risk,1708.24
15948,2011-10-27 08:35:00,2011-12-01 15:32:00,2,955.24,567,8,2,955.24,Active,955.24
15949,2011-09-29 17:34:00,2011-11-23 09:09:00,2,364.72,284,17,2,364.72,Active,364.72
15950,2010-12-15 11:56:00,2011-11-08 11:09:00,4,1765.51,729,32,4,1765.51,At Risk,1765.51
15951,2011-02-27 11:57:00,2011-12-01 08:34:00,2,708.22,313,9,2,708.22,Active,708.22
15952,2011-04-28 12:55:00,2011-11-06 11:18:00,4,806.57,399,34,4,806.57,At Risk,806.57
15953,2010-12-05 15:15:00,2011-11-24 15:32:00,8,1659.3799999999999,892,15,8,1659.3799999999999,Active,1659.3799999999999
15955,2010-12-02 11:22:00,2011-11-15 14:15:00,14,4416.26,2135,24,14,4416.26,Active,4416.26
15957,2011-11-08 12:14:00,2011-11-08 12:14:00,1,428.89,211,32,1,428.89,At Risk,428.89
15958,2011-09-26 13:41:00,2011-09-26 13:41:00,1,104.35,33,74,1,104.35,At Risk,104.35
15963,2011-10-25 13:05:00,2011-11-20 11:33:00,2,470.76,298,20,2,470.76,Active,470.76
15965,2010-12-07 13:18:00,2011-11-22 16:44:00,4,845.64,453,17,4,845.64,Active,845.64
15967,2011-01-25 11:57:00,2011-11-16 15:41:00,2,418.83,211,23,2,418.83,Active,418.83
15969,2011-06-07 12:19:00,2011-12-07 11:06:00,3,666.1,124,3,3,666.1,Active,666.1
15970,2011-02-09 12:08:00,2011-02-09 12:08:00,1,314.09999999999997,116,304,1,314.09999999999997,Churned,314.09999999999997
15971,2011-02-01 16:47:00,2011-11-22 12:50:00,12,4199.85,1717,18,12,4199.85,Active,4199.85
15973,2010-12-08 11:42:00,2010-12-08 11:42:00,1,307.82000000000005,106,367,1,307.82000000000005,Churned,307.82000000000005
15974,2011-02-24 10:10:00,2011-10-31 13:13:00,7,3442.15,2262,39,7,3442.15,At Risk,3442.15
15975,2011-09-16 13:33:00,2011-09-16 13:33:00,1,371.01,243,84,1,371.01,At Risk,371.01
15976,2011-05-03 17:12:00,2011-06-27 13:00:00,2,430.94,277,165,2,430.94,Churned,430.94
15977,2011-10-31 16:24:00,2011-11-22 13:29:00,2,1054.73,1016,17,2,1054.73,Active,1054.73
15978,2011-09-23 15:21:00,2011-09-23 15:21:00,1,1098.78,888,77,1,1098.78,At Risk,1098.78
15980,2011-03-30 15:05:00,2011-09-12 09:41:00,3,2398.86,1560,89,3,2398.86,At Risk,2398.86
15981,2011-02-01 13:50:00,2011-11-15 08:00:00,8,3408.48,1866,25,8,3408.48,Active,3408.48
15983,2010-12-01 12:15:00,2011-11-17 17:34:00,4,1475.02,892,22,4,1475.02,Active,1475.02
15984,2010-12-06 13:21:00,2011-12-07 12:16:00,10,2837.67,1843,3,10,2837.67,Active,2837.67
15985,2011-04-17 11:04:00,2011-08-08 16:31:00,2,1142.42,1086,123,2,1142.42,Churned,1142.42
15986,2011-11-09 15:17:00,2011-11-09 15:17:00,1,168.12,268,30,1,168.12,Active,168.12
15987,2010-12-06 08:34:00,2011-11-27 15:38:00,7,1451.28,1556,12,7,1451.28,Active,1451.28
15988,2011-11-20 13:23:00,2011-11-20 13:23:00,1,158.03,181,19,1,158.03,Active,158.03
15990,2011-02-25 15:35:00,2011-10-26 15:58:00,2,792.11,443,44,2,792.11,At Risk,792.11
15992,2011-12-06 11:00:00,2011-12-06 11:00:00,1,41.989999999999995,17,4,1,41.989999999999995,Active,41.989999999999995
15993,2011-10-26 16:21:00,2011-12-01 10:45:00,7,2797.57,2051,9,7,2797.57,Active,2797.57
15994,2011-10-16 12:28:00,2011-10-16 12:28:00,1,427.07,177,55,1,427.07,At Risk,427.07
15996,2010-12-08 15:59:00,2011-09-12 15:14:00,6,1060.68,384,88,6,1060.68,At Risk,1060.68
15998,2010-12-12 13:32:00,2011-11-03 12:45:00,5,3089.97,2041,37,5,3089.97,At Risk,3089.97
16000,2011-12-07 12:14:00,2011-12-07 12:17:00,3,12393.7,5110,3,3,12393.7,Active,12393.7
16003,2010-12-15 12:09:00,2011-11-10 09:57:00,5,2735.37,1185,30,5,2735.37,Active,2735.37
16005,2011-03-14 11:46:00,2011-11-27 13:47:00,4,615.39,300,12,4,615.39,Active,615.39
16006,2011-05-12 13:12:00,2011-05-12 13:12:00,1,101.4,84,211,1,101.4,Churned,101.4
16007,2011-05-08 13:32:00,2011-10-23 11:05:00,4,1701.94,1393,48,4,1701.94,At Risk,1701.94
16008,2011-05-19 10:54:00,2011-11-16 10:32:00,3,478.78,323,24,3,478.78,Active,478.78
16009,2011-07-03 11:26:00,2011-11-17 16:51:00,4,992.71,378,22,4,992.71,Active,992.71
16010,2010-12-12 12:18:00,2011-04-08 10:14:00,3,407.5,210,246,3,407.5,Churned,407.5
16011,2010-12-08 16:34:00,2011-12-01 16:31:00,16,3362.71,2042,8,16,3362.71,Active,3362.71
16012,2011-07-07 18:02:00,2011-11-04 13:25:00,3,1415.29,799,35,3,1415.29,At Risk,1415.29
16013,2010-12-03 13:09:00,2011-12-06 10:36:00,47,37130.6,15536,4,47,37130.6,Active,37130.6
16014,2011-02-21 17:42:00,2011-11-02 12:04:00,3,662.38,265,38,3,662.38,At Risk,662.38
16015,2011-10-21 12:56:00,2011-12-06 10:58:00,3,705.39,909,4,3,705.39,Active,705.39
16016,2010-12-08 12:36:00,2011-12-06 14:35:00,8,1508.76,620,3,8,1508.76,Active,1508.76
16017,2011-10-23 12:56:00,2011-10-23 12:56:00,1,211.88,102,47,1,211.88,At Risk,211.88
16018,2011-06-12 13:52:00,2011-10-31 14:13:00,2,408.9,190,39,2,408.9,At Risk,408.9
16019,2010-12-10 12:29:00,2011-10-24 11:51:00,9,3786.24,1733,47,9,3786.24,At Risk,3786.24
16020,2011-10-05 13:54:00,2011-11-23 11:18:00,3,851.01,487,17,3,851.01,Active,851.01
16022,2011-03-24 13:16:00,2011-03-24 13:16:00,1,628.28,261,260,1,628.28,Churned,628.28
16023,2011-03-18 13:32:00,2011-10-24 16:34:00,3,719.81,358,46,3,719.81,At Risk,719.81
16024,2011-11-27 13:26:00,2011-11-27 13:26:00,1,251.24,398,12,1,251.24,Active,251.24
16025,2011-11-10 11:45:00,2011-11-10 11:45:00,1,439.65999999999997,338,30,1,439.65999999999997,Active,439.65999999999997
16026,2011-10-27 13:53:00,2011-10-27 13:53:00,1,236.09,243,43,1,236.09,At Risk,236.09
16027,2011-02-10 12:19:00,2011-09-09 10:47:00,6,934.62,1147,92,6,934.62,Churned,934.62
16029,2010-12-01 09:57:00,2011-11-01 10:27:00,63,81024.84,40208,39,63,81024.84,At Risk,81024.84
16030,2011-02-03 11:28:00,2011-02-03 11:28:00,1,331.24,283,310,1,331.24,Churned,331.24
16031,2011-04-06 14:23:00,2011-09-08 13:07:00,2,548.94,423,92,2,548.94,Churned,548.94
16033,2010-12-05 10:36:00,2011-12-04 12:44:00,20,8816.4,3539,6,20,8816.4,Active,8816.4
16034,2011-01-11 11:54:00,2011-05-27 16:17:00,3,437.70000000000005,242,196,3,437.70000000000005,Churned,437.70000000000005
16036,2011-03-21 13:01:00,2011-09-13 14:53:00,2,758.9200000000001,716,87,2,758.9200000000001,At Risk,758.9200000000001
16037,2010-12-16 10:18:00,2011-03-15 09:13:00,3,855.02,428,270,3,855.02,Churned,855.02
16038,2011-05-22 11:29:00,2011-12-02 12:40:00,3,471.78,244,8,3,471.78,Active,471.78
16040,2011-03-16 09:58:00,2011-10-05 13:47:00,3,1313.55,684,65,3,1313.55,At Risk,1313.55
16041,2011-07-21 16:27:00,2011-11-09 12:25:00,3,3166.4,1584,31,3,3166.4,At Risk,3166.4
16042,2011-01-11 13:25:00,2011-11-17 17:50:00,5,1197.27,755,22,5,1197.27,Active,1197.27
16043,2011-01-26 11:14:00,2011-11-02 12:50:00,4,773.99,503,38,4,773.99,At Risk,773.99
16045,2011-02-22 14:55:00,2011-08-12 12:41:00,4,1340.7,897,120,4,1340.7,Churned,1340.7
16048,2010-12-01 15:27:00,2010-12-01 15:28:00,2,256.44,144,373,2,256.44,Churned,256.44
16049,2011-09-25 14:33:00,2011-10-30 13:19:00,3,1111.79,793,40,3,1111.79,At Risk,1111.79
16050,2011-06-19 11:44:00,2011-06-19 11:44:00,1,137.9,278,174,1,137.9,Churned,137.9
16052,2011-10-16 15:13:00,2011-10-16 15:13:00,1,362.06,282,54,1,362.06,At Risk,362.06
16053,2011-08-09 14:57:00,2011-11-07 11:21:00,2,1511.95,1793,33,2,1511.95,At Risk,1511.95
16054,2011-07-17 13:08:00,2011-07-17 13:08:00,1,783.9,380,145,1,783.9,Churned,783.9
16055,2011-05-03 09:26:00,2011-05-03 09:26:00,1,134.8,22,221,1,134.8,Churned,134.8
16056,2011-10-25 15:19:00,2011-10-25 15:19:00,1,664.85,347,45,1,664.85,At Risk,664.85
16057,2011-02-28 10:35:00,2011-11-23 15:23:00,7,2263.12,863,16,7,2263.12,Active,2263.12
16059,2010-12-07 10:36:00,2011-10-05 09:56:00,6,1459.8600000000001,643,66,6,1459.8600000000001,At Risk,1459.8600000000001
16062,2010-12-10 12:00:00,2011-11-30 12:15:00,4,1153.62,800,10,4,1153.62,Active,1153.62
16063,2011-03-24 14:55:00,2011-03-24 14:56:00,1,335.32,262,260,1,335.32,Churned,335.32
16065,2010-12-09 13:03:00,2010-12-09 13:03:00,1,372.09,231,365,1,372.09,Churned,372.09
16066,2011-08-07 14:33:00,2011-11-23 11:54:00,5,1521.87,936,17,5,1521.87,Active,1521.87
16070,2011-11-07 16:36:00,2011-11-17 15:50:00,2,852.15,457,22,2,852.15,Active,852.15
16071,2011-10-26 11:14:00,2011-10-26 11:14:00,1,326.24,180,45,1,326.24,At Risk,326.24
16072,2011-02-24 14:32:00,2011-02-24 14:32:00,1,584.3199999999999,140,288,1,584.3199999999999,Churned,584.3199999999999
16073,2011-02-15 15:41:00,2011-02-15 15:41:00,1,122.4,48,297,1,122.4,Churned,122.4
16076,2011-05-15 12:31:00,2011-12-06 14:59:00,10,2234.73,1435,3,10,2234.73,Active,2234.73
16078,2011-03-01 09:47:00,2011-03-01 09:47:00,1,79.2,16,284,1,79.2,Churned,79.2
16079,2011-10-30 13:06:00,2011-11-23 12:48:00,3,1352.0,864,17,3,1352.0,Active,1352.0
16080,2011-03-10 14:44:00,2011-09-19 10:42:00,2,217.16,128,82,2,217.16,At Risk,217.16
16081,2010-12-08 11:16:00,2011-10-14 13:06:00,5,2806.9,1477,56,5,2806.9,At Risk,2806.9
16083,2010-12-14 11:51:00,2011-08-31 10:47:00,2,1317.62,908,101,2,1317.62,Churned,1317.62
16084,2011-02-13 16:05:00,2011-02-13 16:05:00,1,436.18,216,299,1,436.18,Churned,436.18
16085,2011-01-23 12:07:00,2011-11-16 13:24:00,5,981.51,636,23,5,981.51,Active,981.51
16086,2010-12-07 13:45:00,2011-10-11 13:09:00,5,1121.39,511,59,5,1121.39,At Risk,1121.39
16091,2011-05-25 09:18:00,2011-07-08 08:45:00,2,315.06,154,155,2,315.06,Churned,315.06
16092,2011-03-30 15:38:00,2011-08-17 10:46:00,3,817.86,628,115,3,817.86,Churned,817.86
16093,2011-08-25 11:09:00,2011-08-25 11:09:00,1,17.0,20,107,1,17.0,Churned,17.0
16094,2011-05-04 13:57:00,2011-11-28 12:45:00,4,1078.23,647,12,4,1078.23,Active,1078.23
16096,2011-03-20 13:38:00,2011-03-20 13:38:00,1,320.62,155,264,1,320.62,Churned,320.62
16097,2011-04-13 13:47:00,2011-04-13 13:47:00,1,185.04999999999998,87,240,1,185.04999999999998,Churned,185.04999999999998
16098,2010-12-01 09:45:00,2011-09-13 09:59:00,7,2005.63,613,88,7,2005.63,At Risk,2005.63
16099,2011-04-28 08:34:00,2011-10-20 13:13:00,3,731.9,434,50,3,731.9,At Risk,731.9
16101,2011-09-30 10:18:00,2011-09-30 10:18:00,1,1290.7,757,71,1,1290.7,At Risk,1290.7
16102,2011-08-03 12:50:00,2011-10-28 13:19:00,3,1842.14,942,42,3,1842.14,At Risk,1842.14
16103,2011-04-20 12:28:00,2011-12-02 14:16:00,6,1429.64,558,7,6,1429.64,Active,1429.64
16104,2011-10-09 10:23:00,2011-10-09 10:23:00,1,302.36,123,62,1,302.36,At Risk,302.36
16105,2011-04-05 10:13:00,2011-04-05 10:13:00,1,336.96,330,249,1,336.96,Churned,336.96
16106,2011-10-05 10:37:00,2011-10-05 10:37:00,1,108.38,74,66,1,108.38,At Risk,108.38
16107,2011-06-09 18:42:00,2011-11-22 09:40:00,7,3204.1600000000003,1176,18,7,3204.1600000000003,Active,3204.1600000000003
16108,2011-09-16 11:48:00,2011-09-16 11:48:00,1,842.5,615,85,1,842.5,At Risk,842.5
16109,2011-02-04 12:37:00,2011-05-05 09:17:00,2,611.88,612,219,2,611.88,Churned,611.88
16110,2011-02-01 14:01:00,2011-10-25 14:35:00,3,1337.48,733,45,3,1337.48,At Risk,1337.48
16112,2011-01-05 11:47:00,2011-07-19 14:28:00,4,195.74,574,143,4,195.74,Churned,195.74
16113,2011-06-09 16:16:00,2011-06-09 16:16:00,1,161.38,176,183,1,161.38,Churned,161.38
16114,2011-06-22 10:13:00,2011-06-22 10:13:00,1,135.75000000000003,43,171,1,135.75000000000003,Churned,135.75000000000003
16115,2011-02-20 12:14:00,2011-11-30 11:32:00,8,1667.97,1001,10,8,1667.97,Active,1667.97
16116,2011-05-12 12:01:00,2011-05-12 12:01:00,1,612.78,248,212,1,612.78,Churned,612.78
16117,2011-06-03 11:42:00,2011-06-03 11:42:00,1,232.21,130,190,1,232.21,Churned,232.21
16119,2011-09-28 10:15:00,2011-12-01 15:11:00,2,423.36,240,8,2,423.36,Active,423.36
16120,2011-10-11 14:10:00,2011-10-11 14:22:00,4,1309.14,878,59,4,1309.14,At Risk,1309.14
16121,2011-05-08 11:52:00,2011-10-13 12:59:00,2,867.11,586,57,2,867.11,At Risk,867.11
16122,2010-12-08 11:41:00,2011-09-27 15:34:00,4,684.42,1128,73,4,684.42,At Risk,684.42
16123,2011-10-19 09:18:00,2011-10-19 09:18:00,1,307.78000000000003,170,52,1,307.78000000000003,At Risk,307.78000000000003
16124,2011-01-26 14:45:00,2011-01-26 14:45:00,1,249.0,48,317,1,249.0,Churned,249.0
16125,2010-12-07 15:48:00,2010-12-07 15:48:00,1,289.35,124,367,1,289.35,Churned,289.35
16126,2011-02-16 11:18:00,2011-11-10 16:03:00,4,6287.77,2125,29,4,6287.77,Active,6287.77
16127,2011-10-31 13:58:00,2011-10-31 13:58:00,1,656.25,323,39,1,656.25,At Risk,656.25
16128,2011-03-02 12:21:00,2011-11-22 11:14:00,5,1880.22,988,18,5,1880.22,Active,1880.22
16131,2011-04-14 08:32:00,2011-10-19 11:53:00,6,3506.54,1802,52,6,3506.54,At Risk,3506.54
16133,2011-01-25 15:55:00,2011-12-06 11:24:00,33,14589.04,8887,4,33,14589.04,Active,14589.04
16134,2010-12-15 14:00:00,2011-11-18 10:05:00,2,618.09,371,22,2,618.09,Active,618.09
16135,2011-03-22 12:30:00,2011-03-22 12:30:00,1,517.55,209,263,1,517.55,Churned,517.55
16136,2011-03-07 09:52:00,2011-10-11 09:10:00,3,709.38,440,60,3,709.38,At Risk,709.38
16139,2011-05-17 10:23:00,2011-11-21 08:37:00,3,635.4100000000001,330,19,3,635.4100000000001,Active,635.4100000000001
16140,2010-12-03 14:40:00,2011-10-05 12:15:00,2,725.1800000000001,730,66,2,725.1800000000001,At Risk,725.1800000000001
16141,2011-09-12 13:11:00,2011-09-12 13:11:00,1,620.4,238,88,1,620.4,At Risk,620.4
16142,2011-04-04 10:16:00,2011-04-04 10:16:00,1,535.34,422,250,1,535.34,Churned,535.34
16143,2010-12-05 15:18:00,2011-12-06 14:13:00,6,2424.94,919,3,6,2424.94,Active,2424.94
16144,2011-04-07 10:09:00,2011-04-07 10:09:00,1,175.2,16,247,1,175.2,Churned,175.2
16145,2010-12-15 09:09:00,2011-12-01 10:33:00,11,3799.4900000000002,3123,9,11,3799.4900000000002,Active,3799.4900000000002
16146,2011-04-21 15:25:00,2011-07-05 14:20:00,3,734.13,427,157,3,734.13,Churned,734.13
16147,2011-07-29 09:57:00,2011-07-29 09:57:00,1,375.0,246,134,1,375.0,Churned,375.0
16148,2011-02-16 14:01:00,2011-02-16 14:01:00,1,76.32000000000001,72,296,1,76.32000000000001,Churned,76.32000000000001
16149,2011-07-20 14:54:00,2011-12-05 11:29:00,2,280.52,308,5,2,280.52,Active,280.52
16150,2010-12-02 18:27:00,2011-10-28 12:39:00,5,2053.02,1047,43,5,2053.02,At Risk,2053.02
16152,2011-03-16 09:47:00,2011-03-16 09:47:00,1,1829.04,642,269,1,1829.04,Churned,1829.04
16153,2010-12-20 09:22:00,2011-10-21 10:50:00,5,1824.23,1073,50,5,1824.23,At Risk,1824.23
16156,2011-02-02 12:02:00,2011-12-01 12:42:00,9,3122.04,1308,9,9,3122.04,Active,3122.04
16157,2011-09-28 11:48:00,2011-11-24 11:41:00,3,656.69,347,16,3,656.69,Active,656.69
16159,2011-03-03 12:27:00,2011-03-03 12:27:00,1,348.2,236,282,1,348.2,Churned,348.2
16160,2011-09-15 10:53:00,2011-10-05 14:19:00,2,1025.44,1162,65,2,1025.44,At Risk,1025.44
16161,2010-12-06 10:03:00,2011-12-08 12:10:00,19,5575.56,2599,2,19,5575.56,Active,5575.56
16162,2011-04-01 15:03:00,2011-04-01 15:03:00,1,37.4,4,252,1,37.4,Churned,37.4
16163,2010-12-09 16:28:00,2011-04-21 15:15:00,2,856.6,192,232,2,856.6,Churned,856.6
16164,2011-10-28 09:12:00,2011-11-22 15:04:00,3,822.48,433,17,3,822.48,Active,822.48
16168,2010-12-05 11:38:00,2011-11-29 12:45:00,27,3787.6,1892,11,27,3787.6,Active,3787.6
16169,2011-09-25 11:33:00,2011-12-01 15:28:00,4,1822.97,1325,8,4,1822.97,Active,1822.97
16170,2011-04-05 13:42:00,2011-10-20 08:21:00,6,1885.05,1770,51,6,1885.05,At Risk,1885.05
16171,2011-10-11 14:51:00,2011-10-11 14:51:00,1,73.19999999999999,24,59,1,73.19999999999999,At Risk,73.19999999999999
16172,2011-04-12 12:02:00,2011-09-05 13:22:00,5,1140.21,787,95,5,1140.21,Churned,1140.21
16173,2011-09-02 15:23:00,2011-11-24 10:53:00,6,1418.32,575,16,6,1418.32,Active,1418.32
16174,2011-07-11 09:23:00,2011-08-05 13:26:00,3,1009.55,651,126,3,1009.55,Churned,1009.55
16175,2011-04-13 14:38:00,2011-09-06 14:32:00,4,1037.5900000000001,533,94,4,1037.5900000000001,Churned,1037.5900000000001
16177,2011-10-20 12:57:00,2011-10-20 12:57:00,1,331.95,95,50,1,331.95,At Risk,331.95
16178,2011-07-24 16:05:00,2011-07-24 16:05:00,1,197.9,94,138,1,197.9,Churned,197.9
16179,2011-10-10 09:41:00,2011-10-10 09:41:00,1,215.83,99,61,1,215.83,At Risk,215.83
16180,2011-04-01 10:23:00,2011-08-31 16:28:00,8,10254.18,5867,100,8,10254.18,Churned,10254.18
16181,2011-09-27 13:38:00,2011-09-27 13:38:00,1,305.54,152,73,1,305.54,At Risk,305.54
16182,2011-02-18 10:11:00,2011-09-28 13:23:00,4,6617.65,3791,72,4,6617.65,At Risk,6617.65
16183,2011-10-03 14:59:00,2011-10-03 14:59:00,1,338.71000000000004,113,67,1,338.71000000000004,At Risk,338.71000000000004
16184,2011-05-12 13:33:00,2011-10-06 17:43:00,6,1158.79,561,64,6,1158.79,At Risk,1158.79
16185,2011-04-21 11:59:00,2011-11-23 09:41:00,2,529.41,260,17,2,529.41,Active,529.41
16186,2010-12-02 14:40:00,2011-11-17 12:43:00,12,4006.94,3020,23,12,4006.94,Active,4006.94
16187,2011-02-28 13:34:00,2011-11-08 09:50:00,15,6911.4400000000005,5048,32,15,6911.4400000000005,At Risk,6911.4400000000005
16188,2011-04-11 09:44:00,2011-10-26 12:19:00,4,981.86,782,45,4,981.86,At Risk,981.86
16189,2011-09-15 15:21:00,2011-11-24 11:47:00,2,215.48,134,16,2,215.48,Active,215.48
16190,2011-10-30 15:59:00,2011-10-30 15:59:00,1,215.08,88,40,1,215.08,At Risk,215.08
16191,2010-12-14 12:38:00,2011-12-07 11:26:00,13,5180.52,3351,3,13,5180.52,Active,5180.52
16193,2011-04-17 11:45:00,2011-04-17 11:45:00,1,314.45,219,237,1,314.45,Churned,314.45
16198,2011-09-25 14:58:00,2011-09-25 14:58:00,1,400.68100000000004,129,75,1,400.68100000000004,At Risk,400.68100000000004
16200,2011-06-28 15:47:00,2011-12-05 14:40:00,2,1080.6200000000001,523,4,2,1080.6200000000001,Active,1080.6200000000001
16201,2011-08-22 10:47:00,2011-12-06 16:02:00,4,1863.47,1286,3,4,1863.47,Active,1863.47
16202,2010-12-14 10:43:00,2010-12-14 10:43:00,1,365.27,191,361,1,365.27,Churned,365.27
16203,2010-12-02 15:39:00,2011-10-12 12:31:00,4,592.9,262,59,4,592.9,At Risk,592.9
16204,2011-11-16 13:40:00,2011-11-16 13:40:00,1,405.71,231,23,1,405.71,Active,405.71
16205,2011-06-13 11:33:00,2011-11-09 09:32:00,4,761.38,517,31,4,761.38,At Risk,761.38
16206,2011-01-16 11:07:00,2011-10-16 10:41:00,4,537.0600000000001,272,55,4,537.0600000000001,At Risk,537.0600000000001
16207,2011-11-14 13:51:00,2011-11-14 13:51:00,1,394.38,140,25,1,394.38,Active,394.38
16208,2011-02-23 13:37:00,2011-10-26 11:36:00,2,664.26,333,45,2,664.26,At Risk,664.26
16209,2011-04-07 12:23:00,2011-09-12 11:58:00,5,2262.62,1179,89,5,2262.62,At Risk,2262.62
16210,2010-12-01 12:27:00,2011-12-08 12:36:00,18,21086.3,7559,2,18,21086.3,Active,21086.3
16211,2011-09-12 12:11:00,2011-09-12 12:11:00,1,547.02,154,89,1,547.02,At Risk,547.02
16212,2011-03-01 12:51:00,2011-11-20 13:00:00,2,690.34,244,19,2,690.34,Active,690.34
16213,2011-09-22 10:03:00,2011-09-22 10:03:00,1,159.0,48,79,1,159.0,At Risk,159.0
16214,2011-03-15 13:23:00,2011-06-22 11:30:00,3,1062.75,420,171,3,1062.75,Churned,1062.75
16215,2011-09-20 10:18:00,2011-09-20 10:18:00,1,242.35,104,81,1,242.35,At Risk,242.35
16216,2011-03-17 15:34:00,2011-03-17 15:34:00,1,914.9300000000001,254,267,1,914.9300000000001,Churned,914.9300000000001
16217,2011-03-02 15:28:00,2011-04-18 13:31:00,2,304.25,91,235,2,304.25,Churned,304.25
16218,2010-12-01 11:29:00,2011-11-10 09:59:00,7,3084.68,2088,30,7,3084.68,Active,3084.68
16221,2010-12-07 13:13:00,2011-11-03 11:43:00,3,864.86,717,37,3,864.86,At Risk,864.86
16222,2011-01-25 13:38:00,2011-01-25 13:38:00,1,846.72,365,318,1,846.72,Churned,846.72
16224,2011-04-04 12:00:00,2011-10-13 17:51:00,4,1295.3,1116,57,4,1295.3,At Risk,1295.3
16225,2011-03-07 12:17:00,2011-10-26 08:30:00,5,1096.32,493,45,5,1096.32,At Risk,1096.32
16226,2011-04-18 12:58:00,2011-05-20 14:41:00,3,255.12,192,203,3,255.12,Churned,255.12
16227,2011-04-28 13:33:00,2011-04-28 13:33:00,1,314.22,90,225,1,314.22,Churned,314.22
16229,2011-05-11 10:18:00,2011-09-13 17:16:00,2,1010.6,318,87,2,1010.6,At Risk,1010.6
16230,2011-05-03 15:12:00,2011-06-03 10:06:00,2,542.03,365,190,2,542.03,Churned,542.03
16232,2011-05-08 14:05:00,2011-10-27 12:16:00,4,990.88,550,44,4,990.88,At Risk,990.88
16233,2010-12-08 12:51:00,2011-09-29 17:27:00,3,536.6800000000001,174,71,3,536.6800000000001,At Risk,536.6800000000001
16235,2011-01-11 15:42:00,2011-10-30 10:56:00,5,867.3100000000001,330,41,5,867.3100000000001,At Risk,867.3100000000001
16236,2011-09-22 14:10:00,2011-09-22 14:10:00,1,432.2,184,78,1,432.2,At Risk,432.2
16239,2011-06-03 09:30:00,2011-10-14 08:29:00,2,414.2,228,57,2,414.2,At Risk,414.2
16240,2011-09-23 13:44:00,2011-11-15 14:30:00,2,3718.8,1641,24,2,3718.8,Active,3718.8
16241,2010-12-05 11:04:00,2011-11-30 11:08:00,13,2607.87,1453,10,13,2607.87,Active,2607.87
16242,2011-03-07 17:04:00,2011-12-01 15:12:00,7,3603.21,1982,8,7,3603.21,Active,3603.21
16243,2011-10-16 12:09:00,2011-11-06 12:32:00,2,409.1,110,34,2,409.1,At Risk,409.1
16244,2010-12-02 11:41:00,2011-05-12 10:18:00,2,1522.75,855,212,2,1522.75,Churned,1522.75
16245,2011-03-28 09:30:00,2011-11-16 10:14:00,3,1413.66,1014,24,3,1413.66,Active,1413.66
16247,2011-06-22 14:23:00,2011-06-22 14:23:00,1,114.56,182,170,1,114.56,Churned,114.56
16248,2011-10-09 11:32:00,2011-10-09 11:32:00,1,152.94,78,62,1,152.94,At Risk,152.94
16249,2011-04-14 13:50:00,2011-10-18 10:07:00,5,1800.07,950,53,5,1800.07,At Risk,1800.07
16250,2010-12-01 09:59:00,2011-03-23 15:07:00,2,389.44,208,261,2,389.44,Churned,389.44
16253,2011-03-29 13:33:00,2011-10-04 09:09:00,2,3683.86,3233,67,2,3683.86,At Risk,3683.86
16255,2010-12-09 14:25:00,2011-11-23 12:40:00,8,2619.91,1767,17,8,2619.91,Active,2619.91
16256,2011-03-18 12:18:00,2011-03-18 12:18:00,1,752.4300000000001,581,267,1,752.4300000000001,Churned,752.4300000000001
16257,2011-06-16 10:11:00,2011-06-16 10:11:00,1,46.95,2,177,1,46.95,Churned,46.95
16258,2011-05-04 14:33:00,2011-10-25 13:30:00,5,5203.51,2994,45,5,5203.51,At Risk,5203.51
16260,2011-10-20 09:40:00,2011-10-20 09:40:00,1,1035.45,311,51,1,1035.45,At Risk,1035.45
16261,2011-04-07 19:05:00,2011-11-22 17:23:00,4,746.83,306,17,4,746.83,Active,746.83
16265,2010-12-10 10:21:00,2011-11-30 16:41:00,9,5447.0,2646,9,9,5447.0,Active,5447.0
16266,2011-05-17 14:50:00,2011-09-27 12:08:00,7,861.89,398,74,7,861.89,At Risk,861.89
16268,2011-09-29 18:30:00,2011-09-29 18:30:00,2,667.65,533,71,2,667.65,At Risk,667.65
16270,2010-12-21 14:26:00,2010-12-21 14:26:00,1,1141.24,688,353,1,1141.24,Churned,1141.24
16271,2010-12-16 16:36:00,2011-12-07 12:45:00,5,1429.24,1038,3,5,1429.24,Active,1429.24
16272,2011-08-15 10:53:00,2011-08-15 10:54:00,1,411.7,224,117,1,411.7,Churned,411.7
16274,2010-12-01 15:35:00,2010-12-01 15:35:00,1,357.95,155,373,1,357.95,Churned,357.95
16275,2011-05-27 12:41:00,2011-05-27 12:41:00,1,559.87,336,197,1,559.87,Churned,559.87
16276,2011-06-16 09:34:00,2011-06-16 09:34:00,1,810.6,420,177,1,810.6,Churned,810.6
16278,2011-08-31 17:12:00,2011-08-31 17:12:00,1,566.38,114,100,1,566.38,Churned,566.38
16279,2011-06-16 11:50:00,2011-11-18 15:00:00,3,1509.58,1054,21,3,1509.58,Active,1509.58
16281,2011-09-28 14:57:00,2011-09-28 14:57:00,1,2062.06,934,72,1,2062.06,At Risk,2062.06
16282,2011-01-04 11:42:00,2011-01-04 11:42:00,1,168.3,114,340,1,168.3,Churned,168.3
16283,2011-05-15 13:37:00,2011-12-04 12:08:00,5,1570.81,1236,6,5,1570.81,Active,1570.81
16284,2011-10-20 13:54:00,2011-11-08 16:12:00,2,823.97,544,31,2,823.97,At Risk,823.97
16287,2011-06-23 09:08:00,2011-06-23 09:08:00,1,142.5,298,170,1,142.5,Churned,142.5
16292,2011-08-10 12:24:00,2011-08-10 12:24:00,1,302.25,191,122,1,302.25,Churned,302.25
16293,2010-12-07 15:02:00,2011-11-18 09:58:00,10,2248.9900000000002,982,22,10,2248.9900000000002,Active,2248.9900000000002
16295,2011-10-06 10:45:00,2011-11-30 08:17:00,4,1328.55,841,10,4,1328.55,Active,1328.55
16297,2011-03-16 08:29:00,2011-03-16 08:29:00,1,301.9,206,269,1,301.9,Churned,301.9
16298,2011-06-06 10:06:00,2011-11-17 11:59:00,3,598.2,198,23,3,598.2,Active,598.2
16302,2011-08-05 09:44:00,2011-08-05 09:44:00,1,233.22,158,127,1,233.22,Churned,233.22
16303,2011-01-10 14:16:00,2011-11-14 10:49:00,3,5360.63,2659,26,3,5360.63,Active,5360.63
16305,2011-07-24 12:18:00,2011-07-24 12:18:00,1,361.22,256,139,1,361.22,Churned,361.22
16306,2010-12-07 15:18:00,2011-05-10 12:12:00,6,632.27,487,214,6,632.27,Churned,632.27
16308,2011-03-23 14:46:00,2011-11-02 11:24:00,4,2560.0,8000,38,4,2560.0,At Risk,2560.0
16309,2011-04-13 11:46:00,2011-08-25 15:35:00,2,706.57,467,106,2,706.57,Churned,706.57
16311,2011-10-21 13:13:00,2011-11-22 08:54:00,2,616.26,394,18,2,616.26,Active,616.26
16313,2011-10-21 09:04:00,2011-12-06 13:02:00,2,274.15000000000003,165,3,2,274.15000000000003,Active,274.15000000000003
16315,2011-01-13 11:57:00,2011-01-13 11:57:00,1,226.37,75,331,1,226.37,Churned,226.37
16316,2010-12-16 14:26:00,2011-10-06 13:48:00,8,2938.91,1484,64,8,2938.91,At Risk,2938.91
16317,2011-02-15 14:30:00,2011-08-12 12:46:00,3,1341.65,890,120,3,1341.65,Churned,1341.65
16318,2011-11-04 13:05:00,2011-11-04 13:05:00,1,328.15000000000003,199,35,1,328.15000000000003,At Risk,328.15000000000003
16319,2011-05-06 11:27:00,2011-05-06 11:27:00,1,404.40000000000003,72,218,1,404.40000000000003,Churned,404.40000000000003
16320,2011-05-10 15:31:00,2011-06-20 15:25:00,2,1038.46,732,172,2,1038.46,Churned,1038.46
16321,2011-01-20 12:11:00,2011-09-28 14:55:00,5,373.65000000000003,135,72,5,373.65000000000003,At Risk,373.65000000000003
16322,2011-11-03 14:33:00,2011-12-08 15:41:00,2,326.75,231,1,2,326.75,Active,326.75
16323,2011-05-27 14:48:00,2011-05-27 14:48:00,1,207.50000000000003,50,196,1,207.50000000000003,Churned,207.50000000000003
16324,2011-06-15 14:26:00,2011-08-03 12:58:00,3,428.68,282,128,3,428.68,Churned,428.68
16325,2011-04-08 09:20:00,2011-10-24 08:48:00,3,594.24,194,47,3,594.24,At Risk,594.24
16326,2011-01-09 12:01:00,2011-12-04 10:11:00,14,3110.96,709,6,14,3110.96,Active,3110.96
16327,2010-12-05 12:43:00,2011-11-25 13:23:00,6,3844.2200000000003,2571,14,6,3844.2200000000003,Active,3844.2200000000003
16330,2011-08-19 17:08:00,2011-11-22 12:24:00,3,251.91,147,18,3,251.91,Active,251.91
16332,2011-02-07 14:16:00,2011-11-11 14:22:00,7,1593.2,801,28,7,1593.2,Active,1593.2
16333,2011-02-03 10:50:00,2011-12-02 12:19:00,22,26626.8,32184,8,22,26626.8,Active,26626.8
16337,2011-11-03 10:03:00,2011-11-03 10:03:00,1,151.05,87,37,1,151.05,At Risk,151.05
16338,2011-07-05 13:56:00,2011-07-05 13:56:00,1,214.8,94,157,1,214.8,Churned,214.8
16339,2011-02-28 13:41:00,2011-02-28 13:41:00,1,109.95,23,284,1,109.95,Churned,109.95
16340,2011-08-24 14:53:00,2011-08-24 14:53:00,1,549.07,501,107,1,549.07,Churned,549.07
16341,2011-05-22 13:20:00,2011-11-15 09:12:00,4,1971.8700000000001,1398,25,4,1971.8700000000001,Active,1971.8700000000001
16342,2011-06-13 10:10:00,2011-09-25 14:36:00,4,322.41,157,75,4,322.41,At Risk,322.41
16343,2011-11-23 17:43:00,2011-11-23 17:45:00,2,370.48,195,16,2,370.48,Active,370.48
16344,2011-07-04 15:50:00,2011-07-04 15:50:00,1,101.10000000000001,18,158,1,101.10000000000001,Churned,101.10000000000001
16345,2011-10-26 16:03:00,2011-10-26 16:03:00,1,575.41,289,44,1,575.41,At Risk,575.41
16347,2011-11-03 13:01:00,2011-11-28 13:14:00,2,887.65,353,11,2,887.65,Active,887.65
16348,2011-04-13 15:49:00,2011-11-07 15:44:00,7,1469.45,819,32,7,1469.45,At Risk,1469.45
16349,2011-02-22 12:40:00,2011-02-22 12:40:00,1,53.5,9,291,1,53.5,Churned,53.5
16350,2011-01-10 09:44:00,2011-11-18 15:53:00,4,1116.47,545,21,4,1116.47,Active,1116.47
16351,2011-01-11 10:26:00,2011-01-11 10:26:00,1,153.9,90,333,1,153.9,Churned,153.9
16352,2011-11-02 08:44:00,2011-11-22 10:32:00,2,494.44,300,18,2,494.44,Active,494.44
16353,2010-12-05 12:09:00,2011-12-06 12:23:00,23,6675.71,2006,4,23,6675.71,Active,6675.71
16354,2011-09-27 16:28:00,2011-10-07 14:28:00,2,395.8,150,63,2,395.8,At Risk,395.8
16356,2011-03-07 12:31:00,2011-05-26 11:51:00,3,211.77,93,198,3,211.77,Churned,211.77
16357,2011-05-10 10:35:00,2011-11-06 16:04:00,3,658.88,246,33,3,658.88,At Risk,658.88
16358,2011-06-08 15:05:00,2011-12-08 15:09:00,4,2027.5,1302,1,4,2027.5,Active,2027.5
16359,2011-01-12 10:49:00,2011-12-02 17:04:00,9,1750.92,1183,7,9,1750.92,Active,1750.92
16360,2011-09-12 13:50:00,2011-12-05 12:16:00,6,3512.53,2144,5,6,3512.53,Active,3512.53
16361,2011-09-29 13:13:00,2011-11-30 12:32:00,4,896.66,421,10,4,896.66,Active,896.66
16362,2011-09-09 14:47:00,2011-11-07 13:01:00,5,734.77,351,32,5,734.77,At Risk,734.77
16363,2011-10-17 14:14:00,2011-10-17 14:14:00,1,109.36000000000001,52,53,1,109.36000000000001,At Risk,109.36000000000001
16364,2011-07-25 14:35:00,2011-11-28 11:27:00,2,707.04,280,12,2,707.04,Active,707.04
16365,2010-12-07 17:19:00,2011-11-22 11:24:00,9,1540.42,504,18,9,1540.42,Active,1540.42
16366,2011-11-21 08:19:00,2011-11-21 08:19:00,1,327.3,256,19,1,327.3,Active,327.3
16367,2010-12-12 12:01:00,2011-11-02 13:13:00,2,804.49,647,37,2,804.49,At Risk,804.49
16368,2011-11-11 15:08:00,2011-12-07 13:12:00,2,497.43,260,2,2,497.43,Active,497.43
16369,2011-05-27 09:39:00,2011-11-21 16:25:00,3,1553.66,1035,18,3,1553.66,Active,1553.66
16370,2011-04-28 16:40:00,2011-09-18 15:55:00,4,1320.56,647,82,4,1320.56,At Risk,1320.56
16372,2011-11-06 12:50:00,2011-11-06 13:08:00,2,367.93,166,33,2,367.93,At Risk,367.93
16374,2011-03-22 13:46:00,2011-10-04 15:21:00,2,473.03,240,66,2,473.03,At Risk,473.03
16376,2011-11-22 16:47:00,2011-12-01 11:38:00,2,987.01,694,9,2,987.01,Active,987.01
16377,2011-03-17 15:41:00,2011-03-17 15:41:00,1,676.2,1500,267,1,676.2,Churned,676.2
16378,2011-02-02 12:42:00,2011-04-06 15:07:00,3,362.95,267,247,3,362.95,Churned,362.95
16379,2011-09-22 09:33:00,2011-12-05 15:38:00,4,2157.4,1410,4,4,2157.4,Active,2157.4
16380,2011-10-09 15:40:00,2011-10-09 15:40:00,1,1780.59,1524,61,1,1780.59,At Risk,1780.59
16383,2011-03-16 13:00:00,2011-09-26 12:45:00,2,668.36,475,75,2,668.36,At Risk,668.36
16384,2011-03-21 10:13:00,2011-09-11 11:19:00,2,584.5,260,90,2,584.5,At Risk,584.5
16385,2010-12-08 12:56:00,2011-10-10 13:12:00,3,555.89,261,60,3,555.89,At Risk,555.89
16386,2011-03-31 12:19:00,2011-11-11 12:28:00,2,317.2,224,29,2,317.2,Active,317.2
16387,2011-01-21 11:34:00,2011-01-21 11:34:00,1,94.36,44,323,1,94.36,Churned,94.36
16389,2011-03-01 15:47:00,2011-10-17 14:41:00,4,1382.0700000000002,1242,53,4,1382.0700000000002,At Risk,1382.0700000000002
16392,2011-03-15 12:11:00,2011-03-15 12:11:00,1,221.19,203,270,1,221.19,Churned,221.19
16393,2010-12-05 13:10:00,2011-12-07 12:51:00,13,3046.21,1576,2,13,3046.21,Active,3046.21
16394,2011-02-23 10:58:00,2011-10-14 09:48:00,5,1555.34,2604,57,5,1555.34,At Risk,1555.34
16395,2011-01-13 12:10:00,2011-10-10 12:50:00,5,1486.9,1476,61,5,1486.9,At Risk,1486.9
16398,2011-03-31 09:38:00,2011-07-08 15:16:00,2,1705.8,758,154,2,1705.8,Churned,1705.8
16399,2011-04-18 13:46:00,2011-11-20 16:12:00,2,408.57,264,19,2,408.57,Active,408.57
16400,2011-09-06 12:27:00,2011-09-06 12:27:00,1,303.93,172,95,1,303.93,Churned,303.93
16401,2011-01-16 10:56:00,2011-12-08 18:15:00,12,4098.32,3882,1,12,4098.32,Active,4098.32
16402,2010-12-05 13:42:00,2011-03-20 12:25:00,2,299.6,149,265,2,299.6,Churned,299.6
16403,2011-01-31 13:39:00,2011-01-31 13:39:00,1,177.5,114,312,1,177.5,Churned,177.5
16404,2011-09-30 14:55:00,2011-09-30 14:55:00,1,443.05,157,70,1,443.05,At Risk,443.05
16405,2011-02-02 17:08:00,2011-02-10 15:24:00,2,167.25,187,302,2,167.25,Churned,167.25
16406,2011-11-21 11:57:00,2011-11-21 11:57:00,1,163.07,122,19,1,163.07,Active,163.07
16407,2011-01-31 14:02:00,2011-11-27 11:05:00,10,2126.93,1124,13,10,2126.93,Active,2126.93
16409,2011-01-26 14:51:00,2011-11-03 16:45:00,5,2028.88,1306,36,5,2028.88,At Risk,2028.88
16411,2010-12-05 13:26:00,2011-11-20 13:23:00,2,214.65,132,19,2,214.65,Active,214.65
16412,2011-10-17 12:35:00,2011-10-17 12:35:00,1,151.83,73,54,1,151.83,At Risk,151.83
16413,2011-10-14 12:08:00,2011-10-14 12:08:00,1,262.2,148,57,1,262.2,At Risk,262.2
16414,2011-03-04 13:27:00,2011-11-18 09:42:00,2,126.25,27,22,2,126.25,Active,126.25
16415,2011-10-26 13:35:00,2011-10-26 13:35:00,1,210.35,187,44,1,210.35,At Risk,210.35
16416,2011-10-14 13:35:00,2011-11-13 12:50:00,3,1051.4,672,27,3,1051.4,Active,1051.4
16418,2011-04-27 16:54:00,2011-10-26 12:39:00,3,675.27,288,45,3,675.27,At Risk,675.27
16419,2011-02-01 12:25:00,2011-08-19 12:33:00,6,972.23,436,113,6,972.23,Churned,972.23
16422,2010-12-05 15:35:00,2011-11-22 14:00:00,51,34684.4,33704,17,51,34684.4,Active,34684.4
16423,2011-11-15 09:21:00,2011-11-15 09:21:00,1,346.12,230,25,1,346.12,Active,346.12
16424,2011-06-01 13:40:00,2011-06-01 13:40:00,1,133.56,88,191,1,133.56,Churned,133.56
16425,2011-02-10 14:30:00,2011-02-10 14:30:00,1,302.7,199,302,1,302.7,Churned,302.7
16426,2011-03-08 15:45:00,2011-12-07 14:01:00,10,1908.25,1243,2,10,1908.25,Active,1908.25
16427,2011-02-28 15:18:00,2011-03-21 17:10:00,2,241.06,156,263,2,241.06,Churned,241.06
16429,2011-08-25 13:54:00,2011-08-25 13:54:00,1,284.55,9,106,1,284.55,Churned,284.55
16430,2011-10-13 14:47:00,2011-10-13 14:47:00,1,300.85,103,57,1,300.85,At Risk,300.85
16431,2011-02-15 14:02:00,2011-05-10 14:09:00,3,642.81,453,213,3,642.81,Churned,642.81
16432,2011-10-06 13:59:00,2011-10-06 13:59:00,1,287.40000000000003,276,64,1,287.40000000000003,At Risk,287.40000000000003
16433,2011-11-11 14:09:00,2011-11-11 14:09:00,1,184.26,106,28,1,184.26,Active,184.26
16434,2011-02-13 12:17:00,2011-11-10 14:28:00,7,1522.25,767,29,7,1522.25,Active,1522.25
16438,2011-09-18 13:31:00,2011-12-04 10:51:00,5,798.35,463,6,5,798.35,Active,798.35
16440,2011-05-09 12:25:00,2011-12-02 12:02:00,5,3640.67,2018,8,5,3640.67,Active,3640.67
16441,2011-02-21 17:35:00,2011-10-03 17:48:00,2,381.2,173,67,2,381.2,At Risk,381.2
16442,2010-12-14 10:46:00,2011-12-08 11:43:00,3,616.79,446,2,3,616.79,Active,616.79
16444,2011-03-20 12:14:00,2011-10-24 13:50:00,4,654.67,407,46,4,654.67,At Risk,654.67
16445,2011-11-06 12:32:00,2011-11-06 12:32:00,1,230.51,111,34,1,230.51,At Risk,230.51
16446,2011-05-18 09:52:00,2011-12-09 09:15:00,2,168472.5,80997,1,2,168472.5,Active,168472.5
16447,2011-07-27 12:45:00,2011-07-27 12:45:00,1,259.01,223,136,1,259.01,Churned,259.01
16448,2011-05-25 16:28:00,2011-05-25 16:28:00,1,188.89000000000001,78,198,1,188.89000000000001,Churned,188.89000000000001
16449,2011-03-04 12:15:00,2011-05-26 10:25:00,2,707.69,367,198,2,707.69,Churned,707.69
16450,2011-07-13 11:47:00,2011-07-13 11:47:00,1,311.92,200,150,1,311.92,Churned,311.92
16451,2011-09-13 09:17:00,2011-09-13 09:17:00,1,266.97,120,88,1,266.97,At Risk,266.97
16454,2011-10-06 16:57:00,2011-10-26 11:40:00,2,6.9,3,45,2,6.9,At Risk,6.9
16455,2010-12-03 16:44:00,2011-10-07 12:17:00,7,1841.18,988,64,7,1841.18,At Risk,1841.18
16456,2010-12-01 14:11:00,2011-09-01 13:50:00,5,2158.37,1148,99,5,2158.37,Churned,2158.37
16457,2011-05-05 13:19:00,2011-05-05 13:19:00,1,208.36,140,218,1,208.36,Churned,208.36
16458,2010-12-14 11:51:00,2011-12-07 09:34:00,18,3482.7400000000002,2154,3,18,3482.7400000000002,Active,3482.7400000000002
16460,2011-09-19 10:15:00,2011-11-11 13:46:00,3,814.72,879,28,3,814.72,Active,814.72
16461,2011-06-15 12:07:00,2011-06-15 12:07:00,1,151.42,49,178,1,151.42,Churned,151.42
16462,2011-03-01 08:58:00,2011-09-27 10:24:00,3,136.0,16,74,3,136.0,At Risk,136.0
16463,2011-05-19 14:45:00,2011-11-18 14:01:00,4,1422.4,1163,21,4,1422.4,Active,1422.4
16464,2011-07-20 13:53:00,2011-11-20 12:11:00,3,1314.68,963,20,3,1314.68,Active,1314.68
16466,2011-02-20 11:39:00,2011-11-06 11:35:00,7,1603.46,789,34,7,1603.46,At Risk,1603.46
16468,2011-09-26 14:13:00,2011-09-26 14:13:00,1,74.9,31,74,1,74.9,At Risk,74.9
16469,2011-04-07 13:11:00,2011-11-16 12:25:00,4,650.43,273,24,4,650.43,Active,650.43
16470,2010-12-16 11:53:00,2011-10-19 12:11:00,4,762.39,531,52,4,762.39,At Risk,762.39
16471,2011-03-10 09:41:00,2011-03-10 09:41:00,1,223.95000000000002,141,275,1,223.95000000000002,Churned,223.95000000000002
16473,2011-01-07 10:55:00,2011-06-28 09:10:00,3,316.11,196,165,3,316.11,Churned,316.11
16474,2011-07-17 14:51:00,2011-12-02 13:02:00,7,1871.5,943,7,7,1871.5,Active,1871.5
16475,2011-03-11 09:39:00,2011-09-12 14:37:00,4,544.3,319,88,4,544.3,At Risk,544.3
16477,2010-12-03 12:48:00,2011-10-07 09:44:00,7,2494.46,1415,64,7,2494.46,At Risk,2494.46
16478,2011-10-05 12:02:00,2011-11-14 15:51:00,3,331.0,224,25,3,331.0,Active,331.0
16479,2011-11-29 13:04:00,2011-11-29 13:40:00,2,300.83,102,10,2,300.83,Active,300.83
16480,2011-09-25 11:40:00,2011-09-25 11:40:00,1,769.29,455,76,1,769.29,At Risk,769.29
16482,2011-11-24 12:33:00,2011-11-24 12:33:00,1,220.62,346,16,1,220.62,Active,220.62
16483,2011-05-31 13:08:00,2011-05-31 13:08:00,1,139.35,44,192,1,139.35,Churned,139.35
16484,2011-06-02 10:39:00,2011-06-19 12:06:00,2,404.3,200,174,2,404.3,Churned,404.3
16485,2011-09-23 15:50:00,2011-09-23 15:50:00,1,363.65,235,77,1,363.65,At Risk,363.65
16488,2011-07-14 11:46:00,2011-11-06 13:42:00,3,498.8,728,33,3,498.8,At Risk,498.8
16491,2011-10-24 10:18:00,2011-10-24 10:18:00,1,731.5,478,47,1,731.5,At Risk,731.5
16493,2011-01-14 08:16:00,2011-09-21 11:10:00,4,1351.63,1164,80,4,1351.63,At Risk,1351.63
16494,2011-02-16 12:49:00,2011-02-16 12:49:00,1,826.53,675,297,1,826.53,Churned,826.53
16495,2011-03-08 16:38:00,2011-12-06 13:20:00,3,684.41,337,3,3,684.41,Active,684.41
16496,2011-01-27 09:42:00,2011-12-01 10:31:00,3,1599.52,1111,9,3,1599.52,Active,1599.52
16497,2011-01-10 13:20:00,2011-10-21 10:55:00,6,2965.69,1396,50,6,2965.69,At Risk,2965.69
16498,2011-06-30 19:52:00,2011-07-01 15:07:00,2,100.97,45,161,2,100.97,Churned,100.97
16499,2010-12-10 10:27:00,2010-12-14 13:31:00,2,365.45,127,360,2,365.45,Churned,365.45
16500,2011-01-13 10:28:00,2011-12-05 12:04:00,6,400.86,123,5,6,400.86,Active,400.86
16503,2010-12-14 13:50:00,2011-08-25 11:46:00,4,1431.93,569,107,4,1431.93,Churned,1431.93
16504,2011-11-14 15:18:00,2011-11-14 15:18:00,1,484.38,524,25,1,484.38,Active,484.38
16505,2011-11-08 12:14:00,2011-11-08 12:14:00,1,777.6,576,32,1,777.6,At Risk,777.6
16506,2011-10-30 15:50:00,2011-11-20 12:17:00,2,90.30000000000001,42,20,2,90.30000000000001,Active,90.30000000000001
16509,2011-02-16 09:25:00,2011-02-16 09:25:00,1,363.70000000000005,64,297,1,363.70000000000005,Churned,363.70000000000005
16510,2010-12-02 13:39:00,2010-12-02 13:39:00,1,248.1,92,372,1,248.1,Churned,248.1
16511,2011-03-18 11:24:00,2011-11-18 10:41:00,3,950.26,417,22,3,950.26,Active,950.26
16513,2011-10-27 14:56:00,2011-12-05 10:18:00,4,874.59,407,5,4,874.59,Active,874.59
16515,2011-02-01 13:09:00,2011-10-18 13:10:00,5,1627.13,833,52,5,1627.13,At Risk,1627.13
16516,2011-11-09 14:59:00,2011-11-09 14:59:00,1,101.69999999999999,58,30,1,101.69999999999999,Active,101.69999999999999
16517,2011-03-07 13:50:00,2011-03-07 13:50:00,1,162.70000000000002,96,277,1,162.70000000000002,Churned,162.70000000000002
16518,2011-02-28 16:36:00,2011-10-09 15:04:00,2,484.32,327,61,2,484.32,At Risk,484.32
16519,2010-12-09 14:08:00,2011-11-14 15:41:00,2,215.07999999999998,54,25,2,215.07999999999998,Active,215.07999999999998
16520,2010-12-09 13:08:00,2011-06-06 13:24:00,3,1046.57,558,186,3,1046.57,Churned,1046.57
16523,2011-01-28 12:06:00,2011-12-08 09:06:00,21,9418.470000000001,4265,2,21,9418.470000000001,Active,9418.470000000001
16525,2010-12-08 11:31:00,2011-12-07 15:07:00,26,13027.45,7397,2,26,13027.45,Active,13027.45
16526,2011-06-21 12:02:00,2011-06-21 12:02:00,1,290.36,106,172,1,290.36,Churned,290.36
16527,2011-09-19 16:21:00,2011-09-19 16:21:00,1,228.06,106,81,1,228.06,At Risk,228.06
16528,2011-12-06 12:45:00,2011-12-06 12:45:00,1,244.41,171,4,1,244.41,Active,244.41
16529,2011-06-02 17:23:00,2011-06-02 17:23:00,1,455.25,198,190,1,455.25,Churned,455.25
16531,2010-12-14 13:19:00,2011-11-17 16:29:00,7,1244.59,915,22,7,1244.59,Active,1244.59
16532,2011-01-05 12:37:00,2011-11-22 11:08:00,3,6748.8,2016,18,3,6748.8,Active,6748.8
16533,2011-10-02 15:07:00,2011-11-20 13:08:00,3,1095.56,612,19,3,1095.56,Active,1095.56
16535,2011-12-04 15:18:00,2011-12-04 15:18:00,1,593.75,356,5,1,593.75,Active,593.75
16536,2011-08-21 15:54:00,2011-08-21 15:54:00,1,548.97,251,110,1,548.97,Churned,548.97
16539,2010-12-01 15:40:00,2011-12-07 08:41:00,4,1388.81,477,3,4,1388.81,Active,1388.81
16542,2011-10-17 10:47:00,2011-10-17 10:47:00,1,119.62,46,54,1,119.62,At Risk,119.62
16545,2011-06-28 10:37:00,2011-06-28 10:37:00,1,339.3,78,165,1,339.3,Churned,339.3
16546,2010-12-02 12:07:00,2011-02-22 11:20:00,2,787.15,549,291,2,787.15,Churned,787.15
16549,2011-01-09 14:03:00,2011-11-29 15:06:00,10,4154.64,2365,10,10,4154.64,Active,4154.64
16550,2010-12-06 13:53:00,2011-08-23 11:12:00,5,2298.97,1540,109,5,2298.97,Churned,2298.97
16551,2011-01-07 10:24:00,2011-09-05 09:38:00,3,922.12,970,96,3,922.12,Churned,922.12
16552,2010-12-01 12:36:00,2011-04-11 10:04:00,2,379.73,219,243,2,379.73,Churned,379.73
16553,2010-12-14 13:58:00,2011-06-29 15:42:00,12,5719.82,4600,163,12,5719.82,Churned,5719.82
16554,2011-01-12 12:41:00,2011-10-28 14:51:00,3,837.1,402,42,3,837.1,At Risk,837.1
16555,2011-08-22 12:32:00,2011-11-04 14:31:00,2,285.89,175,35,2,285.89,At Risk,285.89
16556,2010-12-14 13:32:00,2011-10-04 11:36:00,7,3313.79,1890,67,7,3313.79,At Risk,3313.79
16557,2011-07-25 13:28:00,2011-11-15 14:04:00,2,281.85,111,24,2,281.85,Active,281.85
16558,2010-12-08 12:01:00,2011-12-09 10:20:00,20,8338.49,5377,1,20,8338.49,Active,8338.49
16560,2010-12-16 14:36:00,2011-11-13 10:35:00,2,841.41,500,27,2,841.41,Active,841.41
16561,2011-10-11 09:53:00,2011-12-04 11:50:00,2,511.12,244,6,2,511.12,Active,511.12
16563,2011-10-17 11:51:00,2011-10-17 11:51:00,1,1077.74,486,54,1,1077.74,At Risk,1077.74
16565,2010-12-10 15:21:00,2010-12-10 15:21:00,1,173.7,46,364,1,173.7,Churned,173.7
16566,2011-02-20 10:29:00,2011-11-24 16:34:00,5,614.66,362,15,5,614.66,Active,614.66
16567,2011-01-07 09:31:00,2011-05-29 13:57:00,2,865.6,996,194,2,865.6,Churned,865.6
16569,2011-12-06 15:32:00,2011-12-06 15:32:00,1,124.2,93,3,1,124.2,Active,124.2
16570,2011-02-01 10:37:00,2011-11-24 17:02:00,10,3738.4,2112,15,10,3738.4,Active,3738.4
16571,2011-03-03 09:41:00,2011-11-13 11:46:00,3,1421.69,1239,27,3,1421.69,Active,1421.69
16572,2011-03-09 12:04:00,2011-08-04 16:34:00,3,1009.6,532,127,3,1009.6,Churned,1009.6
16573,2011-02-22 15:14:00,2011-09-16 09:13:00,2,663.61,360,85,2,663.61,At Risk,663.61
16574,2011-09-29 13:39:00,2011-09-29 13:39:00,1,451.44,416,71,1,451.44,At Risk,451.44
16581,2011-06-10 10:05:00,2011-06-10 10:05:00,1,105.84,134,183,1,105.84,Churned,105.84
16582,2011-08-18 17:02:00,2011-08-18 17:02:00,1,313.62,164,113,1,313.62,Churned,313.62
16583,2010-12-01 12:03:00,2010-12-01 12:03:00,1,233.45,111,374,1,233.45,Churned,233.45
16584,2011-03-30 13:14:00,2011-09-20 13:45:00,2,936.08,646,80,2,936.08,At Risk,936.08
16586,2011-04-05 09:32:00,2011-04-05 09:32:00,1,463.95,95,249,1,463.95,Churned,463.95
16587,2011-04-21 15:51:00,2011-04-21 15:51:00,1,225.15,71,232,1,225.15,Churned,225.15
16589,2011-07-01 13:31:00,2011-09-29 14:50:00,3,459.24,368,71,3,459.24,At Risk,459.24
16591,2011-10-02 10:43:00,2011-10-02 10:43:00,1,213.5,41,69,1,213.5,At Risk,213.5
16592,2011-02-25 10:19:00,2011-12-05 13:49:00,16,4113.68,2927,4,16,4113.68,Active,4113.68
16593,2011-01-16 12:11:00,2011-10-20 12:41:00,3,330.03,116,51,3,330.03,At Risk,330.03
16594,2011-09-25 14:08:00,2011-09-25 14:08:00,1,181.09,64,75,1,181.09,At Risk,181.09
16595,2011-10-09 13:15:00,2011-10-09 13:15:00,1,360.16,335,61,1,360.16,At Risk,360.16
16596,2010-12-08 16:18:00,2011-11-24 10:02:00,2,250.15,97,16,2,250.15,Active,250.15
16597,2011-12-05 15:44:00,2011-12-05 15:44:00,1,90.04,184,4,1,90.04,Active,90.04
16598,2011-02-27 11:42:00,2011-02-27 11:42:00,1,145.05,73,286,1,145.05,Churned,145.05
16600,2011-01-05 12:13:00,2011-12-05 16:00:00,6,813.52,1145,4,6,813.52,Active,813.52
16601,2011-10-30 11:09:00,2011-10-30 11:09:00,1,244.8,134,41,1,244.8,At Risk,244.8
16602,2011-11-03 15:54:00,2011-11-03 15:54:00,1,528.08,336,36,1,528.08,At Risk,528.08
16603,2011-09-09 13:02:00,2011-09-26 10:06:00,2,482.47,480,75,2,482.47,At Risk,482.47
16607,2010-12-16 08:41:00,2011-11-22 10:24:00,14,3347.71,2859,18,14,3347.71,Active,3347.71
16609,2011-04-01 10:11:00,2011-11-24 13:32:00,7,5493.46,2420,15,7,5493.46,Active,5493.46
16610,2011-05-04 13:13:00,2011-05-04 13:13:00,1,75.66,66,219,1,75.66,Churned,75.66
16611,2011-06-06 15:46:00,2011-06-06 15:46:00,1,129.49,47,186,1,129.49,Churned,129.49
16612,2011-02-01 10:38:00,2011-11-07 07:38:00,4,1187.66,506,33,4,1187.66,At Risk,1187.66
16613,2011-09-30 15:52:00,2011-09-30 15:52:00,1,618.59,293,70,1,618.59,At Risk,618.59
16614,2011-06-10 11:36:00,2011-06-10 11:36:00,1,506.19,223,183,1,506.19,Churned,506.19
16616,2011-07-05 13:38:00,2011-11-24 16:31:00,2,500.42,370,15,2,500.42,Active,500.42
16617,2011-04-18 10:35:00,2011-04-18 10:35:00,1,151.85,91,236,1,151.85,Churned,151.85
16618,2011-01-21 11:55:00,2011-11-08 13:52:00,5,2647.59,1363,31,5,2647.59,At Risk,2647.59
16619,2011-03-21 08:18:00,2011-03-21 08:18:00,1,226.21,133,264,1,226.21,Churned,226.21
16620,2011-03-24 10:37:00,2011-12-06 12:19:00,2,178.96,88,4,2,178.96,Active,178.96
16621,2011-03-07 11:32:00,2011-10-19 11:38:00,4,813.48,302,52,4,813.48,At Risk,813.48
16623,2011-04-08 10:09:00,2011-04-08 10:09:00,1,129.45000000000002,39,246,1,129.45000000000002,Churned,129.45000000000002
16624,2011-05-26 14:20:00,2011-09-20 12:39:00,2,810.57,488,81,2,810.57,At Risk,810.57
16625,2011-03-10 12:50:00,2011-03-10 12:50:00,1,333.08,164,275,1,333.08,Churned,333.08
16626,2011-03-18 12:27:00,2011-12-09 11:56:00,17,4413.1,2690,1,17,4413.1,Active,4413.1
16627,2011-09-21 14:38:00,2011-09-21 14:38:00,1,322.8,162,79,1,322.8,At Risk,322.8
16628,2011-04-19 08:55:00,2011-11-10 12:45:00,5,2188.05,1205,30,5,2188.05,Active,2188.05
16629,2011-09-04 16:12:00,2011-09-27 10:34:00,2,417.73,493,74,2,417.73,At Risk,417.73
16633,2011-04-19 14:36:00,2011-11-22 13:41:00,6,2883.1,1138,17,6,2883.1,Active,2883.1
16634,2010-12-02 17:41:00,2011-05-01 12:09:00,2,217.9,82,223,2,217.9,Churned,217.9
16637,2011-04-28 10:20:00,2011-11-07 13:17:00,4,1154.47,927,32,4,1154.47,At Risk,1154.47
16638,2010-12-06 10:19:00,2011-11-17 11:09:00,10,1680.72,1255,23,10,1680.72,Active,1680.72
16639,2011-04-18 09:31:00,2011-11-08 13:20:00,3,1257.51,510,31,3,1257.51,At Risk,1257.51
16641,2011-08-26 12:49:00,2011-08-26 12:49:00,1,231.1,256,106,1,231.1,Churned,231.1
16642,2011-05-16 12:35:00,2011-12-05 11:31:00,2,688.33,479,5,2,688.33,Active,688.33
16643,2011-04-08 08:24:00,2011-04-08 08:24:00,1,487.51,269,246,1,487.51,Churned,487.51
16644,2011-05-11 12:53:00,2011-06-15 12:39:00,2,833.78,826,178,2,833.78,Churned,833.78
16647,2011-05-19 09:31:00,2011-06-23 11:47:00,2,214.06,146,170,2,214.06,Churned,214.06
16648,2011-10-28 08:58:00,2011-10-28 08:58:00,1,290.66,281,43,1,290.66,At Risk,290.66
16650,2011-09-29 09:51:00,2011-09-29 09:51:00,1,518.42,372,72,1,518.42,At Risk,518.42
16652,2011-03-11 13:13:00,2011-10-12 09:38:00,7,6773.97,3283,59,7,6773.97,At Risk,6773.97
16653,2011-09-29 13:38:00,2011-11-23 14:51:00,2,1212.66,733,16,2,1212.66,Active,1212.66
16654,2010-12-06 15:09:00,2011-07-21 15:23:00,4,601.27,282,141,4,601.27,Churned,601.27
16655,2011-01-12 10:16:00,2011-11-22 11:25:00,6,3794.52,2367,18,6,3794.52,Active,3794.52
16656,2010-12-10 11:23:00,2011-11-17 14:43:00,15,8625.8,8894,22,15,8625.8,Active,8625.8
16657,2011-03-30 12:02:00,2011-11-30 11:48:00,4,933.62,1229,10,4,933.62,Active,933.62
16658,2010-12-06 13:47:00,2010-12-06 13:47:00,1,123.24,40,368,1,123.24,Churned,123.24
16659,2011-06-03 15:03:00,2011-06-03 15:03:00,1,39.12,72,189,1,39.12,Churned,39.12
16660,2011-01-24 12:44:00,2011-11-23 14:53:00,4,1267.65,571,16,4,1267.65,Active,1267.65
16665,2010-12-12 14:03:00,2010-12-12 14:03:00,1,135.4,59,362,1,135.4,Churned,135.4
16666,2011-11-20 14:01:00,2011-11-20 14:01:00,1,118.98,233,19,1,118.98,Active,118.98
16667,2011-02-28 12:57:00,2011-10-02 15:26:00,2,570.13,237,68,2,570.13,At Risk,570.13
16668,2011-02-28 12:46:00,2011-11-24 17:43:00,6,306.72,318,15,6,306.72,Active,306.72
16669,2011-09-22 14:13:00,2011-11-16 12:26:00,3,1374.87,888,24,3,1374.87,Active,1374.87
16670,2010-12-16 10:30:00,2011-11-23 09:34:00,11,4095.9,2556,17,11,4095.9,Active,4095.9
16671,2011-06-28 11:20:00,2011-11-11 13:40:00,3,1692.27,875,28,3,1692.27,Active,1692.27
16672,2011-03-18 10:15:00,2011-12-07 16:29:00,20,8134.9400000000005,2832,2,20,8134.9400000000005,Active,8134.9400000000005
16674,2011-09-02 13:59:00,2011-10-16 11:31:00,2,319.61,188,55,2,319.61,At Risk,319.61
16676,2011-01-06 13:00:00,2011-11-06 12:01:00,4,1592.12,636,34,4,1592.12,At Risk,1592.12
16678,2011-03-02 09:24:00,2011-12-07 12:17:00,12,3109.99,2397,3,12,3109.99,Active,3109.99
16679,2010-12-08 13:51:00,2010-12-08 13:51:00,1,129.75,29,366,1,129.75,Churned,129.75
16680,2011-10-27 17:35:00,2011-10-27 17:35:00,1,183.7,94,43,1,183.7,At Risk,183.7
16681,2011-03-31 13:46:00,2011-09-28 11:11:00,6,1770.3400000000001,1407,73,6,1770.3400000000001,At Risk,1770.3400000000001
16682,2011-06-05 11:02:00,2011-12-05 12:13:00,5,1028.0,1040,5,5,1028.0,Active,1028.0
16684,2010-12-16 17:34:00,2011-12-05 14:06:00,28,66653.56,50255,4,28,66653.56,Active,66653.56
16685,2011-10-09 13:44:00,2011-10-09 13:58:00,2,324.24,396,61,2,324.24,At Risk,324.24
16686,2010-12-19 14:41:00,2011-10-23 13:49:00,7,3062.83,2030,47,7,3062.83,At Risk,3062.83
16688,2011-10-10 12:23:00,2011-12-08 15:24:00,4,1260.8600000000001,804,1,4,1260.8600000000001,Active,1260.8600000000001
16689,2011-09-18 13:29:00,2011-09-25 11:39:00,2,422.6,330,76,2,422.6,At Risk,422.6
16690,2011-05-22 10:53:00,2011-09-28 15:02:00,2,225.58,138,72,2,225.58,At Risk,225.58
16692,2011-02-23 15:41:00,2011-03-28 14:46:00,2,1276.0,152,256,2,1276.0,Churned,1276.0
16693,2011-03-13 11:06:00,2011-10-02 11:10:00,2,482.01,204,69,2,482.01,At Risk,482.01
16696,2011-04-05 15:20:00,2011-07-27 14:23:00,4,657.9,146,135,4,657.9,Churned,657.9
16697,2011-04-12 17:12:00,2011-04-12 17:12:00,1,112.75,27,241,1,112.75,Churned,112.75
16698,2011-03-31 13:33:00,2011-04-27 10:52:00,2,1998.0,840,227,2,1998.0,Churned,1998.0
16700,2010-12-08 16:34:00,2011-12-01 11:00:00,13,5076.55,4024,9,13,5076.55,Active,5076.55
16701,2010-12-13 11:51:00,2011-12-01 11:10:00,13,5398.3,6393,9,13,5398.3,Active,5398.3
16705,2010-12-16 10:51:00,2011-12-09 12:08:00,20,14034.99,5476,1,20,14034.99,Active,14034.99
16706,2011-08-17 15:53:00,2011-11-02 13:50:00,3,531.35,249,37,3,531.35,At Risk,531.35
16708,2011-10-25 12:20:00,2011-10-25 12:20:00,1,656.63,285,46,1,656.63,At Risk,656.63
16709,2011-03-03 10:55:00,2011-09-16 10:56:00,5,3029.87,851,85,5,3029.87,At Risk,3029.87
16710,2010-12-06 13:13:00,2011-11-20 14:50:00,10,2483.04,1836,19,10,2483.04,Active,2483.04
16711,2010-12-17 12:43:00,2011-12-06 16:32:00,5,1651.03,833,3,5,1651.03,Active,1651.03
16712,2011-03-08 15:07:00,2011-11-30 13:48:00,11,3645.43,1749,9,11,3645.43,Active,3645.43
16713,2010-12-08 13:01:00,2011-11-21 12:36:00,15,6923.13,4276,19,15,6923.13,Active,6923.13
16714,2011-01-26 13:40:00,2011-05-05 11:09:00,3,1161.53,610,219,3,1161.53,Churned,1161.53
16715,2011-09-22 18:15:00,2011-09-22 18:15:00,1,301.71999999999997,642,78,1,301.71999999999997,At Risk,301.71999999999997
16716,2011-02-01 15:35:00,2011-03-18 10:03:00,2,901.2,120,267,2,901.2,Churned,901.2
16717,2010-12-08 16:48:00,2011-11-16 12:16:00,6,3858.38,1866,24,6,3858.38,Active,3858.38
16718,2010-12-05 13:03:00,2010-12-05 13:03:00,1,623.75,413,369,1,623.75,Churned,623.75
16719,2010-12-06 12:06:00,2011-11-25 09:27:00,7,1790.42,1204,15,7,1790.42,Active,1790.42
16720,2011-11-13 16:22:00,2011-11-13 16:22:00,1,155.24,182,26,1,155.24,Active,155.24
16721,2011-03-22 16:08:00,2011-03-22 16:08:00,1,292.47,172,262,1,292.47,Churned,292.47
16722,2010-12-06 12:59:00,2011-11-22 13:28:00,13,4730.81,5001,17,13,4730.81,Active,4730.81
16723,2011-08-24 11:31:00,2011-09-09 13:01:00,2,589.15,399,91,2,589.15,Churned,589.15
16725,2010-12-03 16:02:00,2011-02-10 16:52:00,7,781.02,294,302,7,781.02,Churned,781.02
16726,2010-12-13 13:28:00,2011-11-13 14:53:00,5,1382.02,977,26,5,1382.02,Active,1382.02
16727,2010-12-10 13:48:00,2010-12-10 13:48:00,1,272.82,177,364,1,272.82,Churned,272.82
16728,2011-03-20 13:28:00,2011-10-24 14:36:00,4,1054.67,677,46,4,1054.67,At Risk,1054.67
16729,2011-04-12 14:22:00,2011-11-01 14:29:00,21,7239.92,5783,38,21,7239.92,At Risk,7239.92
16730,2011-01-24 14:01:00,2011-10-18 14:11:00,3,743.11,994,52,3,743.11,At Risk,743.11
16732,2011-11-08 09:54:00,2011-11-08 09:54:00,1,603.75,317,32,1,603.75,At Risk,603.75
16734,2011-08-17 15:00:00,2011-10-18 13:44:00,3,650.51,346,52,3,650.51,At Risk,650.51
16735,2011-01-09 12:53:00,2011-09-22 11:49:00,5,2300.56,1573,79,5,2300.56,At Risk,2300.56
16737,2011-10-17 13:03:00,2011-10-17 13:03:00,1,417.6,288,53,1,417.6,At Risk,417.6
16738,2011-02-15 09:46:00,2011-02-15 09:46:00,1,3.75,3,298,1,3.75,Churned,3.75
16739,2011-06-16 09:17:00,2011-06-16 09:17:00,1,323.0,172,177,1,323.0,Churned,323.0
16742,2011-10-24 12:02:00,2011-10-24 12:02:00,1,464.9,1,47,1,464.9,At Risk,464.9
16743,2010-12-16 12:15:00,2011-11-10 13:13:00,7,2238.09,2047,29,7,2238.09,Active,2238.09
16744,2011-06-19 15:13:00,2011-11-28 13:06:00,7,1304.76,805,11,7,1304.76,Active,1304.76
16745,2011-02-01 11:31:00,2011-09-14 11:58:00,17,7194.3,6735,87,17,7194.3,At Risk,7194.3
16746,2010-12-16 11:43:00,2011-12-05 12:33:00,18,6697.66,4665,5,18,6697.66,Active,6697.66
16747,2011-10-03 10:18:00,2011-11-02 11:37:00,2,836.0600000000001,583,38,2,836.0600000000001,At Risk,836.0600000000001
16748,2011-01-09 13:50:00,2011-11-22 10:17:00,5,1515.9,880,18,5,1515.9,Active,1515.9
16750,2011-04-21 16:53:00,2011-10-26 12:48:00,5,623.93,214,45,5,623.93,At Risk,623.93
16751,2011-11-09 10:48:00,2011-11-09 10:48:00,1,1764.72,1031,31,1,1764.72,At Risk,1764.72
16752,2010-12-02 12:18:00,2010-12-02 12:18:00,1,207.5,54,373,1,207.5,Churned,207.5
16753,2011-10-12 13:14:00,2011-10-12 13:14:00,1,223.92000000000002,189,58,1,223.92000000000002,At Risk,223.92000000000002
16754,2010-12-02 17:38:00,2010-12-02 17:38:00,1,2002.4,4280,372,1,2002.4,Churned,2002.4
16755,2011-01-28 10:47:00,2011-08-17 13:21:00,3,1496.83,1064,114,3,1496.83,Churned,1496.83
16756,2011-05-09 09:33:00,2011-05-09 09:33:00,1,239.4,106,215,1,239.4,Churned,239.4
16757,2011-01-25 11:59:00,2011-01-25 11:59:00,1,106.83000000000001,81,319,1,106.83000000000001,Churned,106.83000000000001
16758,2011-10-05 14:47:00,2011-10-05 14:47:00,1,369.34000000000003,203,65,1,369.34000000000003,At Risk,369.34000000000003
16759,2011-11-09 09:06:00,2011-12-02 12:42:00,3,789.79,609,8,3,789.79,Active,789.79
16761,2011-09-04 11:15:00,2011-09-04 11:15:00,1,316.62,341,97,1,316.62,Churned,316.62
16762,2011-07-18 12:52:00,2011-11-20 11:43:00,3,1501.38,618,20,3,1501.38,Active,1501.38
16763,2011-05-25 11:52:00,2011-05-25 11:52:00,1,611.8499999999999,319,199,1,611.8499999999999,Churned,611.8499999999999
16764,2011-07-19 17:17:00,2011-12-06 11:41:00,13,2799.25,1259,4,13,2799.25,Active,2799.25
16765,2011-02-18 15:41:00,2011-02-18 15:41:00,1,34.0,4,294,1,34.0,Churned,34.0
16766,2011-03-11 13:34:00,2011-03-11 15:22:00,2,1145.6,536,273,2,1145.6,Churned,1145.6
16767,2011-01-27 13:38:00,2011-11-09 09:42:00,11,5580.6,4435,31,11,5580.6,At Risk,5580.6
16768,2011-03-13 10:25:00,2011-10-23 10:38:00,3,478.09000000000003,196,48,3,478.09000000000003,At Risk,478.09000000000003
16769,2011-03-24 13:41:00,2011-03-24 13:41:00,1,380.39,83,260,1,380.39,Churned,380.39
16770,2010-12-02 15:49:00,2011-10-13 12:21:00,5,770.1,464,58,5,770.1,At Risk,770.1
16771,2011-01-05 13:57:00,2011-11-06 13:28:00,5,2246.81,1489,33,5,2246.81,At Risk,2246.81
16773,2011-10-13 14:37:00,2011-10-13 14:37:00,1,171.59,171,57,1,171.59,At Risk,171.59
16774,2011-06-14 12:45:00,2011-10-03 12:41:00,4,661.52,322,68,4,661.52,At Risk,661.52
16775,2010-12-07 15:15:00,2011-11-29 15:22:00,11,1695.66,440,10,11,1695.66,Active,1695.66
16776,2011-10-10 13:04:00,2011-10-10 13:04:00,1,388.28,262,60,1,388.28,At Risk,388.28
16777,2011-03-27 14:34:00,2011-09-20 13:41:00,2,226.35,64,80,2,226.35,At Risk,226.35
16778,2011-03-10 15:21:00,2011-09-26 13:48:00,2,245.94,194,74,2,245.94,At Risk,245.94
16779,2010-12-08 09:56:00,2011-12-07 14:54:00,22,10629.72,5325,2,22,10629.72,Active,10629.72
16780,2011-03-25 17:34:00,2011-08-31 16:09:00,2,425.19,271,100,2,425.19,Churned,425.19
16781,2010-12-02 14:26:00,2010-12-02 14:26:00,1,311.25,113,372,1,311.25,Churned,311.25
16782,2010-12-09 11:28:00,2011-11-29 13:20:00,13,2279.9,712,10,13,2279.9,Active,2279.9
16784,2011-11-20 12:20:00,2011-11-20 12:20:00,1,107.6,24,20,1,107.6,Active,107.6
16788,2011-03-30 13:05:00,2011-08-08 14:53:00,2,597.48,311,123,2,597.48,Churned,597.48
16789,2011-12-01 15:12:00,2011-12-01 15:12:00,1,80.80000000000001,32,8,1,80.80000000000001,Active,80.80000000000001
16790,2011-11-02 11:23:00,2011-12-06 11:53:00,6,1545.6200000000001,898,4,6,1545.6200000000001,Active,1545.6200000000001
16791,2011-01-11 15:42:00,2011-11-10 19:12:00,7,1721.78,763,29,7,1721.78,Active,1721.78
16792,2011-03-02 14:39:00,2011-03-02 14:41:00,2,110.38,44,282,2,110.38,Churned,110.38
16793,2011-10-13 15:08:00,2011-10-13 15:08:00,1,243.84,146,57,1,243.84,At Risk,243.84
16794,2011-06-12 14:15:00,2011-12-08 17:54:00,10,1222.71,937,1,10,1222.71,Active,1222.71
16795,2010-12-09 14:08:00,2010-12-09 14:08:00,1,414.88,239,365,1,414.88,Churned,414.88
16796,2011-09-11 14:01:00,2011-09-11 14:01:00,1,305.62,186,89,1,305.62,At Risk,305.62
16800,2011-11-28 14:06:00,2011-11-28 14:06:00,1,1201.49,540,11,1,1201.49,Active,1201.49
16801,2011-03-11 13:56:00,2011-06-29 15:33:00,4,1619.73,499,163,4,1619.73,Churned,1619.73
16803,2011-10-05 14:28:00,2011-10-05 14:28:00,1,332.3,245,65,1,332.3,At Risk,332.3
16804,2011-03-14 15:48:00,2011-11-16 16:43:00,3,536.99,246,23,3,536.99,Active,536.99
16805,2010-12-14 13:35:00,2011-06-19 11:23:00,2,460.59000000000003,539,174,2,460.59000000000003,Churned,460.59000000000003
16806,2011-04-14 19:59:00,2011-08-28 15:27:00,4,801.49,378,103,4,801.49,Churned,801.49
16807,2011-03-14 09:46:00,2011-07-20 12:00:00,3,1121.59,778,143,3,1121.59,Churned,1121.59
16808,2011-03-10 19:05:00,2011-09-01 19:34:00,2,288.42,196,99,2,288.42,Churned,288.42
16809,2011-03-22 15:20:00,2011-11-16 15:45:00,5,914.69,652,23,5,914.69,Active,914.69
16810,2011-05-31 15:32:00,2011-05-31 15:32:00,1,309.54,114,192,1,309.54,Churned,309.54
16811,2011-11-22 17:19:00,2011-12-05 11:39:00,2,547.07,477,5,2,547.07,Active,547.07
16812,2010-12-14 12:35:00,2010-12-14 12:35:00,1,479.35,81,361,1,479.35,Churned,479.35
16813,2011-05-19 13:28:00,2011-12-01 14:03:00,10,1692.98,1525,8,10,1692.98,Active,1692.98
16814,2010-12-05 11:45:00,2011-11-25 13:27:00,21,6509.1,2769,14,21,6509.1,Active,6509.1
16816,2010-12-16 17:01:00,2011-08-28 14:16:00,4,417.06,274,103,4,417.06,Churned,417.06
16817,2010-12-06 14:19:00,2011-12-07 11:03:00,9,1604.75,822,3,9,1604.75,Active,1604.75
16818,2011-05-18 11:42:00,2011-11-29 10:41:00,11,3349.57,2164,11,11,3349.57,Active,3349.57
16820,2011-09-05 12:06:00,2011-09-05 12:06:00,1,497.61,307,96,1,497.61,Churned,497.61
16823,2011-04-26 15:00:00,2011-04-26 15:00:00,1,358.38,136,227,1,358.38,Churned,358.38
16824,2011-06-28 13:36:00,2011-11-24 12:38:00,2,460.64,236,16,2,460.64,Active,460.64
16825,2011-06-07 09:44:00,2011-11-01 11:51:00,2,775.18,566,39,2,775.18,At Risk,775.18
16826,2011-10-19 14:05:00,2011-10-19 14:05:00,1,341.7,158,51,1,341.7,At Risk,341.7
16828,2011-08-19 13:24:00,2011-09-07 15:10:00,2,128.5,59,93,2,128.5,Churned,128.5
16829,2011-07-06 10:48:00,2011-07-06 10:48:00,1,197.22,99,157,1,197.22,Churned,197.22
16830,2011-11-01 11:35:00,2011-11-01 11:35:00,1,325.91,264,39,1,325.91,At Risk,325.91
16832,2011-05-06 14:12:00,2011-06-08 15:36:00,3,199.15,33,184,3,199.15,Churned,199.15
16833,2011-01-09 13:02:00,2011-12-08 14:39:00,4,1106.53,440,1,4,1106.53,Active,1106.53
16834,2011-04-26 09:37:00,2011-04-26 09:37:00,1,413.46,358,228,1,413.46,Churned,413.46
16835,2010-12-01 17:15:00,2011-08-03 13:50:00,2,180.85,61,128,2,180.85,Churned,180.85
16836,2011-08-15 12:38:00,2011-10-31 10:05:00,2,251.87,165,40,2,251.87,At Risk,251.87
16837,2011-04-08 08:48:00,2011-11-08 14:27:00,11,3170.98,1563,31,11,3170.98,At Risk,3170.98
16838,2011-02-24 15:01:00,2011-05-26 13:13:00,2,588.85,185,197,2,588.85,Churned,588.85
16839,2010-12-05 11:15:00,2011-12-01 09:03:00,34,16594.35,8975,9,34,16594.35,Active,16594.35
16841,2011-02-25 12:40:00,2011-11-03 11:51:00,6,1869.82,2250,37,6,1869.82,At Risk,1869.82
16842,2011-02-10 14:51:00,2011-08-31 10:42:00,3,1264.19,693,101,3,1264.19,Churned,1264.19
16843,2011-01-16 16:10:00,2011-10-28 09:06:00,16,10196.57,10159,43,16,10196.57,At Risk,10196.57
16846,2011-10-20 13:55:00,2011-10-20 13:55:00,1,214.32,135,50,1,214.32,At Risk,214.32
16847,2011-10-27 13:29:00,2011-10-27 13:29:00,1,193.44,78,43,1,193.44,At Risk,193.44
16848,2011-10-18 08:42:00,2011-10-18 08:42:00,1,281.42,182,53,1,281.42,At Risk,281.42
16849,2011-06-06 09:16:00,2011-06-06 09:16:00,1,124.57,33,187,1,124.57,Churned,124.57
16850,2011-01-10 11:09:00,2011-01-10 11:09:00,1,332.41,249,334,1,332.41,Churned,332.41
16851,2011-10-19 09:48:00,2011-12-05 13:32:00,3,342.45,271,4,3,342.45,Active,342.45
16852,2011-06-16 15:49:00,2011-11-29 13:22:00,2,144.91,56,10,2,144.91,Active,144.91
16855,2011-10-27 16:31:00,2011-11-16 12:03:00,2,328.40000000000003,164,24,2,328.40000000000003,Active,328.40000000000003
16856,2011-11-25 08:59:00,2011-11-25 08:59:00,1,35.400000000000006,12,15,1,35.400000000000006,Active,35.400000000000006
16858,2010-12-06 09:52:00,2010-12-06 09:52:00,1,375.69000000000005,91,369,1,375.69000000000005,Churned,375.69000000000005
16859,2011-03-23 13:39:00,2011-07-18 12:19:00,2,747.81,827,145,2,747.81,Churned,747.81
16861,2011-07-04 15:38:00,2011-10-11 09:05:00,2,173.76,140,60,2,173.76,At Risk,173.76
16863,2010-12-08 08:58:00,2011-11-08 15:26:00,2,502.8,409,31,2,502.8,At Risk,502.8
16866,2011-07-01 12:34:00,2011-07-22 10:06:00,3,207.74,60,141,3,207.74,Churned,207.74
16869,2011-06-17 13:01:00,2011-11-17 12:02:00,4,825.4200000000001,585,23,4,825.4200000000001,Active,825.4200000000001
16871,2011-03-14 10:31:00,2011-11-17 19:27:00,6,2812.34,1253,22,6,2812.34,Active,2812.34
16872,2011-06-08 14:32:00,2011-09-23 16:05:00,3,680.02,600,77,3,680.02,At Risk,680.02
16873,2010-12-10 15:45:00,2011-12-05 12:05:00,6,7123.62,3840,5,6,7123.62,Active,7123.62
16875,2011-01-04 10:37:00,2011-10-03 13:39:00,5,2095.53,1069,67,5,2095.53,At Risk,2095.53
16877,2011-05-15 16:13:00,2011-11-27 13:47:00,6,853.72,463,12,6,853.72,Active,853.72
16878,2011-09-16 17:39:00,2011-09-16 17:39:00,1,13.3,12,84,1,13.3,At Risk,13.3
16880,2011-06-03 16:45:00,2011-11-09 11:33:00,7,1519.08,753,31,7,1519.08,At Risk,1519.08
16881,2011-10-04 10:33:00,2011-10-04 10:33:00,1,432.0,600,67,1,432.0,At Risk,432.0
16882,2011-01-26 17:43:00,2011-10-04 10:42:00,3,705.12,424,67,3,705.12,At Risk,705.12
16883,2010-12-03 10:33:00,2011-06-05 12:51:00,2,276.73,104,187,2,276.73,Churned,276.73
16884,2011-11-02 10:16:00,2011-11-02 11:52:00,2,429.84,320,38,2,429.84,At Risk,429.84
16885,2010-12-17 17:23:00,2011-11-24 13:40:00,3,471.51,184,15,3,471.51,Active,471.51
16887,2011-11-04 14:07:00,2011-11-04 14:07:00,1,194.88,157,35,1,194.88,At Risk,194.88
16889,2011-01-07 10:47:00,2011-05-29 11:05:00,3,1578.67,925,195,3,1578.67,Churned,1578.67
16891,2010-12-03 11:35:00,2011-12-08 11:15:00,5,809.7,283,2,5,809.7,Active,809.7
16892,2011-06-09 11:35:00,2011-12-08 13:18:00,5,525.54,239,1,5,525.54,Active,525.54
16893,2010-12-08 12:06:00,2010-12-08 12:06:00,1,145.93,62,367,1,145.93,Churned,145.93
16895,2011-10-06 12:15:00,2011-10-06 12:15:00,1,219.14,102,65,1,219.14,At Risk,219.14
16897,2011-01-30 11:52:00,2011-02-13 15:02:00,2,289.78,73,299,2,289.78,Churned,289.78
16898,2010-12-06 12:23:00,2011-11-13 15:44:00,3,508.81,419,26,3,508.81,Active,508.81
16899,2010-12-14 13:11:00,2011-12-02 12:03:00,6,1281.56,522,8,6,1281.56,Active,1281.56
16900,2011-10-07 13:17:00,2011-11-23 10:32:00,3,887.11,833,17,3,887.11,Active,887.11
16902,2011-08-15 14:17:00,2011-08-15 14:17:00,1,1706.88,629,116,1,1706.88,Churned,1706.88
16903,2011-11-10 15:32:00,2011-11-10 15:32:00,1,373.24,262,29,1,373.24,Active,373.24
16904,2010-12-07 13:29:00,2011-12-05 13:10:00,16,3754.27,2034,4,16,3754.27,Active,3754.27
16905,2010-12-03 10:43:00,2011-12-04 14:01:00,7,3102.43,1408,5,7,3102.43,Active,3102.43
16906,2011-04-05 12:30:00,2011-09-19 11:49:00,4,579.77,281,82,4,579.77,At Risk,579.77
16907,2010-12-09 16:52:00,2011-11-10 18:04:00,5,981.65,298,29,5,981.65,Active,981.65
16909,2011-09-28 16:45:00,2011-09-28 16:45:00,1,379.14,436,72,1,379.14,At Risk,379.14
16910,2011-09-09 14:14:00,2011-12-05 12:51:00,8,1510.06,886,4,8,1510.06,Active,1510.06
16912,2011-01-20 15:42:00,2011-11-11 12:18:00,11,2575.38,1029,29,11,2575.38,Active,2575.38
16913,2011-02-22 12:56:00,2011-02-22 12:56:00,1,113.44,82,290,1,113.44,Churned,113.44
16914,2011-11-03 15:27:00,2011-11-03 15:27:00,1,208.46,121,36,1,208.46,At Risk,208.46
16915,2011-03-01 09:52:00,2011-11-30 16:39:00,6,621.6800000000001,132,9,6,621.6800000000001,Active,621.6800000000001
16916,2010-12-02 13:14:00,2011-11-16 12:08:00,2,576.26,440,24,2,576.26,Active,576.26
16917,2011-03-08 11:55:00,2011-03-08 11:55:00,1,391.52,232,277,1,391.52,Churned,391.52
16918,2011-01-26 17:37:00,2011-10-21 12:50:00,6,1068.82,721,50,6,1068.82,At Risk,1068.82
16919,2010-12-06 12:52:00,2011-07-06 13:35:00,11,2596.45,1413,156,11,2596.45,Churned,2596.45
16921,2011-10-09 16:22:00,2011-10-09 16:22:00,1,169.79,171,61,1,169.79,At Risk,169.79
16923,2010-12-12 11:06:00,2011-11-27 13:00:00,19,7247.61,3417,12,19,7247.61,Active,7247.61
16924,2011-09-16 12:54:00,2011-11-18 12:53:00,3,846.75,493,21,3,846.75,Active,846.75
16926,2010-12-03 13:42:00,2010-12-03 13:42:00,1,230.25,35,371,1,230.25,Churned,230.25
16927,2010-12-13 11:57:00,2011-08-16 11:10:00,3,543.05,993,116,3,543.05,Churned,543.05
16928,2010-12-01 15:21:00,2011-09-20 15:10:00,17,2847.6,2114,80,17,2847.6,At Risk,2847.6
16929,2011-07-07 12:39:00,2011-12-06 08:37:00,7,1295.39,929,4,7,1295.39,Active,1295.39
16930,2011-10-02 14:25:00,2011-11-13 16:13:00,3,380.55,341,26,3,380.55,Active,380.55
16931,2010-12-05 11:40:00,2011-12-04 13:15:00,21,4604.22,3158,5,21,4604.22,Active,4604.22
16932,2011-10-17 14:12:00,2011-10-17 14:12:00,1,161.94,87,53,1,161.94,At Risk,161.94
16933,2011-04-14 13:33:00,2011-12-08 12:54:00,2,563.23,288,1,2,563.23,Active,563.23
16934,2011-10-16 12:25:00,2011-10-16 12:40:00,2,950.9300000000001,399,55,2,950.9300000000001,At Risk,950.9300000000001
16936,2011-11-14 11:04:00,2011-11-14 11:04:00,1,262.68,173,26,1,262.68,Active,262.68
16938,2011-02-04 09:34:00,2011-12-01 10:20:00,4,2736.38,2540,9,4,2736.38,Active,2736.38
16940,2011-02-23 12:27:00,2011-10-18 13:15:00,3,3049.88,2169,52,3,3049.88,At Risk,3049.88
16942,2011-04-26 11:59:00,2011-11-27 12:40:00,9,1920.59,811,13,9,1920.59,Active,1920.59
16943,2011-01-25 14:00:00,2011-05-12 11:57:00,3,816.73,145,212,3,816.73,Churned,816.73
16945,2010-12-16 17:49:00,2011-11-18 11:39:00,19,4345.5,2725,22,19,4345.5,Active,4345.5
16947,2011-04-18 09:38:00,2011-04-18 09:38:00,1,406.48,312,236,1,406.48,Churned,406.48
16948,2011-01-18 10:58:00,2011-07-24 12:46:00,3,435.02,1614,139,3,435.02,Churned,435.02
16949,2011-01-27 12:11:00,2011-12-06 11:07:00,6,1286.27,791,4,6,1286.27,Active,1286.27
16950,2010-12-07 15:20:00,2011-10-14 09:06:00,3,1178.56,644,57,3,1178.56,At Risk,1178.56
16951,2011-02-08 14:58:00,2011-07-28 12:05:00,3,1277.75,1318,135,3,1277.75,Churned,1277.75
16952,2011-08-22 12:58:00,2011-08-22 13:03:00,2,167.61,92,109,2,167.61,Churned,167.61
16953,2011-11-09 15:54:00,2011-11-09 15:54:00,1,20.8,10,30,1,20.8,Active,20.8
16954,2010-12-15 10:41:00,2011-12-09 09:46:00,9,2085.08,1054,1,9,2085.08,Active,2085.08
16955,2010-12-01 13:31:00,2011-06-08 10:36:00,4,518.67,266,185,4,518.67,Churned,518.67
16956,2011-11-22 08:56:00,2011-11-22 08:56:00,1,308.74,114,18,1,308.74,Active,308.74
16957,2011-03-03 09:25:00,2011-04-14 13:56:00,2,416.64,172,239,2,416.64,Churned,416.64
16959,2011-09-13 15:03:00,2011-09-13 15:03:00,1,117.35000000000001,49,87,1,117.35000000000001,At Risk,117.35000000000001
16960,2011-04-01 11:54:00,2011-11-01 11:35:00,3,507.05,304,39,3,507.05,At Risk,507.05
16961,2011-08-15 13:46:00,2011-08-15 13:46:00,1,234.17000000000002,125,116,1,234.17000000000002,Churned,234.17000000000002
16963,2011-06-05 13:48:00,2011-06-05 13:48:00,1,110.55000000000001,35,187,1,110.55000000000001,Churned,110.55000000000001
16965,2011-04-27 12:08:00,2011-04-27 12:08:00,1,201.19,291,227,1,201.19,Churned,201.19
16966,2011-04-13 14:17:00,2011-12-01 13:40:00,7,2154.97,1981,8,7,2154.97,Active,2154.97
16967,2011-06-03 14:24:00,2011-06-03 14:24:00,1,319.02,333,189,1,319.02,Churned,319.02
16968,2011-08-24 10:51:00,2011-12-05 15:02:00,2,439.43,326,4,2,439.43,Active,439.43
16969,2011-06-01 12:10:00,2011-10-31 13:12:00,3,650.41,816,39,3,650.41,At Risk,650.41
16971,2011-11-01 15:06:00,2011-11-01 15:06:00,1,357.21,72,38,1,357.21,At Risk,357.21
16976,2011-03-17 16:33:00,2011-03-17 16:33:00,1,251.51999999999998,88,267,1,251.51999999999998,Churned,251.51999999999998
16978,2011-09-23 12:50:00,2011-09-23 12:50:00,1,344.33,166,78,1,344.33,At Risk,344.33
16979,2011-02-15 09:20:00,2011-12-06 12:21:00,6,1852.0,865,4,6,1852.0,Active,1852.0
16980,2011-02-21 12:58:00,2011-03-29 16:36:00,2,1078.96,788,255,2,1078.96,Churned,1078.96
16982,2011-10-10 12:28:00,2011-10-10 12:28:00,1,384.06,182,61,1,384.06,At Risk,384.06
16983,2010-12-05 12:34:00,2011-11-27 12:10:00,7,1931.25,1379,13,7,1931.25,Active,1931.25
16984,2011-08-01 17:37:00,2011-09-12 13:43:00,2,4481.35,2423,88,2,4481.35,At Risk,4481.35
16985,2010-12-16 10:38:00,2011-11-22 13:33:00,10,5464.12,1832,17,10,5464.12,Active,5464.12
16986,2011-11-09 15:52:00,2011-11-10 11:55:00,2,1873.2,1040,30,2,1873.2,Active,1873.2
16987,2011-05-18 15:55:00,2011-12-06 17:26:00,7,1625.05,402,3,7,1625.05,Active,1625.05
16988,2011-12-04 16:02:00,2011-12-04 16:02:00,1,126.12,43,5,1,126.12,Active,126.12
16989,2011-07-12 09:11:00,2011-12-02 16:39:00,6,1133.25,1233,7,6,1133.25,Active,1133.25
16990,2011-05-05 08:30:00,2011-05-05 08:30:00,1,179.0,100,219,1,179.0,Churned,179.0
16992,2011-02-28 10:37:00,2011-11-29 11:50:00,5,1614.31,860,11,5,1614.31,Active,1614.31
16996,2010-12-21 13:22:00,2011-11-09 16:43:00,6,1456.96,544,30,6,1456.96,Active,1456.96
16997,2011-01-18 11:51:00,2011-02-24 17:28:00,3,702.0,360,288,3,702.0,Churned,702.0
16998,2011-02-08 15:42:00,2011-07-13 09:44:00,4,295.0,76,150,4,295.0,Churned,295.0
16999,2011-09-26 15:43:00,2011-11-16 13:53:00,2,484.82,294,23,2,484.82,Active,484.82
17001,2010-12-16 09:35:00,2011-12-09 09:38:00,11,3989.57,2164,1,11,3989.57,Active,3989.57
17002,2011-02-22 11:46:00,2011-09-15 12:40:00,3,1493.73,679,86,3,1493.73,At Risk,1493.73
17004,2011-09-08 12:16:00,2011-10-24 14:25:00,2,1412.94,819,46,2,1412.94,At Risk,1412.94
17006,2011-09-25 12:15:00,2011-12-05 12:09:00,4,781.78,272,5,4,781.78,Active,781.78
17007,2010-12-17 13:57:00,2011-10-20 10:47:00,6,889.9300000000001,597,51,6,889.9300000000001,At Risk,889.9300000000001
17010,2011-11-21 14:49:00,2011-11-21 14:49:00,1,195.36,118,18,1,195.36,Active,195.36
17011,2011-11-09 13:30:00,2011-11-09 13:30:00,1,270.9,186,30,1,270.9,Active,270.9
17014,2011-10-04 11:36:00,2011-12-01 14:09:00,3,586.33,245,8,3,586.33,Active,586.33
17015,2011-06-07 13:19:00,2011-11-11 10:45:00,3,1842.56,1981,29,3,1842.56,Active,1842.56
17017,2010-12-02 10:17:00,2011-12-07 09:32:00,20,8694.26,6673,3,20,8694.26,Active,8694.26
17018,2011-01-18 08:46:00,2011-10-30 11:42:00,2,920.1,176,41,2,920.1,At Risk,920.1
17019,2010-12-06 12:55:00,2011-11-28 13:06:00,4,1272.61,827,11,4,1272.61,Active,1272.61
17022,2011-11-08 17:09:00,2011-11-08 17:09:00,1,71.0,108,31,1,71.0,At Risk,71.0
17024,2011-07-05 09:31:00,2011-10-25 13:47:00,3,95.85,69,45,3,95.85,At Risk,95.85
17025,2010-12-01 15:45:00,2011-10-10 09:06:00,3,357.77,235,61,3,357.77,At Risk,357.77
17026,2010-12-05 12:47:00,2011-06-07 14:28:00,2,154.83,97,185,2,154.83,Churned,154.83
17027,2011-01-26 14:19:00,2011-09-22 12:24:00,6,890.29,421,79,6,890.29,At Risk,890.29
17029,2011-04-17 10:57:00,2011-08-21 11:06:00,2,716.0,400,111,2,716.0,Churned,716.0
17030,2011-10-07 08:49:00,2011-10-07 08:49:00,1,146.87,146,64,1,146.87,At Risk,146.87
17031,2011-07-08 09:38:00,2011-11-28 10:23:00,2,380.35,235,12,2,380.35,Active,380.35
17033,2010-12-15 13:21:00,2011-09-14 14:34:00,3,1030.14,750,86,3,1030.14,At Risk,1030.14
17034,2011-02-25 10:10:00,2011-11-23 15:14:00,3,745.52,410,16,3,745.52,Active,745.52
17035,2011-02-01 12:27:00,2011-04-08 11:23:00,2,433.53000000000003,229,246,2,433.53000000000003,Churned,433.53000000000003
17037,2011-09-13 12:49:00,2011-09-13 12:49:00,1,1267.32,656,88,1,1267.32,At Risk,1267.32
17038,2011-11-09 13:50:00,2011-11-09 13:50:00,1,112.4,28,30,1,112.4,Active,112.4
17040,2011-07-25 10:19:00,2011-07-25 10:19:00,1,449.73,181,138,1,449.73,Churned,449.73
17041,2010-12-14 11:43:00,2011-11-13 11:21:00,3,1081.57,951,27,3,1081.57,Active,1081.57
17042,2011-04-06 14:53:00,2011-12-07 12:26:00,5,1044.38,994,3,5,1044.38,Active,1044.38
17043,2011-03-18 14:53:00,2011-11-07 15:33:00,4,1735.18,998,32,4,1735.18,At Risk,1735.18
17044,2011-11-14 14:28:00,2011-11-14 14:28:00,1,948.48,504,25,1,948.48,Active,948.48
17045,2011-04-06 12:08:00,2011-08-18 17:09:00,3,339.44,106,113,3,339.44,Churned,339.44
17046,2011-07-05 14:24:00,2011-07-05 14:24:00,1,642.02,510,157,1,642.02,Churned,642.02
17047,2011-05-18 16:50:00,2011-09-15 13:27:00,3,1100.9,533,85,3,1100.9,At Risk,1100.9
17048,2011-01-12 16:51:00,2011-08-14 11:49:00,3,925.35,485,118,3,925.35,Churned,925.35
17049,2011-03-09 08:33:00,2011-12-07 10:48:00,9,5659.9800000000005,2676,3,9,5659.9800000000005,Active,5659.9800000000005
17050,2011-02-13 12:41:00,2011-09-04 13:48:00,6,3228.84,1614,96,6,3228.84,Churned,3228.84
17051,2011-05-29 14:13:00,2011-05-29 14:13:00,1,247.14,184,194,1,247.14,Churned,247.14
17052,2011-11-11 14:50:00,2011-11-11 14:50:00,1,413.75,261,28,1,413.75,Active,413.75
17053,2011-08-01 10:23:00,2011-08-01 10:23:00,1,498.48,122,131,1,498.48,Churned,498.48
17054,2011-04-08 13:14:00,2011-11-11 12:56:00,5,1356.33,804,28,5,1356.33,Active,1356.33
17058,2011-04-14 09:18:00,2011-09-19 10:13:00,3,1179.89,592,82,3,1179.89,At Risk,1179.89
17059,2010-12-05 12:35:00,2011-11-10 12:27:00,5,3095.04,1855,30,5,3095.04,Active,3095.04
17060,2011-03-18 13:27:00,2011-03-18 13:27:00,1,234.24,216,266,1,234.24,Churned,234.24
17061,2011-04-21 13:29:00,2011-09-27 11:24:00,11,5232.2300000000005,1526,74,11,5232.2300000000005,At Risk,5232.2300000000005
17062,2010-12-05 11:59:00,2011-01-30 11:01:00,4,538.37,430,314,4,538.37,Churned,538.37
17063,2011-02-23 13:44:00,2011-11-18 16:19:00,7,1461.14,770,21,7,1461.14,Active,1461.14
17064,2011-01-16 16:10:00,2011-10-12 10:18:00,3,859.35,318,59,3,859.35,At Risk,859.35
17068,2010-12-06 13:58:00,2011-11-27 13:14:00,21,4552.14,2164,12,21,4552.14,Active,4552.14
17069,2010-12-01 16:49:00,2011-11-11 17:13:00,9,2709.7000000000003,1506,28,9,2709.7000000000003,Active,2709.7000000000003
17070,2011-08-17 17:01:00,2011-08-17 17:01:00,1,312.14,133,114,1,312.14,Churned,312.14
17071,2011-02-03 08:18:00,2011-11-11 16:31:00,9,2429.03,1197,28,9,2429.03,Active,2429.03
17073,2011-08-22 14:37:00,2011-11-22 11:47:00,4,1446.09,759,18,4,1446.09,Active,1446.09
17075,2011-01-26 13:20:00,2011-11-22 11:58:00,4,834.12,292,18,4,834.12,Active,834.12
17076,2010-12-10 10:08:00,2011-11-03 17:53:00,3,841.0799999999999,295,36,3,841.0799999999999,At Risk,841.0799999999999
17078,2011-11-03 18:49:00,2011-11-03 19:17:00,2,378.2,788,36,2,378.2,At Risk,378.2
17079,2011-09-22 15:34:00,2011-09-22 15:34:00,1,118.80000000000001,24,78,1,118.80000000000001,At Risk,118.80000000000001
17080,2011-03-15 12:05:00,2011-11-17 12:59:00,2,287.62,166,22,2,287.62,Active,287.62
17081,2011-10-24 13:08:00,2011-11-14 12:56:00,2,290.16,78,25,2,290.16,Active,290.16
17082,2011-01-25 14:36:00,2011-11-06 15:17:00,2,2003.8500000000001,1049,33,2,2003.8500000000001,At Risk,2003.8500000000001
17083,2011-02-09 11:38:00,2011-08-22 15:43:00,3,1405.78,772,109,3,1405.78,Churned,1405.78
17084,2011-11-04 14:49:00,2011-11-04 14:54:00,2,2949.75,1816,35,2,2949.75,At Risk,2949.75
17085,2010-12-12 12:24:00,2011-08-08 14:15:00,5,1566.65,786,123,5,1566.65,Churned,1566.65
17086,2011-10-07 11:22:00,2011-12-02 13:54:00,6,2050.08,1859,7,6,2050.08,Active,2050.08
17088,2011-03-31 09:48:00,2011-11-11 14:23:00,4,1991.01,868,28,4,1991.01,Active,1991.01
17090,2010-12-20 13:52:00,2011-12-05 13:44:00,7,2043.95,921,4,7,2043.95,Active,2043.95
17091,2010-12-07 09:55:00,2011-12-07 10:43:00,9,3827.76,1746,3,9,3827.76,Active,3827.76
17092,2011-03-07 14:51:00,2011-10-20 19:51:00,4,1777.78,1131,50,4,1777.78,At Risk,1777.78
17094,2011-01-21 13:09:00,2011-01-21 13:09:00,1,302.0,152,322,1,302.0,Churned,302.0
17095,2011-01-09 11:05:00,2011-11-17 12:21:00,3,1324.16,618,23,3,1324.16,Active,1324.16
17096,2011-03-23 12:05:00,2011-11-24 15:01:00,4,1022.13,339,15,4,1022.13,Active,1022.13
17097,2010-12-09 14:55:00,2011-12-07 17:05:00,8,954.42,459,2,8,954.42,Active,954.42
17100,2011-11-21 16:36:00,2011-11-21 16:36:00,2,971.74,800,18,2,971.74,Active,971.74
17101,2011-06-14 14:49:00,2011-11-29 13:57:00,4,1621.73,815,10,4,1621.73,Active,1621.73
17102,2011-03-23 10:08:00,2011-03-23 10:08:00,1,25.5,2,262,1,25.5,Churned,25.5
17105,2011-02-06 14:46:00,2011-07-03 15:53:00,2,665.78,693,159,2,665.78,Churned,665.78
17107,2011-03-06 15:17:00,2011-11-06 14:14:00,6,10815.43,4837,33,6,10815.43,At Risk,10815.43
17109,2011-04-21 15:46:00,2011-11-10 16:59:00,6,885.04,589,29,6,885.04,Active,885.04
17110,2011-06-27 12:58:00,2011-06-27 12:58:00,1,163.29999999999998,50,165,1,163.29999999999998,Churned,163.29999999999998
17111,2011-10-23 15:59:00,2011-10-23 15:59:00,1,248.61,302,47,1,248.61,At Risk,248.61
17114,2011-01-09 11:39:00,2011-12-04 12:17:00,8,808.62,219,6,8,808.62,Active,808.62
17115,2011-04-20 14:46:00,2011-12-01 14:30:00,3,837.5,372,8,3,837.5,Active,837.5
17117,2011-02-24 13:54:00,2011-02-24 13:54:00,1,116.2,68,288,1,116.2,Churned,116.2
17118,2011-01-26 12:19:00,2011-01-26 12:19:00,1,157.02,154,318,1,157.02,Churned,157.02
17119,2011-10-11 11:03:00,2011-12-06 14:40:00,2,606.91,334,3,2,606.91,Active,606.91
17120,2011-04-20 15:21:00,2011-04-20 15:21:00,1,307.46,120,233,1,307.46,Churned,307.46
17122,2011-08-12 14:33:00,2011-08-12 14:33:00,1,138.32,80,119,1,138.32,Churned,138.32
17123,2011-07-01 10:47:00,2011-07-01 10:47:00,1,345.3,246,162,1,345.3,Churned,345.3
17124,2011-06-07 14:02:00,2011-06-07 14:02:00,1,298.89,130,185,1,298.89,Churned,298.89
17125,2011-10-20 14:41:00,2011-10-20 14:41:00,1,259.35,291,50,1,259.35,At Risk,259.35
17126,2010-12-12 11:26:00,2011-07-10 13:52:00,5,1004.75,792,152,5,1004.75,Churned,1004.75
17128,2011-01-09 12:02:00,2011-01-09 12:02:00,1,157.09,76,335,1,157.09,Churned,157.09
17131,2011-09-25 12:42:00,2011-12-04 12:52:00,5,2463.17,983,5,5,2463.17,Active,2463.17
17133,2011-03-18 13:47:00,2011-11-24 12:27:00,7,4892.240000000001,2730,16,7,4892.240000000001,Active,4892.240000000001
17134,2011-03-20 11:56:00,2011-08-25 09:53:00,2,425.0,102,107,2,425.0,Churned,425.0
17135,2010-12-03 09:31:00,2011-11-23 16:48:00,7,1139.73,1224,16,7,1139.73,Active,1139.73
17138,2011-03-09 11:54:00,2011-03-09 11:54:00,1,380.5,126,276,1,380.5,Churned,380.5
17139,2011-02-24 09:32:00,2011-11-24 10:12:00,12,10668.47,5182,16,12,10668.47,Active,10668.47
17140,2011-04-06 13:33:00,2011-04-06 13:33:00,1,465.32,302,247,1,465.32,Churned,465.32
17142,2011-04-14 18:22:00,2011-04-14 18:22:00,1,579.0,81,239,1,579.0,Churned,579.0
17144,2011-09-16 12:50:00,2011-12-08 17:57:00,2,984.57,483,1,2,984.57,Active,984.57
17146,2010-12-16 12:20:00,2011-08-26 12:44:00,3,749.78,212,106,3,749.78,Churned,749.78
17147,2011-02-01 09:36:00,2011-11-17 12:32:00,4,1714.59,882,23,4,1714.59,Active,1714.59
17148,2011-10-19 09:59:00,2011-10-19 09:59:00,1,124.88,82,52,1,124.88,At Risk,124.88
17152,2011-03-21 16:20:00,2011-05-29 12:19:00,3,1689.5,517,195,3,1689.5,Churned,1689.5
17153,2011-11-15 13:42:00,2011-11-15 13:42:00,1,213.78,104,24,1,213.78,Active,213.78
17154,2011-09-25 13:42:00,2011-09-25 13:42:00,1,329.34,490,75,1,329.34,At Risk,329.34
17155,2011-06-15 10:22:00,2011-11-22 12:38:00,2,251.7,242,18,2,251.7,Active,251.7
17157,2011-06-16 15:08:00,2011-12-02 09:10:00,2,319.0,172,8,2,319.0,Active,319.0
17158,2010-12-14 13:03:00,2011-11-07 15:15:00,3,1266.97,778,32,3,1266.97,At Risk,1266.97
17159,2011-06-21 09:49:00,2011-11-18 10:52:00,3,1538.88,1111,22,3,1538.88,Active,1538.88
17160,2011-04-12 12:00:00,2011-11-08 14:05:00,6,3518.03,2856,31,6,3518.03,At Risk,3518.03
17162,2011-02-07 12:27:00,2011-11-11 11:34:00,10,1715.46,1001,29,10,1715.46,Active,1715.46
17163,2011-09-22 15:54:00,2011-11-18 08:57:00,2,293.1,66,22,2,293.1,Active,293.1
17164,2011-03-11 14:26:00,2011-11-07 09:14:00,7,2467.35,1501,33,7,2467.35,At Risk,2467.35
17165,2011-02-28 16:39:00,2011-02-28 16:39:00,1,158.68,100,284,1,158.68,Churned,158.68
17166,2011-05-20 08:18:00,2011-11-01 09:46:00,2,206.34,78,39,2,206.34,At Risk,206.34
17169,2011-06-09 13:16:00,2011-10-13 10:25:00,2,835.78,526,58,2,835.78,At Risk,835.78
17171,2011-02-23 16:37:00,2011-02-23 16:37:00,1,224.91,185,289,1,224.91,Churned,224.91
17172,2011-09-22 09:36:00,2011-09-22 09:36:00,1,317.76,480,79,1,317.76,At Risk,317.76
17173,2011-07-31 15:26:00,2011-12-04 14:40:00,8,3766.6,1122,5,8,3766.6,Active,3766.6
17174,2011-05-06 11:47:00,2011-05-06 11:47:00,1,59.9,41,218,1,59.9,Churned,59.9
17175,2011-02-16 14:56:00,2011-10-26 15:31:00,4,1443.69,866,44,4,1443.69,At Risk,1443.69
17176,2011-05-22 12:41:00,2011-05-22 12:41:00,1,306.13,170,202,1,306.13,Churned,306.13
17179,2010-12-13 14:24:00,2011-06-14 16:48:00,3,711.79,290,178,3,711.79,Churned,711.79
17180,2011-01-27 18:05:00,2011-10-14 15:46:00,4,796.03,683,56,4,796.03,At Risk,796.03
17181,2010-12-01 12:38:00,2011-10-13 14:48:00,2,239.92000000000002,241,57,2,239.92000000000002,At Risk,239.92000000000002
17183,2011-08-26 15:25:00,2011-12-02 10:07:00,6,3347.31,1296,8,6,3347.31,Active,3347.31
17186,2011-10-10 12:52:00,2011-10-24 10:20:00,2,144.0,200,47,2,144.0,At Risk,144.0
17187,2011-04-27 12:39:00,2011-04-27 12:39:00,1,203.95,144,227,1,203.95,Churned,203.95
17188,2010-12-12 12:56:00,2011-11-28 13:53:00,7,2474.23,1328,11,7,2474.23,Active,2474.23
17189,2010-12-15 17:28:00,2011-08-25 19:39:00,2,384.4,227,106,2,384.4,Churned,384.4
17190,2011-05-16 15:29:00,2011-10-12 11:33:00,2,444.74,161,59,2,444.74,At Risk,444.74
17191,2010-12-06 14:36:00,2011-11-11 16:58:00,7,2095.13,1167,28,7,2095.13,Active,2095.13
17193,2011-06-16 10:04:00,2011-11-04 12:47:00,7,1699.3,1254,36,7,1699.3,At Risk,1699.3
17194,2010-12-14 12:06:00,2011-03-11 12:05:00,2,262.62,119,274,2,262.62,Churned,262.62
17197,2011-11-10 10:32:00,2011-11-10 10:32:00,1,1013.01,191,30,1,1013.01,Active,1013.01
17198,2010-12-03 14:54:00,2011-11-16 10:39:00,3,692.22,357,24,3,692.22,Active,692.22
17201,2011-10-17 11:55:00,2011-10-17 11:55:00,1,342.63,268,54,1,342.63,At Risk,342.63
17203,2011-10-10 14:37:00,2011-11-04 12:27:00,6,3563.85,2850,36,6,3563.85,At Risk,3563.85
17204,2011-03-21 12:42:00,2011-06-17 14:46:00,4,1564.56,646,175,4,1564.56,Churned,1564.56
17205,2011-10-17 12:46:00,2011-10-17 12:46:00,1,384.08,884,54,1,384.08,At Risk,384.08
17206,2011-10-17 13:25:00,2011-10-17 13:25:00,1,204.24,76,53,1,204.24,At Risk,204.24
17211,2010-12-05 12:44:00,2011-11-13 12:03:00,8,2317.2200000000003,1323,27,8,2317.2200000000003,Active,2317.2200000000003
17212,2011-03-31 19:42:00,2011-03-31 19:42:00,1,226.85,147,253,1,226.85,Churned,226.85
17213,2010-12-08 13:03:00,2011-10-30 14:53:00,7,2781.23,1176,40,7,2781.23,At Risk,2781.23
17214,2010-12-15 15:14:00,2011-10-10 13:17:00,6,1069.1200000000001,276,60,6,1069.1200000000001,At Risk,1069.1200000000001
17217,2011-04-19 17:19:00,2011-04-19 17:19:00,1,113.5,24,234,1,113.5,Churned,113.5
17218,2010-12-06 15:25:00,2011-12-05 13:52:00,10,1960.72,958,4,10,1960.72,Active,1960.72
17219,2011-11-08 11:25:00,2011-11-08 11:25:00,1,114.23,89,32,1,114.23,At Risk,114.23
17220,2010-12-10 14:54:00,2011-11-15 13:47:00,14,3198.25,1905,24,14,3198.25,Active,3198.25
17221,2011-11-03 17:39:00,2011-12-02 13:35:00,2,335.13,288,7,2,335.13,Active,335.13
17222,2011-10-05 13:58:00,2011-10-05 13:58:00,1,354.15,128,65,1,354.15,At Risk,354.15
17223,2010-12-06 14:08:00,2011-02-02 15:57:00,2,426.79,112,310,2,426.79,Churned,426.79
17226,2011-02-04 11:52:00,2011-02-04 11:52:00,1,393.49,406,309,1,393.49,Churned,393.49
17227,2010-12-06 11:16:00,2011-11-21 10:51:00,6,939.32,741,19,6,939.32,Active,939.32
17228,2010-12-02 16:00:00,2011-11-24 10:24:00,8,1906.09,1532,16,8,1906.09,Active,1906.09
17229,2011-07-20 12:38:00,2011-09-04 13:56:00,2,318.76,185,96,2,318.76,Churned,318.76
17230,2010-12-15 11:22:00,2011-03-20 16:12:00,8,3638.41,1651,264,8,3638.41,Churned,3638.41
17231,2010-12-13 14:16:00,2011-11-27 15:18:00,10,3174.32,1742,12,10,3174.32,Active,3174.32
17232,2011-11-25 12:24:00,2011-12-07 12:21:00,2,421.52,203,3,2,421.52,Active,421.52
17233,2011-11-04 14:06:00,2011-11-04 14:06:00,1,190.88,131,35,1,190.88,At Risk,190.88
17234,2011-06-10 11:20:00,2011-06-10 11:20:00,1,149.89,55,183,1,149.89,Churned,149.89
17235,2010-12-02 13:38:00,2011-11-14 15:51:00,2,550.0600000000001,224,25,2,550.0600000000001,Active,550.0600000000001
17236,2010-12-12 11:49:00,2011-11-27 12:00:00,6,916.13,474,13,6,916.13,Active,916.13
17237,2011-11-17 12:55:00,2011-11-28 15:02:00,2,314.69,105,11,2,314.69,Active,314.69
17238,2010-12-03 15:05:00,2011-12-07 11:35:00,17,3744.65,1822,3,17,3744.65,Active,3744.65
17239,2011-01-31 09:41:00,2011-01-31 09:41:00,1,382.5,150,313,1,382.5,Churned,382.5
17242,2011-06-12 13:04:00,2011-08-23 14:55:00,2,1135.04,611,108,2,1135.04,Churned,1135.04
17243,2010-12-05 10:03:00,2011-12-08 13:26:00,26,8676.85,3370,1,26,8676.85,Active,8676.85
17244,2011-10-17 15:19:00,2011-10-17 15:19:00,1,954.9,616,53,1,954.9,At Risk,954.9
17245,2011-05-19 10:43:00,2011-05-19 10:43:00,1,171.45000000000002,75,205,1,171.45000000000002,Churned,171.45000000000002
17247,2011-11-24 15:21:00,2011-11-24 15:21:00,1,282.19,106,15,1,282.19,Active,282.19
17248,2011-08-11 13:34:00,2011-08-11 13:34:00,1,318.65,213,120,1,318.65,Churned,318.65
17250,2011-03-23 16:45:00,2011-12-06 12:15:00,2,384.52,168,4,2,384.52,Active,384.52
17251,2010-12-12 11:06:00,2010-12-12 11:06:00,1,283.28000000000003,110,363,1,283.28000000000003,Churned,283.28000000000003
17252,2011-06-06 16:41:00,2011-08-15 09:45:00,2,353.86,193,117,2,353.86,Churned,353.86
17253,2011-11-21 12:59:00,2011-11-21 12:59:00,1,178.26,43,18,1,178.26,Active,178.26
17254,2011-11-24 14:09:00,2011-12-05 12:46:00,2,272.44,252,5,2,272.44,Active,272.44
17255,2011-02-13 15:18:00,2011-10-30 12:18:00,2,298.41,232,41,2,298.41,At Risk,298.41
17256,2011-01-31 14:53:00,2011-08-24 13:30:00,2,240.0,141,107,2,240.0,Churned,240.0
17259,2010-12-06 12:55:00,2011-07-14 15:01:00,2,603.37,410,148,2,603.37,Churned,603.37
17262,2010-12-08 13:30:00,2011-10-18 12:56:00,5,1253.3600000000001,367,52,5,1253.3600000000001,At Risk,1253.3600000000001
17263,2011-05-15 14:32:00,2011-05-15 14:32:00,1,63.440000000000005,36,208,1,63.440000000000005,Churned,63.440000000000005
17265,2011-06-12 12:00:00,2011-07-24 10:49:00,2,562.9,394,139,2,562.9,Churned,562.9
17266,2011-07-15 11:57:00,2011-12-07 14:12:00,3,310.64,161,2,3,310.64,Active,310.64
17267,2011-08-04 17:19:00,2011-08-04 17:22:00,2,317.62,159,127,2,317.62,Churned,317.62
17268,2011-04-08 13:20:00,2011-08-24 10:06:00,4,763.64,844,108,4,763.64,Churned,763.64
17272,2011-03-22 12:05:00,2011-10-28 16:37:00,4,2148.63,1778,42,4,2148.63,At Risk,2148.63
17274,2011-11-04 13:16:00,2011-11-04 13:16:00,1,111.98,79,35,1,111.98,At Risk,111.98
17277,2011-01-21 12:37:00,2011-04-26 12:47:00,2,1065.3500000000001,430,228,2,1065.3500000000001,Churned,1065.3500000000001
17278,2011-04-12 13:10:00,2011-04-12 13:10:00,1,246.04000000000002,179,241,1,246.04000000000002,Churned,246.04000000000002
17279,2011-10-13 11:58:00,2011-10-13 11:58:00,1,187.82999999999998,48,58,1,187.82999999999998,At Risk,187.82999999999998
17282,2011-02-13 11:36:00,2011-08-01 14:29:00,3,1703.41,1877,130,3,1703.41,Churned,1703.41
17284,2011-01-07 14:31:00,2011-10-10 14:38:00,6,1652.58,1364,60,6,1652.58,At Risk,1652.58
17286,2011-11-18 12:47:00,2011-11-18 12:47:00,1,153.92,118,22,1,153.92,Active,153.92
17287,2010-12-02 12:22:00,2011-11-13 13:27:00,7,1064.11,559,26,7,1064.11,Active,1064.11
17288,2010-12-16 13:33:00,2011-11-30 16:09:00,7,1419.73,1203,9,7,1419.73,Active,1419.73
17289,2011-06-12 13:51:00,2011-11-08 12:01:00,3,944.41,520,32,3,944.41,At Risk,944.41
17290,2011-11-23 15:53:00,2011-12-06 12:38:00,2,525.24,404,4,2,525.24,Active,525.24
17291,2011-02-04 13:04:00,2011-02-04 13:04:00,1,550.8000000000001,72,308,1,550.8000000000001,Churned,550.8000000000001
17293,2010-12-13 14:55:00,2011-12-01 14:37:00,9,1875.11,1140,8,9,1875.11,Active,1875.11
17295,2011-10-06 12:22:00,2011-11-11 10:49:00,3,556.95,294,29,3,556.95,Active,556.95
17297,2011-11-22 14:43:00,2011-11-22 14:43:00,1,131.78,67,17,1,131.78,Active,131.78
17298,2011-08-07 12:21:00,2011-08-30 16:43:00,2,498.42,387,101,2,498.42,Churned,498.42
17299,2011-06-19 16:04:00,2011-11-28 12:01:00,4,669.11,678,12,4,669.11,Active,669.11
17301,2011-11-18 13:43:00,2011-11-18 13:43:00,1,197.63,149,21,1,197.63,Active,197.63
17302,2011-02-07 10:14:00,2011-11-25 09:36:00,5,1135.63,575,15,5,1135.63,Active,1135.63
17303,2010-12-13 13:32:00,2010-12-13 13:32:00,1,250.04,144,361,1,250.04,Churned,250.04
17306,2010-12-21 13:34:00,2011-11-29 12:14:00,19,8631.31,11491,11,19,8631.31,Active,8631.31
17309,2011-09-05 15:20:00,2011-09-05 15:20:00,1,82.75,41,95,1,82.75,Churned,82.75
17311,2011-01-27 10:56:00,2011-09-22 14:11:00,2,1384.85,1005,78,2,1384.85,At Risk,1384.85
17312,2011-07-03 13:12:00,2011-07-24 11:52:00,3,644.3,372,139,3,644.3,Churned,644.3
17313,2011-11-08 15:45:00,2011-11-08 15:45:00,1,2328.84,1402,31,1,2328.84,At Risk,2328.84
17314,2011-01-31 11:25:00,2011-11-15 09:41:00,8,2527.92,1896,25,8,2527.92,Active,2527.92
17315,2010-12-17 12:24:00,2011-12-08 12:15:00,38,6292.26,3888,2,38,6292.26,Active,6292.26
17317,2011-09-11 12:45:00,2011-10-24 17:19:00,3,2600.34,1146,46,3,2600.34,At Risk,2600.34
17320,2010-12-06 15:38:00,2011-08-31 13:31:00,3,1200.6200000000001,634,100,3,1200.6200000000001,Churned,1200.6200000000001
17321,2011-10-03 11:34:00,2011-12-01 13:41:00,2,700.86,373,8,2,700.86,Active,700.86
17323,2011-02-20 14:38:00,2011-11-24 17:29:00,7,921.0699999999999,776,15,7,921.0699999999999,Active,921.0699999999999
17324,2010-12-08 12:45:00,2011-11-22 10:34:00,4,990.23,844,18,4,990.23,Active,990.23
17325,2011-03-04 13:09:00,2011-03-04 13:09:00,1,96.8,60,280,1,96.8,Churned,96.8
17329,2011-01-28 15:29:00,2011-11-25 14:24:00,2,523.11,142,14,2,523.11,Active,523.11
17330,2011-10-03 11:26:00,2011-11-17 08:56:00,2,363.9,120,23,2,363.9,Active,363.9
17331,2011-08-08 11:55:00,2011-08-08 11:55:00,1,175.2,16,124,1,175.2,Churned,175.2
17333,2011-09-15 10:11:00,2011-09-15 10:11:00,1,494.25,375,86,1,494.25,At Risk,494.25
17334,2011-02-04 09:03:00,2011-02-10 14:59:00,2,307.02000000000004,315,302,2,307.02000000000004,Churned,307.02000000000004
17337,2011-02-02 17:06:00,2011-07-11 14:55:00,4,2027.8700000000001,1269,151,4,2027.8700000000001,Churned,2027.8700000000001
17338,2010-12-13 12:57:00,2011-11-22 14:23:00,8,6643.93,3128,17,8,6643.93,Active,6643.93
17339,2010-12-09 14:44:00,2011-09-06 13:29:00,2,243.36,152,94,2,243.36,Churned,243.36
17340,2010-12-08 15:56:00,2011-11-10 10:45:00,11,12353.29,5967,30,11,12353.29,Active,12353.29
17341,2010-12-08 12:46:00,2011-07-06 12:33:00,3,781.36,489,157,3,781.36,Churned,781.36
17343,2010-12-19 15:07:00,2010-12-19 15:07:00,1,193.64,56,355,1,193.64,Churned,193.64
17344,2011-10-24 12:56:00,2011-10-24 12:56:00,1,160.57,66,46,1,160.57,At Risk,160.57
17345,2011-05-27 12:26:00,2011-11-24 15:03:00,4,537.74,346,15,4,537.74,Active,537.74
17346,2010-12-01 14:34:00,2011-12-06 12:18:00,15,2676.56,1657,4,15,2676.56,Active,2676.56
17347,2011-09-14 13:12:00,2011-09-14 13:12:00,1,228.96,216,86,1,228.96,At Risk,228.96
17348,2011-02-15 10:49:00,2011-11-25 11:25:00,5,1159.52,1401,15,5,1159.52,Active,1159.52
17349,2011-06-13 14:29:00,2011-06-13 14:29:00,1,110.75,112,179,1,110.75,Churned,110.75
17350,2011-10-19 16:05:00,2011-12-01 15:47:00,4,1286.07,795,8,4,1286.07,Active,1286.07
17351,2011-03-11 16:05:00,2011-11-03 18:45:00,3,587.15,113,36,3,587.15,At Risk,587.15
17353,2011-07-08 16:17:00,2011-08-02 17:19:00,2,1740.0,1200,129,2,1740.0,Churned,1740.0
17354,2011-10-20 10:34:00,2011-10-20 10:34:00,1,1393.06,1006,51,1,1393.06,At Risk,1393.06
17356,2011-02-01 11:07:00,2011-02-01 11:07:00,1,178.22,166,312,1,178.22,Churned,178.22
17357,2011-11-15 16:29:00,2011-11-15 16:30:00,2,388.14,153,24,2,388.14,Active,388.14
17358,2010-12-19 14:16:00,2011-02-09 16:57:00,2,365.85,202,303,2,365.85,Churned,365.85
17359,2011-11-28 14:37:00,2011-11-28 14:37:00,1,127.86,161,11,1,127.86,Active,127.86
17360,2011-06-08 17:09:00,2011-11-22 13:11:00,3,585.79,335,17,3,585.79,Active,585.79
17361,2011-02-21 09:55:00,2011-10-21 15:43:00,3,488.2,157,49,3,488.2,At Risk,488.2
17362,2011-02-03 10:26:00,2011-04-14 14:43:00,2,312.23,191,239,2,312.23,Churned,312.23
17364,2011-01-12 16:57:00,2011-12-09 09:00:00,11,4481.18,2701,1,11,4481.18,Active,4481.18
17365,2011-01-11 12:11:00,2011-11-27 12:13:00,8,4801.56,4777,13,8,4801.56,Active,4801.56
17367,2011-04-15 14:21:00,2011-04-15 14:21:00,1,168.4,150,238,1,168.4,Churned,168.4
17368,2011-01-06 11:57:00,2011-11-16 15:26:00,8,1912.67,1391,23,8,1912.67,Active,1912.67
17370,2011-06-23 11:50:00,2011-09-28 10:14:00,4,446.18,540,73,4,446.18,At Risk,446.18
17371,2010-12-13 15:20:00,2011-11-22 13:30:00,3,423.89,152,17,3,423.89,Active,423.89
17372,2010-12-12 12:00:00,2011-10-30 11:37:00,8,1342.68,749,41,8,1342.68,At Risk,1342.68
17373,2011-01-31 11:46:00,2011-10-30 15:28:00,4,646.92,408,40,4,646.92,At Risk,646.92
17374,2011-03-03 12:53:00,2011-05-05 09:05:00,2,495.77,85,219,2,495.77,Churned,495.77
17375,2010-12-13 15:16:00,2011-05-24 15:45:00,3,400.1,367,199,3,400.1,Churned,400.1
17376,2011-02-01 14:12:00,2011-09-30 12:36:00,2,203.2,86,71,2,203.2,At Risk,203.2
17377,2010-12-01 12:35:00,2011-11-16 11:17:00,20,4100.92,2076,24,20,4100.92,Active,4100.92
17379,2011-11-28 13:56:00,2011-11-28 13:56:00,1,404.66,663,11,1,404.66,Active,404.66
17381,2010-12-02 12:58:00,2011-12-01 11:59:00,29,20275.61,25649,9,29,20275.61,Active,20275.61
17382,2011-10-05 13:05:00,2011-10-05 13:05:00,1,65.4,25,65,1,65.4,At Risk,65.4
17383,2011-12-05 17:36:00,2011-12-05 17:36:00,1,199.29,150,4,1,199.29,Active,199.29
17384,2011-05-04 16:07:00,2011-11-20 15:48:00,2,336.4,88,19,2,336.4,Active,336.4
17385,2011-11-25 11:02:00,2011-11-25 11:02:00,1,261.11,201,15,1,261.11,Active,261.11
17386,2011-06-27 12:11:00,2011-12-02 11:28:00,6,2686.42,1902,8,6,2686.42,Active,2686.42
17387,2011-11-06 11:25:00,2011-11-20 11:00:00,2,784.11,542,20,2,784.11,Active,784.11
17388,2011-02-25 12:28:00,2011-09-23 10:31:00,4,1259.56,1068,78,4,1259.56,At Risk,1259.56
17389,2011-01-12 15:48:00,2011-12-09 09:38:00,34,31833.68,7612,1,34,31833.68,Active,31833.68
17391,2011-06-28 12:21:00,2011-06-29 09:58:00,2,508.8,480,164,2,508.8,Churned,508.8
17392,2010-12-16 19:04:00,2011-02-06 12:48:00,2,457.91,320,307,2,457.91,Churned,457.91
17394,2011-05-04 13:22:00,2011-05-04 13:22:00,1,203.86999999999998,241,219,1,203.86999999999998,Churned,203.86999999999998
17396,2010-12-03 09:45:00,2011-10-31 14:12:00,8,7330.8,2005,39,8,7330.8,At Risk,7330.8
17397,2011-11-17 13:58:00,2011-11-17 14:08:00,2,696.41,254,22,2,696.41,Active,696.41
17398,2011-03-29 13:04:00,2011-08-17 09:48:00,3,653.38,310,115,3,653.38,Churned,653.38
17400,2010-12-21 17:16:00,2011-08-05 15:38:00,5,2129.96,1097,126,5,2129.96,Churned,2129.96
17402,2010-12-05 13:53:00,2011-12-05 10:15:00,13,2633.85,701,5,13,2633.85,Active,2633.85
17403,2011-11-03 15:18:00,2011-11-03 15:18:00,1,281.62,117,36,1,281.62,At Risk,281.62
17404,2010-12-14 13:28:00,2011-12-05 16:26:00,15,31906.82,32748,4,15,31906.82,Active,31906.82
17405,2011-07-12 14:17:00,2011-12-08 17:12:00,3,1031.41,726,1,3,1031.41,Active,1031.41
17406,2010-12-08 10:35:00,2011-01-10 15:07:00,3,2200.42,787,333,3,2200.42,Churned,2200.42
17408,2011-06-29 12:53:00,2011-06-29 12:53:00,1,32.65,3,163,1,32.65,Churned,32.65
17409,2011-04-05 16:42:00,2011-06-08 10:36:00,2,771.85,105,185,2,771.85,Churned,771.85
17410,2011-05-08 15:21:00,2011-11-23 15:46:00,5,1214.72,616,16,5,1214.72,Active,1214.72
17411,2011-03-23 13:44:00,2011-11-27 14:25:00,3,778.94,306,12,3,778.94,Active,778.94
17412,2010-12-02 16:29:00,2011-12-07 11:36:00,7,1258.06,738,3,7,1258.06,Active,1258.06
17414,2011-06-08 11:43:00,2011-10-27 12:13:00,2,778.0,2100,44,2,778.0,At Risk,778.0
17415,2011-09-21 12:50:00,2011-09-21 12:50:00,1,507.84,114,80,1,507.84,At Risk,507.84
17416,2011-03-03 13:45:00,2011-11-10 12:47:00,7,6893.42,4302,30,7,6893.42,Active,6893.42
17418,2011-01-20 11:39:00,2011-10-28 13:00:00,2,463.46000000000004,289,42,2,463.46000000000004,At Risk,463.46000000000004
17419,2010-12-07 15:03:00,2011-11-28 13:47:00,12,4226.57,1876,11,12,4226.57,Active,4226.57
17420,2010-12-01 09:56:00,2011-10-20 14:52:00,3,598.83,265,50,3,598.83,At Risk,598.83
17422,2011-02-16 14:44:00,2011-11-23 13:27:00,6,1979.37,2253,16,6,1979.37,Active,1979.37
17423,2011-05-06 09:14:00,2011-10-24 13:36:00,2,698.41,459,46,2,698.41,At Risk,698.41
17425,2011-10-10 11:37:00,2011-11-20 15:30:00,2,759.1700000000001,407,19,2,759.1700000000001,Active,759.1700000000001
17426,2011-03-02 16:34:00,2011-12-01 18:07:00,6,5037.26,3094,8,6,5037.26,Active,5037.26
17427,2011-09-29 11:29:00,2011-09-29 11:29:00,1,100.8,34,72,1,100.8,At Risk,100.8
17428,2010-12-06 09:37:00,2011-12-09 09:45:00,28,17256.85,9474,1,28,17256.85,Active,17256.85
17429,2011-05-05 09:53:00,2011-08-03 13:22:00,3,524.9200000000001,624,128,3,524.9200000000001,Churned,524.9200000000001
17430,2010-12-09 13:05:00,2011-11-07 09:24:00,2,265.76,190,33,2,265.76,At Risk,265.76
17431,2011-01-30 14:36:00,2011-01-30 14:36:00,1,403.3,292,313,1,403.3,Churned,403.3
17432,2011-11-02 17:30:00,2011-11-21 17:33:00,2,365.76,207,18,2,365.76,Active,365.76
17433,2011-09-12 14:24:00,2011-09-12 14:24:00,1,303.16,185,88,1,303.16,At Risk,303.16
17434,2011-09-15 13:54:00,2011-12-07 13:16:00,7,2373.82,1693,2,7,2373.82,Active,2373.82
17436,2011-04-27 11:33:00,2011-12-08 12:30:00,2,216.3,90,2,2,216.3,Active,216.3
17438,2011-03-31 10:26:00,2011-03-31 10:26:00,1,388.45000000000005,103,254,1,388.45000000000005,Churned,388.45000000000005
17440,2011-04-06 12:05:00,2011-07-06 11:54:00,3,186.42000000000002,246,157,3,186.42000000000002,Churned,186.42000000000002
17442,2011-02-22 13:02:00,2011-11-03 09:17:00,6,2248.56,1496,37,6,2248.56,At Risk,2248.56
17443,2011-05-04 10:47:00,2011-05-04 10:47:00,1,534.24,504,220,1,534.24,Churned,534.24
17444,2011-06-20 09:04:00,2011-07-15 12:05:00,3,2940.04,2119,148,3,2940.04,Churned,2940.04
17446,2011-02-02 14:40:00,2011-06-16 10:42:00,2,120.89999999999999,198,177,2,120.89999999999999,Churned,120.89999999999999
17447,2011-09-29 10:10:00,2011-10-30 14:18:00,2,541.53,443,40,2,541.53,At Risk,541.53
17449,2010-12-15 10:57:00,2011-12-07 16:56:00,7,2520.86,1122,2,7,2520.86,Active,2520.86
17450,2010-12-07 09:23:00,2011-12-01 13:29:00,46,194550.79,69993,8,46,194550.79,Active,194550.79
17451,2011-08-26 11:54:00,2011-12-08 15:02:00,7,1721.4,1203,1,7,1721.4,Active,1721.4
17453,2011-10-06 17:02:00,2011-11-22 09:42:00,2,486.72,219,18,2,486.72,Active,486.72
17454,2010-12-15 10:54:00,2011-05-31 13:58:00,4,517.53,243,192,4,517.53,Churned,517.53
17455,2011-05-20 12:31:00,2011-05-20 12:31:00,1,131.7,66,204,1,131.7,Churned,131.7
17456,2010-12-09 15:23:00,2010-12-09 15:23:00,1,249.86,222,365,1,249.86,Churned,249.86
17457,2011-01-04 14:33:00,2011-08-05 12:48:00,5,1737.7,826,127,5,1737.7,Churned,1737.7
17458,2011-11-24 13:01:00,2011-11-24 13:01:00,1,316.5,170,15,1,316.5,Active,316.5
17459,2011-10-10 17:00:00,2011-10-27 13:25:00,2,657.3,537,43,2,657.3,At Risk,657.3
17460,2010-12-01 16:24:00,2011-09-06 15:04:00,6,622.4300000000001,236,94,6,622.4300000000001,Churned,622.4300000000001
17461,2011-11-10 12:01:00,2011-11-17 10:21:00,3,757.46,799,23,3,757.46,Active,757.46
17462,2011-02-28 17:01:00,2011-10-10 13:56:00,2,675.69,227,60,2,675.69,At Risk,675.69
17463,2011-01-30 15:48:00,2011-11-23 13:40:00,5,1896.41,1095,16,5,1896.41,Active,1896.41
17464,2011-07-04 13:19:00,2011-07-04 13:19:00,1,289.96000000000004,220,158,1,289.96000000000004,Churned,289.96000000000004
17466,2011-09-22 09:16:00,2011-11-29 13:15:00,2,763.28,306,10,2,763.28,Active,763.28
17468,2011-11-25 12:52:00,2011-11-29 15:33:00,2,137.0,116,10,2,137.0,Active,137.0
17469,2011-05-19 08:55:00,2011-11-23 13:15:00,5,1870.97,787,16,5,1870.97,Active,1870.97
17470,2010-12-07 09:57:00,2011-10-26 12:42:00,5,1125.07,1675,45,5,1125.07,At Risk,1125.07
17472,2011-02-13 14:40:00,2011-06-01 14:57:00,3,710.29,462,191,3,710.29,Churned,710.29
17475,2011-09-21 14:55:00,2011-09-21 14:55:00,1,194.37,178,79,1,194.37,At Risk,194.37
17480,2011-09-23 11:39:00,2011-09-23 11:39:00,1,511.82,338,78,1,511.82,At Risk,511.82
17481,2011-09-07 09:57:00,2011-12-06 12:28:00,4,1255.59,1061,4,4,1255.59,Active,1255.59
17483,2011-06-09 19:40:00,2011-10-05 13:10:00,3,414.04,191,65,3,414.04,At Risk,414.04
17486,2011-03-23 14:00:00,2011-03-23 14:00:00,1,396.87,191,261,1,396.87,Churned,396.87
17489,2011-05-11 11:34:00,2011-10-12 08:56:00,2,376.64,428,59,2,376.64,At Risk,376.64
17490,2011-06-16 09:15:00,2011-12-09 09:08:00,7,2092.32,1134,1,7,2092.32,Active,2092.32
17491,2010-12-07 12:18:00,2011-12-08 16:18:00,10,3558.87,2013,1,10,3558.87,Active,3558.87
17492,2011-04-05 15:21:00,2011-04-05 15:21:00,1,374.57,155,248,1,374.57,Churned,374.57
17495,2011-11-01 12:06:00,2011-12-02 12:08:00,2,497.56,229,8,2,497.56,Active,497.56
17496,2010-12-16 08:39:00,2010-12-16 08:39:00,1,271.05,79,359,1,271.05,Churned,271.05
17498,2011-09-25 12:25:00,2011-09-25 12:25:00,1,272.21999999999997,394,76,1,272.21999999999997,At Risk,272.21999999999997
17499,2011-02-23 09:14:00,2011-02-23 09:14:00,1,622.88,711,290,1,622.88,Churned,622.88
17500,2011-11-10 09:08:00,2011-11-22 14:25:00,3,1138.0,17,17,3,1138.0,Active,1138.0
17501,2011-05-03 09:46:00,2011-05-03 09:47:00,2,288.6,160,221,2,288.6,Churned,288.6
17502,2011-11-10 16:39:00,2011-11-30 13:13:00,4,689.1,376,9,4,689.1,Active,689.1
17503,2011-11-01 11:12:00,2011-12-07 09:18:00,2,558.96,486,3,2,558.96,Active,558.96
17504,2011-01-21 11:09:00,2011-05-17 12:59:00,9,2997.03,1664,206,9,2997.03,Churned,2997.03
17505,2011-05-18 09:01:00,2011-07-01 12:50:00,2,1145.8400000000001,556,162,2,1145.8400000000001,Churned,1145.8400000000001
17506,2011-09-25 11:39:00,2011-09-25 11:39:00,1,302.2,139,76,1,302.2,At Risk,302.2
17507,2011-02-03 18:08:00,2011-03-23 11:48:00,2,605.58,359,262,2,605.58,Churned,605.58
17508,2011-03-04 08:10:00,2011-03-04 08:10:00,1,387.31,289,281,1,387.31,Churned,387.31
17509,2011-10-07 13:14:00,2011-10-13 10:26:00,8,6115.14,3534,58,8,6115.14,At Risk,6115.14
17510,2011-11-15 10:00:00,2011-11-15 10:00:00,1,308.48,214,25,1,308.48,Active,308.48
17511,2010-12-01 10:19:00,2011-12-07 10:12:00,31,91062.38,64549,3,31,91062.38,Active,91062.38
17512,2011-02-11 12:22:00,2011-11-11 12:11:00,10,2924.9900000000002,2753,29,10,2924.9900000000002,Active,2924.9900000000002
17513,2011-09-28 16:42:00,2011-09-28 16:42:00,1,513.2,254,72,1,513.2,At Risk,513.2
17514,2011-08-03 15:45:00,2011-08-03 15:45:00,1,208.65,135,128,1,208.65,Churned,208.65
17515,2011-01-25 14:33:00,2011-11-08 14:04:00,4,639.02,243,31,4,639.02,At Risk,639.02
17516,2011-02-27 12:41:00,2011-11-24 16:51:00,5,768.08,416,15,5,768.08,Active,768.08
17517,2011-02-04 11:48:00,2011-02-04 11:48:00,1,153.94,102,309,1,153.94,Churned,153.94
17519,2010-12-06 15:18:00,2011-11-22 16:43:00,6,1844.02,1236,17,6,1844.02,Active,1844.02
17520,2011-10-17 12:04:00,2011-10-17 12:04:00,1,546.81,365,54,1,546.81,At Risk,546.81
17521,2011-05-24 15:14:00,2011-11-10 11:22:00,3,723.21,519,30,3,723.21,Active,723.21
17522,2011-05-05 16:31:00,2011-12-08 12:31:00,5,1070.71,1034,2,5,1070.71,Active,1070.71
17523,2011-11-20 13:40:00,2011-11-28 13:20:00,4,652.74,872,11,4,652.74,Active,652.74
17524,2010-12-13 14:32:00,2010-12-13 14:32:00,1,145.0,90,361,1,145.0,Churned,145.0
17525,2010-12-15 12:05:00,2010-12-15 12:05:00,1,422.7,82,360,1,422.7,Churned,422.7
17526,2010-12-09 12:20:00,2011-12-05 11:05:00,4,1195.8999999999999,310,5,4,1195.8999999999999,Active,1195.8999999999999
17527,2011-05-05 13:43:00,2011-10-17 12:32:00,4,939.37,488,54,4,939.37,At Risk,939.37
17528,2011-09-29 13:04:00,2011-12-08 13:27:00,8,3628.5,2138,1,8,3628.5,Active,3628.5
17530,2010-12-09 20:01:00,2011-12-08 18:42:00,10,2385.0,1526,1,10,2385.0,Active,2385.0
17531,2011-06-02 19:17:00,2011-06-02 19:17:00,1,296.7,136,190,1,296.7,Churned,296.7
17534,2011-10-17 12:47:00,2011-10-17 12:47:00,1,223.36,103,54,1,223.36,At Risk,223.36
17535,2011-03-04 15:20:00,2011-03-04 15:20:00,1,164.4,136,280,1,164.4,Churned,164.4
17536,2011-06-15 13:23:00,2011-06-15 13:23:00,1,76.5,6,177,1,76.5,Churned,76.5
17537,2011-02-09 13:37:00,2011-11-10 10:56:00,2,897.62,700,30,2,897.62,Active,897.62
17538,2011-11-14 12:12:00,2011-11-14 12:12:00,1,98.42,134,26,1,98.42,Active,98.42
17540,2011-01-27 14:35:00,2011-11-15 11:56:00,2,578.9,194,25,2,578.9,Active,578.9
17542,2011-03-15 11:45:00,2011-03-15 11:45:00,1,170.75,134,270,1,170.75,Churned,170.75
17545,2011-10-27 13:48:00,2011-10-27 14:04:00,3,645.96,341,43,3,645.96,At Risk,645.96
17548,2011-04-20 12:01:00,2011-04-20 12:01:00,1,103.3,58,234,1,103.3,Churned,103.3
17549,2011-10-19 10:05:00,2011-11-16 09:59:00,2,148.86,210,24,2,148.86,Active,148.86
17550,2011-04-10 15:19:00,2011-05-26 14:09:00,3,267.16,86,197,3,267.16,Churned,267.16
17551,2010-12-15 14:12:00,2010-12-15 14:12:00,1,306.84,150,359,1,306.84,Churned,306.84
17552,2010-12-02 18:45:00,2011-10-10 17:00:00,4,930.41,719,60,4,930.41,At Risk,930.41
17553,2011-08-02 10:00:00,2011-08-02 10:00:00,1,1487.6,1048,130,1,1487.6,Churned,1487.6
17554,2011-07-14 20:01:00,2011-12-08 14:15:00,5,1952.45,1763,1,5,1952.45,Active,1952.45
17555,2011-01-09 12:31:00,2011-11-20 12:22:00,2,483.26,349,20,2,483.26,Active,483.26
17556,2011-05-18 10:48:00,2011-05-18 10:48:00,1,157.9,101,206,1,157.9,Churned,157.9
17557,2011-09-19 14:23:00,2011-11-25 12:57:00,3,541.46,306,14,3,541.46,Active,541.46
17560,2011-02-02 11:14:00,2011-09-06 09:18:00,4,854.95,635,95,4,854.95,Churned,854.95
17561,2011-11-20 12:53:00,2011-11-20 12:53:00,1,167.62,146,19,1,167.62,Active,167.62
17562,2011-06-19 13:06:00,2011-11-25 14:21:00,7,1122.38,817,14,7,1122.38,Active,1122.38
17564,2011-09-20 14:00:00,2011-11-15 13:27:00,3,454.01,146,24,3,454.01,Active,454.01
17566,2011-11-14 13:42:00,2011-12-01 19:54:00,2,901.21,518,8,2,901.21,Active,901.21
17567,2010-12-02 15:18:00,2011-12-02 15:48:00,8,4331.48,2632,7,8,4331.48,Active,4331.48
17569,2011-01-11 14:15:00,2011-01-11 14:15:00,1,344.14,159,332,1,344.14,Churned,344.14
17571,2011-02-14 15:15:00,2011-10-20 15:57:00,4,1498.51,905,50,4,1498.51,At Risk,1498.51
17572,2010-12-01 12:51:00,2011-09-29 17:53:00,4,226.75000000000003,95,71,4,226.75000000000003,At Risk,226.75000000000003
17573,2011-09-07 10:36:00,2011-11-10 13:01:00,3,380.6,308,29,3,380.6,Active,380.6
17574,2011-04-11 09:47:00,2011-04-11 09:47:00,1,185.65,77,243,1,185.65,Churned,185.65
17576,2010-12-09 16:57:00,2011-12-01 17:56:00,19,3622.68,1994,8,19,3622.68,Active,3622.68
17578,2011-05-05 18:38:00,2011-05-05 18:38:00,1,143.45999999999998,138,218,1,143.45999999999998,Churned,143.45999999999998
17579,2011-06-13 14:12:00,2011-12-05 12:28:00,3,448.90000000000003,258,5,3,448.90000000000003,Active,448.90000000000003
17580,2010-12-16 15:27:00,2011-04-01 12:41:00,3,215.72,88,253,3,215.72,Churned,215.72
17581,2010-12-02 14:47:00,2011-12-09 12:21:00,25,11045.04,5927,1,25,11045.04,Active,11045.04
17582,2011-04-17 13:18:00,2011-04-17 13:18:00,1,175.27,123,236,1,175.27,Churned,175.27
17584,2011-08-04 14:12:00,2011-12-02 17:12:00,2,1242.3,458,7,2,1242.3,Active,1242.3
17585,2011-01-05 15:09:00,2011-08-22 13:30:00,4,1133.07,1671,109,4,1133.07,Churned,1133.07
17588,2011-04-21 10:31:00,2011-08-31 13:37:00,3,1240.2,676,100,3,1240.2,Churned,1240.2
17589,2011-04-13 13:47:00,2011-10-10 16:58:00,4,2404.17,1631,60,4,2404.17,At Risk,2404.17
17590,2011-10-30 14:05:00,2011-12-07 12:55:00,3,1479.22,828,2,3,1479.22,Active,1479.22
17591,2010-12-07 15:39:00,2011-09-27 13:42:00,7,2225.9700000000003,1009,73,7,2225.9700000000003,At Risk,2225.9700000000003
17593,2010-12-22 10:29:00,2011-12-06 10:30:00,5,3927.34,3101,4,5,3927.34,Active,3927.34
17594,2011-03-30 10:32:00,2011-09-15 16:34:00,2,993.1800000000001,550,85,2,993.1800000000001,At Risk,993.1800000000001
17595,2011-11-02 16:19:00,2011-11-27 16:08:00,2,388.79,229,12,2,388.79,Active,388.79
17596,2010-12-06 12:34:00,2011-11-16 14:11:00,7,2827.93,4400,23,7,2827.93,Active,2827.93
17597,2011-05-10 11:54:00,2011-05-10 11:54:00,1,2044.3700000000001,1176,214,1,2044.3700000000001,Churned,2044.3700000000001
17600,2011-11-22 09:43:00,2011-11-22 09:43:00,1,161.67000000000002,144,18,1,161.67000000000002,Active,161.67000000000002
17601,2011-04-14 18:02:00,2011-04-14 18:02:00,1,116.00999999999999,103,239,1,116.00999999999999,Churned,116.00999999999999
17602,2011-01-19 16:18:00,2011-12-07 13:53:00,6,5102.97,4151,2,6,5102.97,Active,5102.97
17603,2011-09-22 14:18:00,2011-09-22 14:18:00,1,394.72,74,78,1,394.72,At Risk,394.72
17604,2011-01-31 15:09:00,2011-05-06 13:43:00,2,309.36,169,217,2,309.36,Churned,309.36
17608,2011-11-06 13:00:00,2011-11-06 13:06:00,2,193.42,232,33,2,193.42,At Risk,193.42
17609,2011-01-16 16:23:00,2011-10-30 12:28:00,5,1112.22,723,41,5,1112.22,At Risk,1112.22
17611,2010-12-13 13:52:00,2011-12-02 13:29:00,15,3984.22,2560,7,15,3984.22,Active,3984.22
17612,2011-02-15 10:40:00,2011-10-17 14:59:00,6,2048.45,1808,53,6,2048.45,At Risk,2048.45
17613,2011-02-07 11:20:00,2011-11-17 10:51:00,14,4559.150000000001,2496,23,14,4559.150000000001,Active,4559.150000000001
17614,2011-10-13 16:01:00,2011-10-13 16:01:00,1,390.07,238,57,1,390.07,At Risk,390.07
17615,2011-05-01 15:33:00,2011-08-01 14:06:00,3,329.6,140,130,3,329.6,Churned,329.6
17616,2010-12-07 10:04:00,2011-06-19 10:11:00,3,571.1999999999999,224,174,3,571.1999999999999,Churned,571.1999999999999
17618,2010-12-12 16:05:00,2011-12-04 11:50:00,3,971.58,331,6,3,971.58,Active,971.58
17619,2011-01-31 14:18:00,2011-01-31 14:18:00,1,218.52,127,312,1,218.52,Churned,218.52
17620,2011-10-11 12:08:00,2011-10-11 12:08:00,1,81.44,60,60,1,81.44,At Risk,81.44
17621,2010-12-20 13:31:00,2011-11-18 17:11:00,3,1379.9,514,21,3,1379.9,Active,1379.9
17623,2011-11-07 11:32:00,2011-11-07 11:32:00,1,527.05,265,33,1,527.05,At Risk,527.05
17624,2011-05-05 17:59:00,2011-11-25 10:52:00,2,843.48,554,15,2,843.48,Active,843.48
17625,2011-03-27 12:21:00,2011-11-21 13:36:00,4,2047.0,1198,18,4,2047.0,Active,2047.0
17628,2011-09-19 15:21:00,2011-09-19 15:21:00,1,75.75,79,81,1,75.75,At Risk,75.75
17629,2010-12-15 09:58:00,2011-12-04 10:56:00,8,1814.1200000000001,1629,6,8,1814.1200000000001,Active,1814.1200000000001
17630,2011-04-21 14:03:00,2011-06-23 11:58:00,2,503.6,158,170,2,503.6,Churned,503.6
17631,2011-04-21 13:22:00,2011-12-08 09:47:00,3,528.33,334,2,3,528.33,Active,528.33
17633,2011-08-11 15:43:00,2011-11-08 13:25:00,4,1324.84,644,31,4,1324.84,At Risk,1324.84
17634,2011-01-06 12:45:00,2011-11-03 13:09:00,9,2361.9700000000003,840,36,9,2361.9700000000003,At Risk,2361.9700000000003
17636,2011-11-20 14:40:00,2011-11-20 14:40:00,1,285.56,182,19,1,285.56,Active,285.56
17637,2011-08-16 13:25:00,2011-11-08 12:51:00,2,547.0600000000001,280,31,2,547.0600000000001,At Risk,547.0600000000001
17639,2011-03-08 15:22:00,2011-03-08 15:22:00,1,108.5,49,276,1,108.5,Churned,108.5
17640,2011-09-14 09:13:00,2011-09-14 09:13:00,1,621.66,250,87,1,621.66,At Risk,621.66
17642,2011-06-16 12:55:00,2011-08-12 09:11:00,2,712.29,474,120,2,712.29,Churned,712.29
17643,2010-12-01 14:38:00,2010-12-01 14:38:00,1,101.55,71,373,1,101.55,Churned,101.55
17644,2011-03-24 09:44:00,2011-12-08 13:43:00,11,2895.64,1793,1,11,2895.64,Active,2895.64
17646,2010-12-09 14:28:00,2011-05-04 13:17:00,3,1008.39,323,219,3,1008.39,Churned,1008.39
17647,2011-10-05 15:38:00,2011-10-05 15:38:00,1,133.06,30,65,1,133.06,At Risk,133.06
17648,2011-04-04 10:29:00,2011-10-10 09:41:00,4,1797.5,487,61,4,1797.5,At Risk,1797.5
17649,2011-07-24 15:53:00,2011-07-24 15:53:00,1,868.49,399,138,1,868.49,Churned,868.49
17650,2011-11-18 14:52:00,2011-11-18 14:52:00,1,166.07999999999998,150,21,1,166.07999999999998,Active,166.07999999999998
17651,2011-06-15 15:57:00,2011-11-28 10:29:00,10,3945.0,3112,12,10,3945.0,Active,3945.0
17652,2011-03-03 14:05:00,2011-11-14 12:55:00,12,4867.72,2509,25,12,4867.72,Active,4867.72
17653,2011-08-11 15:24:00,2011-11-03 12:46:00,4,1207.56,1409,37,4,1207.56,At Risk,1207.56
17654,2011-03-07 13:17:00,2011-03-07 13:17:00,1,117.55,41,277,1,117.55,Churned,117.55
17655,2010-12-08 16:45:00,2011-11-29 11:34:00,7,2638.94,1116,11,7,2638.94,Active,2638.94
17656,2011-08-03 10:45:00,2011-09-27 13:04:00,5,1674.69,1399,73,5,1674.69,At Risk,1674.69
17658,2011-05-12 15:23:00,2011-11-14 12:07:00,2,595.42,616,26,2,595.42,Active,595.42
17659,2010-12-02 16:46:00,2011-11-22 13:29:00,12,2999.46,1525,17,12,2999.46,Active,2999.46
17660,2011-07-21 13:37:00,2011-07-21 13:37:00,1,196.0,130,141,1,196.0,Churned,196.0
17663,2011-02-25 14:11:00,2011-11-14 08:56:00,7,1802.91,797,26,7,1802.91,Active,1802.91
17664,2011-05-11 14:17:00,2011-11-21 11:29:00,2,604.64,604,19,2,604.64,Active,604.64
17666,2011-10-05 11:06:00,2011-12-06 09:06:00,2,728.16,596,4,2,728.16,Active,728.16
17667,2011-02-14 09:24:00,2011-10-04 14:32:00,5,2055.51,1033,66,5,2055.51,At Risk,2055.51
17668,2011-11-01 14:45:00,2011-12-08 13:25:00,2,347.75,93,1,2,347.75,Active,347.75
17669,2011-04-04 10:11:00,2011-10-28 08:53:00,7,3406.7200000000003,1916,43,7,3406.7200000000003,At Risk,3406.7200000000003
17670,2011-04-26 09:12:00,2011-04-26 09:12:00,1,205.7,110,228,1,205.7,Churned,205.7
17671,2010-12-09 14:27:00,2011-11-24 12:21:00,4,1572.71,772,16,4,1572.71,Active,1572.71
17672,2011-02-03 13:29:00,2011-10-20 14:18:00,2,3178.17,1690,50,2,3178.17,At Risk,3178.17
17673,2011-01-23 15:16:00,2011-12-08 12:50:00,6,1629.12,1487,2,6,1629.12,Active,1629.12
17674,2010-12-06 10:20:00,2011-09-26 13:35:00,2,551.04,672,74,2,551.04,At Risk,551.04
17675,2010-12-07 13:22:00,2011-12-08 18:03:00,31,20374.28,8360,1,31,20374.28,Active,20374.28
17676,2010-12-08 13:49:00,2011-12-05 15:16:00,6,1387.68,932,4,6,1387.68,Active,1387.68
17677,2010-12-06 08:42:00,2011-12-08 09:56:00,30,16363.23,9775,2,30,16363.23,Active,16363.23
17678,2011-03-21 11:52:00,2011-03-21 11:52:00,1,298.11,207,264,1,298.11,Churned,298.11
17679,2011-09-15 10:35:00,2011-10-18 07:43:00,2,1992.1100000000001,729,53,2,1992.1100000000001,At Risk,1992.1100000000001
17680,2011-11-16 12:42:00,2011-11-16 12:42:00,1,184.4,96,24,1,184.4,Active,184.4
17682,2010-12-06 13:35:00,2011-11-29 15:59:00,6,2474.33,1367,10,6,2474.33,Active,2474.33
17684,2011-10-27 11:10:00,2011-10-27 11:10:00,1,239.41,145,44,1,239.41,At Risk,239.41
17685,2010-12-02 14:42:00,2011-11-23 11:36:00,7,3191.53,1956,17,7,3191.53,Active,3191.53
17686,2011-02-10 10:18:00,2011-12-02 15:39:00,7,5739.46,2478,7,7,5739.46,Active,5739.46
17690,2010-12-01 16:15:00,2011-11-09 15:17:00,15,4757.95,1773,30,15,4757.95,Active,4757.95
17691,2010-12-06 11:10:00,2010-12-16 17:20:00,2,290.40000000000003,134,358,2,290.40000000000003,Churned,290.40000000000003
17692,2010-12-15 13:37:00,2011-08-04 14:01:00,4,740.94,672,127,4,740.94,Churned,740.94
17693,2011-07-25 15:48:00,2011-07-25 15:48:00,1,200.47,231,137,1,200.47,Churned,200.47
17694,2011-07-21 12:00:00,2011-07-21 12:00:00,1,283.12,184,142,1,283.12,Churned,283.12
17695,2011-06-21 12:35:00,2011-07-31 10:40:00,2,765.34,779,132,2,765.34,Churned,765.34
17696,2010-12-10 09:51:00,2011-11-01 13:43:00,8,2285.71,1756,38,8,2285.71,At Risk,2285.71
17697,2011-04-17 15:40:00,2011-04-17 15:40:00,1,338.95,93,236,1,338.95,Churned,338.95
17698,2011-03-24 11:34:00,2011-03-24 11:34:00,1,154.95,93,261,1,154.95,Churned,154.95
17700,2011-03-03 16:34:00,2011-11-23 11:51:00,4,2534.64,1266,17,4,2534.64,Active,2534.64
17701,2011-04-01 12:25:00,2011-04-01 12:25:00,1,417.95,109,253,1,417.95,Churned,417.95
17702,2011-05-17 16:23:00,2011-11-09 16:03:00,4,1824.37,1353,30,4,1824.37,Active,1824.37
17703,2011-07-24 13:30:00,2011-11-04 15:51:00,3,798.74,590,35,3,798.74,At Risk,798.74
17704,2011-04-14 09:28:00,2011-06-24 09:40:00,2,885.19,343,169,2,885.19,Churned,885.19
17705,2011-02-11 10:57:00,2011-12-06 13:45:00,9,1823.52,963,3,9,1823.52,Active,1823.52
17706,2010-12-08 11:02:00,2011-12-05 13:34:00,17,10504.49,3899,4,17,10504.49,Active,10504.49
17707,2011-01-07 13:30:00,2011-06-07 15:03:00,2,152.4,144,185,2,152.4,Churned,152.4
17708,2011-01-19 10:09:00,2011-06-05 10:12:00,2,267.08,91,188,2,267.08,Churned,267.08
17709,2011-06-23 11:55:00,2011-06-23 11:55:00,1,137.45,17,170,1,137.45,Churned,137.45
17711,2011-02-23 11:32:00,2011-11-29 11:40:00,2,385.1,246,11,2,385.1,Active,385.1
17712,2011-10-26 12:28:00,2011-10-26 12:28:00,1,522.91,215,45,1,522.91,At Risk,522.91
17714,2011-01-23 10:32:00,2011-01-23 10:32:00,1,153.0,92,321,1,153.0,Churned,153.0
17715,2011-05-23 12:32:00,2011-05-23 12:32:00,1,326.4,384,201,1,326.4,Churned,326.4
17716,2011-03-17 10:38:00,2011-11-17 12:00:00,11,5655.99,3072,23,11,5655.99,Active,5655.99
17718,2011-04-21 13:39:00,2011-04-21 13:39:00,1,139.35,83,232,1,139.35,Churned,139.35
17719,2011-03-29 11:29:00,2011-11-02 10:36:00,15,5396.04,2466,38,15,5396.04,At Risk,5396.04
17720,2010-12-07 10:43:00,2011-11-13 15:04:00,4,1195.94,576,26,4,1195.94,Active,1195.94
17722,2010-12-08 12:41:00,2011-09-04 15:22:00,4,2424.04,1595,96,4,2424.04,Churned,2424.04
17723,2011-05-09 14:44:00,2011-08-04 18:37:00,6,3276.4000000000005,792,127,6,3276.4000000000005,Churned,3276.4000000000005
17724,2011-07-24 13:26:00,2011-09-29 15:26:00,3,1033.0,300,71,3,1033.0,At Risk,1033.0
17725,2011-03-17 19:47:00,2011-11-23 16:34:00,11,3439.08,2162,16,11,3439.08,Active,3439.08
17727,2011-11-24 17:06:00,2011-11-24 17:06:00,1,1060.25,645,15,1,1060.25,Active,1060.25
17728,2011-09-14 11:39:00,2011-12-06 08:52:00,3,2876.01,1469,4,3,2876.01,Active,2876.01
17730,2011-01-17 14:49:00,2011-12-06 15:43:00,13,5298.4800000000005,3576,3,13,5298.4800000000005,Active,5298.4800000000005
17731,2011-06-09 14:18:00,2011-09-21 15:02:00,4,1240.11,493,79,4,1240.11,At Risk,1240.11
17732,2010-12-02 09:29:00,2010-12-02 09:29:00,1,303.97,93,373,1,303.97,Churned,303.97
17733,2011-03-23 09:54:00,2011-11-01 08:16:00,2,692.19,463,39,2,692.19,At Risk,692.19
17734,2011-04-20 10:04:00,2011-10-17 12:33:00,3,700.63,422,54,3,700.63,At Risk,700.63
17735,2010-12-07 10:32:00,2011-12-07 16:47:00,19,13110.02,8439,2,19,13110.02,Active,13110.02
17736,2011-08-18 14:33:00,2011-11-30 15:36:00,3,377.44,238,9,3,377.44,Active,377.44
17737,2011-10-12 14:42:00,2011-11-30 15:16:00,2,168.24,108,9,2,168.24,Active,168.24
17738,2011-03-02 16:26:00,2011-11-20 15:05:00,4,1879.05,1029,19,4,1879.05,Active,1879.05
17739,2010-12-14 14:26:00,2011-11-28 09:12:00,7,2791.35,861,12,7,2791.35,Active,2791.35
17742,2011-01-11 10:04:00,2011-08-18 15:28:00,2,355.11,89,113,2,355.11,Churned,355.11
17744,2010-12-16 14:17:00,2011-12-06 12:11:00,6,2322.4,3412,4,6,2322.4,Active,2322.4
17746,2011-04-13 14:31:00,2011-04-13 14:31:00,1,110.25,29,240,1,110.25,Churned,110.25
17747,2011-08-19 08:13:00,2011-08-19 08:13:00,1,71.4,12,113,1,71.4,Churned,71.4
17749,2011-03-28 13:39:00,2011-06-14 15:45:00,2,674.52,320,178,2,674.52,Churned,674.52
17750,2011-06-28 15:44:00,2011-12-04 14:09:00,9,1797.57,3957,5,9,1797.57,Active,1797.57
17752,2010-12-15 16:19:00,2010-12-15 16:19:00,1,80.64,192,359,1,80.64,Churned,80.64
17754,2011-03-24 13:54:00,2011-12-09 11:20:00,5,1772.26,1869,1,5,1772.26,Active,1772.26
17757,2010-12-02 17:17:00,2011-12-08 15:31:00,30,5605.29,3320,1,30,5605.29,Active,5605.29
17758,2011-04-03 15:22:00,2011-11-20 14:45:00,8,3456.7,2091,19,8,3456.7,Active,3456.7
17759,2011-06-23 13:35:00,2011-11-22 16:02:00,3,834.99,708,17,3,834.99,Active,834.99
17760,2010-12-01 15:08:00,2011-11-18 10:56:00,2,287.59,239,22,2,287.59,Active,287.59
17761,2011-11-07 10:23:00,2011-11-07 10:23:00,1,712.78,398,33,1,712.78,At Risk,712.78
17763,2011-03-21 14:25:00,2011-03-21 14:25:00,1,15.0,12,263,1,15.0,Churned,15.0
17764,2011-05-12 16:11:00,2011-10-20 11:03:00,2,818.82,395,51,2,818.82,At Risk,818.82
17765,2011-03-28 11:58:00,2011-07-04 12:41:00,3,371.88,144,159,3,371.88,Churned,371.88
17767,2011-11-24 14:42:00,2011-11-24 14:42:00,1,271.2,128,15,1,271.2,Active,271.2
17768,2011-06-26 13:46:00,2011-12-01 13:22:00,3,2273.1800000000003,1186,8,3,2273.1800000000003,Active,2273.1800000000003
17769,2011-01-23 11:15:00,2011-11-27 11:18:00,10,3997.98,1862,13,10,3997.98,Active,3997.98
17770,2011-03-02 13:35:00,2011-05-25 12:34:00,5,1143.27,365,199,5,1143.27,Churned,1143.27
17771,2011-01-20 14:13:00,2011-10-14 11:43:00,2,245.81,287,57,2,245.81,At Risk,245.81
17772,2011-11-29 10:57:00,2011-11-29 11:05:00,2,182.77,58,11,2,182.77,Active,182.77
17774,2011-02-07 13:13:00,2011-09-04 12:49:00,4,1225.41,512,97,4,1225.41,Churned,1225.41
17775,2011-03-30 10:50:00,2011-03-30 10:50:00,1,56.4,72,255,1,56.4,Churned,56.4
17777,2011-08-31 14:35:00,2011-11-15 12:02:00,3,665.86,507,25,3,665.86,Active,665.86
17779,2011-07-19 12:19:00,2011-11-18 14:15:00,3,658.57,397,21,3,658.57,Active,658.57
17781,2011-03-31 19:54:00,2011-07-03 16:00:00,2,188.02,34,159,2,188.02,Churned,188.02
17783,2011-04-06 10:07:00,2011-09-28 16:07:00,2,283.47,354,72,2,283.47,At Risk,283.47
17785,2011-10-17 13:43:00,2011-10-17 13:43:00,1,131.94,67,53,1,131.94,At Risk,131.94
17786,2011-01-26 14:35:00,2011-09-15 12:51:00,2,278.74,200,85,2,278.74,At Risk,278.74
17787,2010-12-03 13:43:00,2011-07-10 11:24:00,4,1865.19,910,153,4,1865.19,Churned,1865.19
17788,2011-08-02 10:38:00,2011-09-27 10:09:00,2,1117.9,211,74,2,1117.9,At Risk,1117.9
17789,2011-03-03 13:14:00,2011-03-03 13:14:00,1,225.9,74,281,1,225.9,Churned,225.9
17790,2010-12-10 10:47:00,2011-11-13 11:30:00,14,1965.55,836,27,14,1965.55,Active,1965.55
17791,2011-11-10 12:09:00,2011-11-10 12:09:00,1,106.1,46,30,1,106.1,Active,106.1
17793,2011-11-14 14:24:00,2011-11-14 14:24:00,1,323.04,232,25,1,323.04,Active,323.04
17795,2011-03-20 12:02:00,2011-06-13 12:36:00,2,350.39,341,180,2,350.39,Churned,350.39
17796,2010-12-05 12:23:00,2011-10-30 15:38:00,4,697.9,178,40,4,697.9,At Risk,697.9
17797,2011-06-10 11:29:00,2011-11-17 13:21:00,3,780.43,498,22,3,780.43,Active,780.43
17799,2010-12-13 13:10:00,2011-11-17 15:16:00,10,3055.93,1758,22,10,3055.93,Active,3055.93
17800,2011-01-09 13:50:00,2011-11-02 12:57:00,9,1199.01,736,37,9,1199.01,At Risk,1199.01
17802,2010-12-02 13:44:00,2011-09-18 14:56:00,3,1285.04,752,82,3,1285.04,At Risk,1285.04
17805,2011-09-27 11:49:00,2011-09-27 11:49:00,1,512.31,478,74,1,512.31,At Risk,512.31
17806,2011-11-28 14:12:00,2011-11-28 14:12:00,1,546.04,727,11,1,546.04,Active,546.04
17809,2010-12-01 09:41:00,2011-11-23 12:59:00,12,5411.91,2057,16,12,5411.91,Active,5411.91
17811,2011-01-10 10:58:00,2011-12-05 13:46:00,39,7837.7300000000005,4177,4,39,7837.7300000000005,Active,7837.7300000000005
17812,2010-12-06 15:27:00,2011-11-27 11:47:00,4,732.16,350,13,4,732.16,Active,732.16
17813,2011-09-29 15:57:00,2011-11-25 16:13:00,5,1770.88,790,14,5,1770.88,Active,1770.88
17816,2010-12-09 14:10:00,2011-11-03 11:34:00,4,36.56,30,37,4,36.56,At Risk,36.56
17817,2011-03-07 17:30:00,2011-12-05 14:39:00,3,387.68,67,4,3,387.68,Active,387.68
17819,2010-12-03 14:26:00,2011-09-29 10:52:00,7,3704.87,1031,72,7,3704.87,At Risk,3704.87
17824,2011-10-19 14:14:00,2011-10-19 14:14:00,1,298.4,408,51,1,298.4,At Risk,298.4
17827,2010-12-10 10:18:00,2011-12-04 15:00:00,5,1995.46,1247,5,5,1995.46,Active,1995.46
17828,2011-06-08 08:31:00,2011-11-17 08:41:00,4,1820.09,667,23,4,1820.09,Active,1820.09
17829,2011-02-14 12:46:00,2011-02-14 12:46:00,1,889.24,496,299,1,889.24,Churned,889.24
17830,2011-02-24 10:15:00,2011-12-08 12:28:00,3,398.7,92,2,3,398.7,Active,398.7
17831,2011-11-06 15:09:00,2011-11-06 15:09:00,1,35.400000000000006,12,33,1,35.400000000000006,At Risk,35.400000000000006
17832,2011-10-21 11:43:00,2011-10-21 11:43:00,1,155.37,208,50,1,155.37,At Risk,155.37
17835,2011-11-16 16:30:00,2011-12-07 11:48:00,3,350.64,348,3,3,350.64,Active,350.64
17836,2011-10-23 16:13:00,2011-10-23 16:13:00,1,110.21000000000001,88,47,1,110.21000000000001,At Risk,110.21000000000001
17837,2011-06-29 16:44:00,2011-10-28 16:13:00,8,1593.38,518,42,8,1593.38,At Risk,1593.38
17838,2010-12-02 15:55:00,2011-11-13 11:20:00,5,2779.3,1879,27,5,2779.3,Active,2779.3
17839,2011-10-28 17:27:00,2011-10-28 17:27:00,1,338.8,285,42,1,338.8,At Risk,338.8
17841,2010-12-01 14:41:00,2011-12-08 12:07:00,124,40991.57,23071,2,124,40991.57,Active,40991.57
17843,2011-02-09 15:33:00,2011-02-09 15:33:00,1,205.48,113,303,1,205.48,Churned,205.48
17844,2011-08-25 11:27:00,2011-08-25 11:27:00,1,51.559999999999995,52,107,1,51.559999999999995,Churned,51.559999999999995
17846,2011-09-15 15:20:00,2011-09-15 15:20:00,1,2033.1,1,85,1,2033.1,At Risk,2033.1
17848,2010-12-16 18:38:00,2011-09-19 16:49:00,9,901.2,398,81,9,901.2,At Risk,901.2
17849,2011-01-10 11:59:00,2011-05-05 13:46:00,4,605.8000000000001,114,218,4,605.8000000000001,Churned,605.8000000000001
17850,2010-12-01 08:26:00,2010-12-02 15:27:00,34,5391.21,1733,372,34,5391.21,Churned,5391.21
17852,2011-11-28 12:31:00,2011-11-28 12:36:00,2,114.34,53,12,2,114.34,Active,114.34
17854,2011-04-26 16:53:00,2011-06-07 16:21:00,2,311.26,84,185,2,311.26,Churned,311.26
17855,2010-12-02 09:44:00,2010-12-02 09:44:00,1,208.97,197,373,1,208.97,Churned,208.97
17856,2011-03-03 11:40:00,2011-12-08 09:40:00,4,1418.03,842,2,4,1418.03,Active,1418.03
17857,2010-12-09 11:35:00,2011-12-05 13:13:00,23,26879.04,19256,4,23,26879.04,Active,26879.04
17858,2010-12-05 13:08:00,2011-12-04 11:56:00,12,5155.66,2706,6,12,5155.66,Active,5155.66
17859,2011-02-08 10:32:00,2011-02-08 10:32:00,1,148.21,127,305,1,148.21,Churned,148.21
17860,2010-12-06 12:41:00,2010-12-06 12:41:00,1,252.8,104,369,1,252.8,Churned,252.8
17861,2011-01-24 11:34:00,2011-12-06 16:21:00,8,2100.8,1988,3,8,2100.8,Active,2100.8
17862,2011-01-20 12:23:00,2011-01-20 12:23:00,1,330.9,100,324,1,330.9,Churned,330.9
17863,2010-12-05 13:21:00,2011-10-11 13:45:00,6,3160.0,2638,59,6,3160.0,At Risk,3160.0
17864,2011-03-09 11:44:00,2011-11-27 11:15:00,3,597.5,810,13,3,597.5,Active,597.5
17865,2010-12-10 14:53:00,2011-11-09 12:08:00,20,10526.32,5757,31,20,10526.32,At Risk,10526.32
17866,2011-07-20 11:07:00,2011-07-20 11:07:00,1,329.65000000000003,174,143,1,329.65000000000003,Churned,329.65000000000003
17867,2011-02-24 12:25:00,2011-11-09 14:15:00,6,1197.1000000000001,542,30,6,1197.1000000000001,Active,1197.1000000000001
17869,2010-12-06 17:16:00,2011-08-24 16:16:00,5,428.18,111,107,5,428.18,Churned,428.18
17870,2010-12-08 08:12:00,2011-12-07 15:07:00,12,1894.35,1401,2,12,1894.35,Active,1894.35
17871,2011-05-19 11:32:00,2011-05-19 11:32:00,1,155.9,182,205,1,155.9,Churned,155.9
17873,2010-12-01 14:54:00,2011-09-20 16:41:00,5,1859.16,1047,80,5,1859.16,At Risk,1859.16
17874,2011-03-29 11:25:00,2011-06-07 12:54:00,6,683.46,221,185,6,683.46,Churned,683.46
17877,2011-06-22 13:00:00,2011-06-22 13:00:00,1,237.61,98,170,1,237.61,Churned,237.61
17878,2011-10-27 11:24:00,2011-10-27 11:24:00,1,379.45,401,44,1,379.45,At Risk,379.45
17879,2011-06-19 12:36:00,2011-06-19 12:36:00,1,178.52,45,174,1,178.52,Churned,178.52
17880,2010-12-10 10:21:00,2010-12-10 10:21:00,1,458.92,314,365,1,458.92,Churned,458.92
17881,2011-02-08 17:16:00,2011-02-08 17:16:00,1,133.35,32,304,1,133.35,Churned,133.35
17883,2011-04-07 19:16:00,2011-12-06 17:49:00,4,671.77,379,3,4,671.77,Active,671.77
17884,2010-12-03 12:11:00,2011-12-06 11:33:00,4,717.45,854,4,4,717.45,Active,717.45
17885,2011-11-27 14:40:00,2011-11-27 14:40:00,1,190.19,167,12,1,190.19,Active,190.19
17886,2011-04-04 12:34:00,2011-11-08 10:09:00,3,899.61,481,32,3,899.61,At Risk,899.61
17887,2011-08-02 17:29:00,2011-08-02 17:29:00,1,111.35,30,129,1,111.35,Churned,111.35
17888,2010-12-17 13:56:00,2011-11-18 13:45:00,8,726.05,980,21,8,726.05,Active,726.05
17889,2011-01-21 17:14:00,2011-05-11 16:26:00,2,203.87,79,212,2,203.87,Churned,203.87
17890,2010-12-13 15:12:00,2011-01-21 11:19:00,2,602.09,416,323,2,602.09,Churned,602.09
17891,2011-06-30 20:08:00,2011-06-30 20:08:00,1,203.85999999999999,393,162,1,203.85999999999999,Churned,203.85999999999999
17892,2011-07-07 12:56:00,2011-10-14 16:49:00,3,244.1,109,56,3,244.1,At Risk,244.1
17893,2011-04-28 13:50:00,2011-04-28 13:50:00,1,112.25,161,225,1,112.25,Churned,112.25
17894,2010-12-08 14:50:00,2011-09-29 09:23:00,8,1119.81,405,72,8,1119.81,At Risk,1119.81
17895,2011-10-26 17:00:00,2011-10-26 17:00:00,1,98.0,130,44,1,98.0,At Risk,98.0
17896,2011-11-16 13:59:00,2011-11-16 13:59:00,1,256.32,288,23,1,256.32,Active,256.32
17897,2010-12-01 12:31:00,2011-06-20 11:23:00,3,566.6,229,173,3,566.6,Churned,566.6
17898,2011-05-16 17:13:00,2011-09-15 14:56:00,2,152.06,190,85,2,152.06,At Risk,152.06
17899,2011-07-03 14:58:00,2011-07-03 14:58:00,1,155.8,171,159,1,155.8,Churned,155.8
17900,2011-06-02 14:28:00,2011-06-02 14:38:00,2,112.19999999999999,73,190,2,112.19999999999999,Churned,112.19999999999999
17901,2011-11-10 17:29:00,2011-11-10 17:29:00,1,110.38,24,29,1,110.38,Active,110.38
17904,2011-11-18 12:57:00,2011-11-18 12:57:00,1,191.67000000000002,63,21,1,191.67000000000002,Active,191.67000000000002
17905,2010-12-01 13:21:00,2011-09-29 17:33:00,4,800.24,407,71,4,800.24,At Risk,800.24
17906,2011-04-06 17:25:00,2011-04-06 17:25:00,1,72.9,26,247,1,72.9,Churned,72.9
17908,2010-12-01 11:45:00,2010-12-01 11:45:00,1,243.28,173,374,1,243.28,Churned,243.28
17911,2011-11-30 14:52:00,2011-11-30 14:52:00,1,366.23,223,9,1,366.23,Active,366.23
17912,2010-12-10 11:11:00,2011-02-02 14:25:00,5,311.01,185,310,5,311.01,Churned,311.01
17913,2010-12-19 11:35:00,2011-10-12 10:45:00,2,411.6,289,59,2,411.6,At Risk,411.6
17914,2011-12-06 11:58:00,2011-12-06 11:58:00,1,336.43,473,4,1,336.43,Active,336.43
17917,2010-12-12 12:08:00,2011-10-25 13:20:00,3,341.28,187,45,3,341.28,At Risk,341.28
17919,2011-09-12 13:41:00,2011-09-12 13:41:00,1,1304.04,756,88,1,1304.04,At Risk,1304.04
17920,2010-12-01 11:49:00,2011-12-05 14:29:00,17,4204.1,2516,4,17,4204.1,Active,4204.1
17921,2011-03-18 13:19:00,2011-10-06 18:56:00,4,826.52,430,64,4,826.52,At Risk,826.52
17923,2011-03-02 15:15:00,2011-03-02 15:15:00,1,207.50000000000003,50,282,1,207.50000000000003,Churned,207.50000000000003
17924,2010-12-01 10:51:00,2011-11-28 09:11:00,7,2962.5,1160,12,7,2962.5,Active,2962.5
17925,2010-12-02 10:10:00,2010-12-02 10:10:00,1,244.08,72,373,1,244.08,Churned,244.08
17926,2011-05-20 09:24:00,2011-07-29 14:39:00,2,397.29,306,133,2,397.29,Churned,397.29
17928,2011-04-07 18:03:00,2011-10-25 13:52:00,2,212.54,140,45,2,212.54,At Risk,212.54
17929,2011-02-04 11:40:00,2011-11-28 16:01:00,4,843.0,108,11,4,843.0,Active,843.0
17930,2011-04-14 15:46:00,2011-11-04 10:23:00,5,1740.48,1594,36,5,1740.48,At Risk,1740.48
17931,2011-03-29 12:31:00,2011-07-28 18:33:00,2,408.36,249,134,2,408.36,Churned,408.36
17932,2011-05-12 13:58:00,2011-11-10 19:49:00,3,1331.57,789,29,3,1331.57,Active,1331.57
17934,2011-10-12 10:50:00,2011-10-19 11:16:00,2,704.25,478,52,2,704.25,At Risk,704.25
17935,2011-07-21 11:23:00,2011-07-24 13:18:00,2,145.79,82,138,2,145.79,Churned,145.79
17936,2011-12-04 13:32:00,2011-12-04 13:32:00,1,389.84,262,5,1,389.84,Active,389.84
17937,2010-12-12 14:43:00,2011-12-01 11:45:00,7,4301.22,1754,9,7,4301.22,Active,4301.22
17939,2011-07-03 12:27:00,2011-07-03 12:27:00,1,99.14,40,160,1,99.14,Churned,99.14
17940,2011-02-10 09:29:00,2011-10-21 13:27:00,10,4106.4400000000005,9755,49,10,4106.4400000000005,At Risk,4106.4400000000005
17941,2011-08-01 08:30:00,2011-08-01 08:30:00,1,304.56,252,131,1,304.56,Churned,304.56
17942,2011-12-02 10:45:00,2011-12-02 10:45:00,1,77.50000000000001,38,8,1,77.50000000000001,Active,77.50000000000001
17946,2011-03-25 14:34:00,2011-04-20 17:00:00,2,149.57999999999998,75,233,2,149.57999999999998,Churned,149.57999999999998
17947,2011-11-02 13:05:00,2011-11-02 13:05:00,1,176.68,168,37,1,176.68,At Risk,176.68
17948,2011-07-15 12:58:00,2011-07-15 12:58:00,1,358.56000000000006,144,147,1,358.56000000000006,Churned,358.56000000000006
17949,2010-12-03 13:12:00,2011-12-08 18:46:00,45,58510.48,30546,1,45,58510.48,Active,58510.48
17950,2010-12-09 15:16:00,2011-09-28 15:18:00,3,482.2,366,72,3,482.2,At Risk,482.2
17951,2010-12-01 12:40:00,2011-10-31 12:30:00,3,1008.5400000000001,616,40,3,1008.5400000000001,At Risk,1008.5400000000001
17954,2010-12-03 14:18:00,2011-12-04 14:15:00,12,2332.72,2234,5,12,2332.72,Active,2332.72
17955,2011-05-04 12:29:00,2011-05-25 12:00:00,4,557.3,273,199,4,557.3,Churned,557.3
17956,2011-04-04 13:47:00,2011-04-04 13:47:00,1,12.75,1,249,1,12.75,Churned,12.75
17957,2011-10-04 14:58:00,2011-10-04 14:58:00,1,111.68,287,66,1,111.68,At Risk,111.68
17958,2011-08-15 12:19:00,2011-08-15 12:19:00,1,508.46000000000004,84,117,1,508.46000000000004,Churned,508.46000000000004
17960,2011-06-21 14:15:00,2011-06-21 14:15:00,1,73.78,41,171,1,73.78,Churned,73.78
17961,2010-12-02 19:18:00,2011-11-18 16:55:00,39,1296.44,560,21,39,1296.44,Active,1296.44
17962,2011-07-20 14:16:00,2011-07-20 14:16:00,1,102.83,128,142,1,102.83,Churned,102.83
17964,2010-12-02 13:32:00,2011-11-08 10:44:00,2,471.7,301,32,2,471.7,At Risk,471.7
17965,2010-12-05 15:54:00,2011-11-02 09:31:00,14,2622.57,1556,38,14,2622.57,At Risk,2622.57
17966,2011-03-23 17:25:00,2011-11-02 10:26:00,5,1098.43,2571,38,5,1098.43,At Risk,1098.43
17967,2010-12-03 11:19:00,2010-12-03 11:19:00,1,123.07,80,372,1,123.07,Churned,123.07
17968,2010-12-01 12:23:00,2010-12-01 12:23:00,1,277.35,160,374,1,277.35,Churned,277.35
17969,2010-12-13 15:34:00,2011-06-26 13:00:00,2,228.2,152,166,2,228.2,Churned,228.2
17970,2011-05-12 20:03:00,2011-05-12 20:03:00,1,582.59,525,211,1,582.59,Churned,582.59
17972,2011-04-12 12:16:00,2011-04-12 12:16:00,1,136.04,37,242,1,136.04,Churned,136.04
17973,2011-10-19 10:34:00,2011-10-19 10:34:00,1,337.04,176,52,1,337.04,At Risk,337.04
17974,2011-05-04 11:50:00,2011-11-15 11:37:00,3,740.79,519,25,3,740.79,Active,740.79
17975,2010-12-08 11:38:00,2011-11-24 13:27:00,13,4488.81,1568,15,13,4488.81,Active,4488.81
17976,2010-12-02 13:49:00,2010-12-02 13:49:00,1,353.19,106,372,1,353.19,Churned,353.19
17977,2011-11-10 13:28:00,2011-11-10 13:28:00,1,288.14,342,29,1,288.14,Active,288.14
17978,2010-12-09 14:05:00,2010-12-09 14:05:00,1,300.91999999999996,499,365,1,300.91999999999996,Churned,300.91999999999996
17979,2011-03-25 11:34:00,2011-11-04 12:05:00,4,757.71,397,36,4,757.71,At Risk,757.71
17980,2010-12-15 15:50:00,2011-06-27 12:01:00,3,811.45,682,166,3,811.45,Churned,811.45
17984,2011-07-17 15:59:00,2011-07-17 15:59:00,1,152.68,98,145,1,152.68,Churned,152.68
17985,2011-11-17 14:24:00,2011-11-17 14:24:00,1,634.95,183,22,1,634.95,Active,634.95
17986,2011-10-14 14:22:00,2011-10-14 14:22:00,1,20.8,10,56,1,20.8,At Risk,20.8
17987,2011-06-07 14:22:00,2011-06-07 14:22:00,1,198.57,261,185,1,198.57,Churned,198.57
17988,2011-01-17 11:59:00,2011-11-28 11:00:00,7,201.12,43,12,7,201.12,Active,201.12
17990,2010-12-13 12:10:00,2011-04-17 11:44:00,3,630.84,414,237,3,630.84,Churned,630.84
17991,2011-04-27 16:39:00,2011-04-28 15:58:00,2,93.35,25,225,2,93.35,Churned,93.35
17994,2011-02-22 11:02:00,2011-08-10 11:41:00,4,678.49,497,122,4,678.49,Churned,678.49
17995,2011-03-03 12:30:00,2011-03-03 12:30:00,1,76.1,133,282,1,76.1,Churned,76.1
17997,2011-06-28 17:28:00,2011-09-26 16:13:00,8,1970.67,2298,74,8,1970.67,At Risk,1970.67
17999,2010-12-08 15:17:00,2011-11-02 15:56:00,2,382.06,221,37,2,382.06,At Risk,382.06
18001,2011-09-14 11:21:00,2011-11-27 16:02:00,2,417.23,363,12,2,417.23,Active,417.23
18004,2010-12-12 13:47:00,2010-12-12 13:47:00,1,169.47,78,362,1,169.47,Churned,169.47
18005,2011-10-23 14:40:00,2011-12-06 11:51:00,2,249.72,93,4,2,249.72,Active,249.72
18006,2011-11-16 16:52:00,2011-11-16 16:52:00,1,444.68,220,23,1,444.68,Active,444.68
18008,2011-01-25 12:26:00,2011-09-30 15:17:00,9,2116.19,1581,70,9,2116.19,At Risk,2116.19
18009,2011-04-18 13:36:00,2011-04-18 13:36:00,1,257.34,126,235,1,257.34,Churned,257.34
18010,2011-03-28 12:27:00,2011-03-28 12:27:00,1,174.8,60,257,1,174.8,Churned,174.8
18011,2010-12-01 17:35:00,2010-12-01 17:35:00,1,102.78999999999999,71,373,1,102.78999999999999,Churned,102.78999999999999
18013,2011-07-07 14:08:00,2011-07-07 14:11:00,2,187.29,285,155,2,187.29,Churned,187.29
18014,2011-11-11 15:28:00,2011-11-11 15:28:00,1,166.42,68,28,1,166.42,Active,166.42
18015,2011-12-05 14:49:00,2011-12-05 14:49:00,1,120.03,157,4,1,120.03,Active,120.03
18016,2010-12-10 17:14:00,2011-11-07 13:25:00,5,1483.56,1029,32,5,1483.56,At Risk,1483.56
18017,2011-02-02 13:57:00,2011-09-19 16:15:00,3,523.0,300,81,3,523.0,At Risk,523.0
18018,2011-05-24 13:22:00,2011-08-23 17:37:00,2,122.14,55,108,2,122.14,Churned,122.14
18019,2011-10-19 12:10:00,2011-10-19 12:10:00,1,38.45,7,52,1,38.45,At Risk,38.45
18022,2011-11-04 12:45:00,2011-11-04 12:45:00,1,668.11,736,36,1,668.11,At Risk,668.11
18024,2011-07-10 12:28:00,2011-07-10 12:40:00,2,389.78,184,153,2,389.78,Churned,389.78
18027,2011-09-02 10:38:00,2011-09-02 10:38:00,1,115.31,78,99,1,115.31,Churned,115.31
18030,2011-10-28 13:55:00,2011-12-05 16:37:00,2,230.64999999999998,67,4,2,230.64999999999998,Active,230.64999999999998
18032,2011-01-09 15:32:00,2011-01-09 15:32:00,1,73.5,42,334,1,73.5,Churned,73.5
18033,2011-10-05 17:28:00,2011-10-05 17:28:00,1,97.97,253,65,1,97.97,At Risk,97.97
18034,2011-11-18 12:08:00,2011-11-18 12:22:00,2,422.88,561,22,2,422.88,Active,422.88
18035,2011-10-27 17:48:00,2011-11-04 12:39:00,3,730.4,611,36,3,730.4,At Risk,730.4
18036,2011-04-08 11:26:00,2011-11-07 14:40:00,3,405.62,234,32,3,405.62,At Risk,405.62
18037,2010-12-12 16:20:00,2011-07-08 13:39:00,6,70.02,20,154,6,70.02,Churned,70.02
18040,2011-04-08 08:27:00,2011-11-20 14:20:00,2,357.20000000000005,148,19,2,357.20000000000005,Active,357.20000000000005
18041,2010-12-02 11:21:00,2011-11-28 11:39:00,21,4183.39,3819,12,21,4183.39,Active,4183.39
18042,2011-10-17 11:49:00,2011-10-17 11:49:00,1,165.04999999999998,33,54,1,165.04999999999998,At Risk,165.04999999999998
18043,2010-12-08 12:35:00,2011-11-15 12:48:00,3,559.51,282,25,3,559.51,Active,559.51
18044,2010-12-14 12:25:00,2011-12-05 14:26:00,10,2088.6,1033,4,10,2088.6,Active,2088.6
18045,2011-10-25 13:07:00,2011-10-25 13:07:00,1,189.4,142,45,1,189.4,At Risk,189.4
18048,2011-05-20 14:54:00,2011-05-20 14:58:00,2,172.29000000000002,127,203,2,172.29000000000002,Churned,172.29000000000002
18050,2010-12-15 14:25:00,2010-12-15 14:25:00,1,74.4,40,359,1,74.4,Churned,74.4
18053,2011-09-30 09:05:00,2011-09-30 09:05:00,1,300.02,302,71,1,300.02,At Risk,300.02
18055,2010-12-05 10:52:00,2011-12-02 14:25:00,10,6784.1900000000005,2455,7,10,6784.1900000000005,Active,6784.1900000000005
18056,2011-02-24 14:27:00,2011-02-24 14:27:00,1,363.65,211,288,1,363.65,Churned,363.65
18058,2011-11-30 08:38:00,2011-11-30 08:38:00,1,170.16,88,10,1,170.16,Active,170.16
18059,2011-10-03 09:30:00,2011-11-16 16:49:00,3,306.46,258,23,3,306.46,Active,306.46
18061,2010-12-08 13:03:00,2011-11-18 11:20:00,10,2119.41,955,22,10,2119.41,Active,2119.41
18062,2011-01-06 10:03:00,2011-06-19 14:47:00,3,720.52,396,173,3,720.52,Churned,720.52
18064,2011-04-18 15:08:00,2011-07-29 16:39:00,2,814.0,384,133,2,814.0,Churned,814.0
18065,2010-12-10 12:44:00,2011-12-04 10:30:00,14,2392.83,1027,6,14,2392.83,Active,2392.83
18066,2011-09-25 15:30:00,2011-09-25 15:30:00,1,318.0,108,75,1,318.0,At Risk,318.0
18067,2011-10-30 15:58:00,2011-10-30 15:58:00,1,396.33,189,40,1,396.33,At Risk,396.33
18068,2011-02-23 14:50:00,2011-02-23 14:50:00,1,101.7,6,289,1,101.7,Churned,101.7
18069,2011-01-16 15:50:00,2011-11-13 16:03:00,5,2036.67,1311,26,5,2036.67,Active,2036.67
18071,2010-12-09 10:33:00,2011-03-27 11:59:00,2,453.0,260,258,2,453.0,Churned,453.0
18072,2011-06-07 10:44:00,2011-06-07 10:44:00,1,247.44,288,186,1,247.44,Churned,247.44
18073,2011-05-26 19:38:00,2011-08-17 14:02:00,12,3877.5200000000004,3108,114,12,3877.5200000000004,Churned,3877.5200000000004
18074,2010-12-01 09:53:00,2010-12-01 09:53:00,1,489.6,190,374,1,489.6,Churned,489.6
18075,2010-12-14 10:48:00,2011-11-16 15:21:00,10,2611.75,1464,23,10,2611.75,Active,2611.75
18077,2010-12-08 10:21:00,2011-12-01 13:32:00,11,2633.01,1878,8,11,2633.01,Active,2633.01
18078,2011-03-25 15:08:00,2011-05-06 14:32:00,2,336.13,145,217,2,336.13,Churned,336.13
18079,2011-04-15 12:14:00,2011-10-25 15:27:00,4,3651.97,7432,45,4,3651.97,At Risk,3651.97
18080,2011-04-11 10:10:00,2011-11-21 08:02:00,2,1231.5,642,19,2,1231.5,Active,1231.5
18081,2011-07-29 11:56:00,2011-11-03 16:30:00,3,343.45,195,36,3,343.45,At Risk,343.45
18082,2011-11-14 12:45:00,2011-11-14 12:45:00,1,703.37,621,26,1,703.37,Active,703.37
18084,2011-11-23 13:57:00,2011-11-23 13:57:00,1,90.48,312,16,1,90.48,Active,90.48
18085,2010-12-01 12:08:00,2011-01-13 15:17:00,2,689.95,265,330,2,689.95,Churned,689.95
18086,2011-03-10 13:34:00,2011-03-10 13:34:00,1,101.34,106,274,1,101.34,Churned,101.34
18087,2011-02-22 10:43:00,2011-09-02 15:12:00,2,4055.7200000000003,3907,98,2,4055.7200000000003,Churned,4055.7200000000003
18088,2011-10-09 13:41:00,2011-10-09 13:41:00,1,167.67000000000002,109,61,1,167.67000000000002,At Risk,167.67000000000002
18092,2010-12-09 10:00:00,2011-12-07 13:14:00,11,9068.26,4252,2,11,9068.26,Active,9068.26
18093,2011-02-10 12:15:00,2011-09-07 15:43:00,4,2106.52,1392,93,4,2106.52,Churned,2106.52
18094,2011-02-21 08:50:00,2011-09-19 09:28:00,7,3017.3,2518,82,7,3017.3,At Risk,3017.3
18095,2011-01-11 12:37:00,2011-01-31 12:50:00,2,580.05,419,313,2,580.05,Churned,580.05
18096,2011-10-07 11:55:00,2011-11-28 12:44:00,3,911.15,825,12,3,911.15,Active,911.15
18097,2010-12-20 14:49:00,2011-12-02 11:16:00,6,2697.8,1686,8,6,2697.8,Active,2697.8
18099,2011-08-04 15:52:00,2011-08-04 15:52:00,1,168.31,149,127,1,168.31,Churned,168.31
18101,2011-07-19 13:05:00,2011-11-28 13:37:00,2,223.65,88,11,2,223.65,Active,223.65
18102,2010-12-07 16:42:00,2011-12-09 11:50:00,60,259657.3,64124,1,60,259657.3,Active,259657.3
18104,2011-11-02 14:07:00,2011-11-02 14:07:00,1,754.64,362,37,1,754.64,At Risk,754.64
18105,2011-11-02 12:04:00,2011-11-02 12:04:00,1,113.48000000000002,46,38,1,113.48000000000002,At Risk,113.48000000000002
18106,2011-01-14 12:23:00,2011-01-14 12:23:00,1,430.7,128,330,1,430.7,Churned,430.7
18108,2011-03-30 13:56:00,2011-03-30 13:56:00,1,271.0,84,254,1,271.0,Churned,271.0
18109,2010-12-05 10:58:00,2011-12-08 11:36:00,26,8052.97,4237,2,26,8052.97,Active,8052.97
18110,2011-11-20 12:34:00,2011-11-20 12:34:00,1,236.3,86,20,1,236.3,Active,236.3
18112,2011-06-26 13:56:00,2011-11-27 14:43:00,2,352.69,255,12,2,352.69,Active,352.69
18113,2010-12-06 12:31:00,2010-12-06 12:31:00,1,76.32000000000001,72,369,1,76.32000000000001,Churned,76.32000000000001
18114,2011-02-22 13:20:00,2011-02-22 13:20:00,1,220.1,55,290,1,220.1,Churned,220.1
18116,2010-12-10 12:14:00,2011-10-03 11:00:00,8,1418.03,848,68,8,1418.03,At Risk,1418.03
18117,2011-11-14 12:47:00,2011-11-14 12:47:00,1,320.71999999999997,618,26,1,320.71999999999997,Active,320.71999999999997
18118,2010-12-05 12:13:00,2011-11-29 11:32:00,26,5653.82,2882,11,26,5653.82,Active,5653.82
18119,2010-12-07 11:59:00,2010-12-07 11:59:00,1,181.12,125,368,1,181.12,Churned,181.12
18120,2011-05-09 13:45:00,2011-05-09 13:45:00,1,111.15,31,214,1,111.15,Churned,111.15
18121,2011-07-08 12:14:00,2011-07-13 12:53:00,2,673.1,450,149,2,673.1,Churned,673.1
18122,2011-07-12 11:37:00,2011-12-01 13:08:00,6,1826.21,1234,8,6,1826.21,Active,1826.21
18123,2011-11-08 13:31:00,2011-11-15 14:23:00,2,589.4399999999999,594,24,2,589.4399999999999,Active,589.4399999999999
18125,2011-01-27 15:02:00,2011-11-10 12:29:00,4,1142.99,804,30,4,1142.99,Active,1142.99
18126,2011-10-10 12:19:00,2011-10-10 12:19:00,1,206.83,144,61,1,206.83,At Risk,206.83
18127,2011-07-29 10:06:00,2011-11-20 14:05:00,3,348.73,188,19,3,348.73,Active,348.73
18129,2011-04-10 14:16:00,2011-04-10 14:16:00,1,112.55000000000001,48,243,1,112.55000000000001,Churned,112.55000000000001
18130,2011-10-13 15:58:00,2011-11-24 14:40:00,3,1059.39,824,15,3,1059.39,Active,1059.39
18133,2011-05-11 14:14:00,2011-05-11 14:14:00,1,931.5,1350,212,1,931.5,Churned,931.5
18135,2011-06-02 14:04:00,2011-11-10 19:32:00,5,681.91,349,29,5,681.91,Active,681.91
18136,2011-01-24 12:08:00,2011-10-07 15:40:00,3,784.33,379,63,3,784.33,At Risk,784.33
18138,2011-02-17 14:51:00,2011-02-17 14:51:00,1,152.65,38,295,1,152.65,Churned,152.65
18139,2011-11-21 14:06:00,2011-11-22 10:44:00,6,8438.34,5557,18,6,8438.34,Active,8438.34
18142,2011-05-08 12:31:00,2011-07-05 13:19:00,2,1019.52,1276,157,2,1019.52,Churned,1019.52
18143,2011-07-21 10:44:00,2011-08-15 12:07:00,2,1000.16,570,117,2,1000.16,Churned,1000.16
18144,2010-12-01 13:45:00,2011-12-02 12:46:00,12,2888.75,1343,8,12,2888.75,Active,2888.75
18145,2011-01-31 12:10:00,2011-11-27 11:22:00,4,2861.55,2625,13,4,2861.55,Active,2861.55
18146,2011-05-03 16:35:00,2011-07-22 12:08:00,2,160.35,153,141,2,160.35,Churned,160.35
18147,2011-08-23 12:22:00,2011-10-25 11:46:00,2,179.34,203,46,2,179.34,At Risk,179.34
18149,2011-03-11 12:44:00,2011-10-20 12:04:00,3,612.0799999999999,310,51,3,612.0799999999999,At Risk,612.0799999999999
18150,2011-05-22 10:47:00,2011-11-07 16:49:00,3,566.58,332,32,3,566.58,At Risk,566.58
18151,2011-02-23 08:29:00,2011-07-28 11:35:00,2,653.35,355,135,2,653.35,Churned,653.35
18154,2011-10-27 10:40:00,2011-12-06 16:41:00,2,399.19,255,3,2,399.19,Active,399.19
18155,2011-02-21 10:36:00,2011-09-25 13:32:00,3,371.62,266,75,3,371.62,At Risk,371.62
18156,2010-12-05 12:29:00,2011-11-27 12:24:00,2,734.94,301,13,2,734.94,Active,734.94
18158,2011-09-12 09:03:00,2011-11-30 16:19:00,2,453.4,354,9,2,453.4,Active,453.4
18159,2011-02-11 14:26:00,2011-02-11 14:26:00,1,530.15,139,301,1,530.15,Churned,530.15
18160,2011-05-23 13:41:00,2011-10-13 15:50:00,2,638.0600000000001,294,57,2,638.0600000000001,At Risk,638.0600000000001
18161,2011-01-24 11:56:00,2011-11-24 16:40:00,5,1618.69,812,15,5,1618.69,Active,1618.69
18164,2011-11-02 12:56:00,2011-11-02 12:56:00,1,399.65,184,37,1,399.65,At Risk,399.65
18165,2011-06-15 13:23:00,2011-06-15 13:23:00,1,302.46,254,177,1,302.46,Churned,302.46
18167,2011-08-26 11:40:00,2011-11-16 15:56:00,3,1384.8600000000001,382,23,3,1384.8600000000001,Active,1384.8600000000001
18168,2010-12-02 18:08:00,2011-06-16 19:21:00,6,1169.94,594,176,6,1169.94,Churned,1169.94
18169,2011-10-10 12:18:00,2011-10-10 12:18:00,1,202.65,61,61,1,202.65,At Risk,202.65
18170,2011-05-06 15:13:00,2011-11-06 14:35:00,3,980.3100000000001,409,33,3,980.3100000000001,At Risk,980.3100000000001
18171,2011-01-10 09:55:00,2011-10-12 09:13:00,5,1231.31,481,59,5,1231.31,At Risk,1231.31
18172,2011-02-23 10:44:00,2011-11-25 11:12:00,20,7561.68,3184,15,20,7561.68,Active,7561.68
18173,2011-03-10 11:56:00,2011-09-14 11:26:00,4,2106.84,1220,87,4,2106.84,At Risk,2106.84
18174,2011-12-02 16:56:00,2011-12-02 16:56:00,1,104.0,50,7,1,104.0,Active,104.0
18176,2010-12-16 15:45:00,2010-12-16 15:45:00,1,476.35,283,358,1,476.35,Churned,476.35
18177,2011-03-29 08:46:00,2011-11-08 14:44:00,6,1341.42,710,31,6,1341.42,At Risk,1341.42
18178,2010-12-10 12:42:00,2011-08-03 09:30:00,4,1590.81,983,129,4,1590.81,Churned,1590.81
18179,2011-01-07 14:22:00,2011-11-30 16:23:00,6,1793.17,1360,9,6,1793.17,Active,1793.17
18180,2011-07-20 08:59:00,2011-12-05 08:39:00,6,1843.75,1721,5,6,1843.75,Active,1843.75
18181,2011-11-15 15:08:00,2011-11-15 15:08:00,1,382.8,146,24,1,382.8,Active,382.8
18183,2011-03-10 10:08:00,2011-04-26 15:26:00,2,632.07,371,227,2,632.07,Churned,632.07
18184,2011-11-24 15:28:00,2011-11-24 15:28:00,1,49.8,60,15,1,49.8,Active,49.8
18185,2011-04-04 13:42:00,2011-04-04 13:42:00,1,304.25,183,249,1,304.25,Churned,304.25
18188,2011-02-22 14:43:00,2011-11-24 16:46:00,3,2001.04,1168,15,3,2001.04,Active,2001.04
18189,2011-03-17 09:49:00,2011-09-23 12:40:00,2,1090.24,566,78,2,1090.24,At Risk,1090.24
18190,2011-01-13 10:35:00,2011-05-31 14:48:00,2,284.46000000000004,140,192,2,284.46000000000004,Churned,284.46000000000004
18191,2011-03-23 12:08:00,2011-03-23 12:08:00,1,207.8,140,262,1,207.8,Churned,207.8
18192,2011-09-29 09:53:00,2011-09-29 09:53:00,1,957.97,339,72,1,957.97,At Risk,957.97
18193,2011-06-27 13:58:00,2011-06-27 13:58:00,1,243.76,124,165,1,243.76,Churned,243.76
18194,2011-09-18 13:29:00,2011-09-18 13:29:00,1,973.84,632,82,1,973.84,At Risk,973.84
18196,2011-02-22 16:13:00,2011-09-05 16:22:00,2,689.13,433,95,2,689.13,Churned,689.13
18198,2011-01-07 13:39:00,2011-12-05 14:49:00,17,5425.56,4074,4,17,5425.56,Active,5425.56
18200,2011-08-25 18:45:00,2011-08-25 18:45:00,1,163.8,111,106,1,163.8,Churned,163.8
18202,2011-02-01 13:36:00,2011-05-24 12:12:00,3,1396.99,581,200,3,1396.99,Churned,1396.99
18203,2011-07-05 13:07:00,2011-07-05 13:07:00,1,160.42000000000002,43,157,1,160.42000000000002,Churned,160.42000000000002
18204,2011-05-31 15:26:00,2011-09-29 16:44:00,3,1993.7,1200,71,3,1993.7,At Risk,1993.7
18205,2011-09-26 12:02:00,2011-11-03 13:22:00,2,517.36,192,36,2,517.36,At Risk,517.36
18209,2011-11-11 12:07:00,2011-11-11 12:07:00,1,139.10000000000002,58,29,1,139.10000000000002,Active,139.10000000000002
18210,2011-03-17 16:58:00,2011-12-08 11:02:00,6,2621.38,1398,2,6,2621.38,Active,2621.38
18211,2011-03-06 12:09:00,2011-11-14 08:10:00,5,600.07,359,26,5,600.07,Active,600.07
18212,2011-01-17 16:14:00,2011-01-17 16:14:00,1,248.42,101,326,1,248.42,Churned,248.42
18213,2011-04-17 10:21:00,2011-04-17 10:21:00,1,232.48000000000002,232,237,1,232.48000000000002,Churned,232.48000000000002
18215,2011-09-11 16:05:00,2011-09-11 16:05:00,1,299.34000000000003,118,89,1,299.34000000000003,At Risk,299.34000000000003
18216,2011-11-08 16:55:00,2011-11-08 16:55:00,1,481.75,200,31,1,481.75,At Risk,481.75
18217,2011-09-30 10:44:00,2011-11-10 13:18:00,2,621.75,491,29,2,621.75,Active,621.75
18218,2011-03-03 12:24:00,2011-05-12 12:53:00,2,662.08,584,211,2,662.08,Churned,662.08
18219,2010-12-06 10:05:00,2011-12-07 11:43:00,10,2069.77,885,3,10,2069.77,Active,2069.77
18220,2011-04-27 09:03:00,2011-04-27 09:03:00,1,305.28,288,227,1,305.28,Churned,305.28
18221,2011-05-12 14:13:00,2011-11-17 14:40:00,5,1041.61,791,22,5,1041.61,Active,1041.61
18222,2011-09-08 10:45:00,2011-09-08 10:45:00,1,443.0,335,93,1,443.0,Churned,443.0
18223,2010-12-16 16:42:00,2011-12-05 09:11:00,14,6484.54,2948,5,14,6484.54,Active,6484.54
18224,2011-03-21 10:30:00,2011-03-21 10:30:00,1,158.95000000000002,69,264,1,158.95000000000002,Churned,158.95000000000002
18225,2010-12-09 15:46:00,2011-12-06 13:27:00,12,5509.12,3244,3,12,5509.12,Active,5509.12
18226,2011-01-06 09:00:00,2011-10-26 13:36:00,11,5228.05,3466,44,11,5228.05,At Risk,5228.05
18227,2011-05-06 12:23:00,2011-05-06 12:23:00,1,93.75,21,218,1,93.75,Churned,93.75
18228,2011-09-21 10:48:00,2011-10-14 09:21:00,2,779.9,238,57,2,779.9,At Risk,779.9
18229,2010-12-01 16:25:00,2011-11-28 09:48:00,20,7276.9,2488,12,20,7276.9,Active,7276.9
18230,2011-02-10 13:06:00,2011-11-30 13:22:00,7,2810.2000000000003,1316,9,7,2810.2000000000003,Active,2810.2000000000003
18231,2011-02-24 09:08:00,2011-05-31 14:18:00,5,2083.27,821,192,5,2083.27,Churned,2083.27
18232,2011-05-26 16:30:00,2011-09-19 11:49:00,4,592.97,302,82,4,592.97,At Risk,592.97
18233,2011-01-18 08:44:00,2011-01-18 08:44:00,1,440.0,4,326,1,440.0,Churned,440.0
18235,2011-05-06 13:35:00,2011-09-29 08:27:00,3,1796.48,1578,72,3,1796.48,At Risk,1796.48
18236,2011-04-13 09:52:00,2011-11-10 08:06:00,6,882.24,403,30,6,882.24,Active,882.24
18237,2011-07-28 13:05:00,2011-12-07 12:49:00,5,987.1,622,3,5,987.1,Active,987.1
18239,2010-12-02 17:48:00,2011-05-05 12:38:00,5,1561.6100000000001,795,219,5,1561.6100000000001,Churned,1561.6100000000001
18240,2011-10-24 13:06:00,2011-10-24 13:06:00,1,422.58,126,46,1,422.58,At Risk,422.58
18241,2011-05-06 09:22:00,2011-11-30 12:10:00,17,2073.09,1051,10,17,2073.09,Active,2073.09
18242,2011-05-10 11:20:00,2011-09-28 13:43:00,4,2232.4900000000002,1017,72,4,2232.4900000000002,At Risk,2232.4900000000002
18245,2010-12-19 14:58:00,2011-12-02 14:48:00,7,2567.06,1788,7,7,2567.06,Active,2567.06
18246,2011-04-20 13:55:00,2011-11-16 11:49:00,2,596.1,166,24,2,596.1,Active,596.1
18248,2011-06-06 13:18:00,2011-08-09 10:19:00,2,804.02,511,123,2,804.02,Churned,804.02
18249,2011-11-22 15:07:00,2011-11-22 15:07:00,1,95.34,128,17,1,95.34,Active,95.34
18250,2011-02-02 13:16:00,2011-02-02 13:16:00,1,349.27,199,310,1,349.27,Churned,349.27
18251,2011-09-13 15:03:00,2011-09-13 15:03:00,1,4314.72,7824,87,1,4314.72,At Risk,4314.72
18252,2011-06-21 11:47:00,2011-10-20 12:43:00,2,526.67,239,51,2,526.67,At Risk,526.67
18255,2011-09-11 13:16:00,2011-09-11 13:16:00,1,103.30000000000001,74,89,1,103.30000000000001,At Risk,103.30000000000001
18257,2011-02-16 15:13:00,2011-10-31 14:48:00,8,2337.63,1041,39,8,2337.63,At Risk,2337.63
18259,2010-12-08 13:38:00,2011-11-15 12:34:00,3,2338.6,714,25,3,2338.6,Active,2338.6
18260,2010-12-16 18:23:00,2011-06-20 12:37:00,6,2643.2000000000003,1478,173,6,2643.2000000000003,Churned,2643.2000000000003
18261,2011-09-05 09:34:00,2011-10-27 15:36:00,2,324.24,146,43,2,324.24,At Risk,324.24
18262,2011-07-22 16:04:00,2011-07-22 16:04:00,1,149.48,182,140,1,149.48,Churned,149.48
18263,2011-04-01 11:48:00,2011-11-14 09:00:00,3,1213.16,1468,26,3,1213.16,Active,1213.16
18265,2011-07-04 15:26:00,2011-09-28 14:10:00,2,801.51,311,72,2,801.51,At Risk,801.51
18268,2011-07-28 19:13:00,2011-07-28 19:13:00,1,25.5,2,134,1,25.5,Churned,25.5
18269,2010-12-08 13:53:00,2010-12-08 13:53:00,1,168.60000000000002,76,366,1,168.60000000000002,Churned,168.60000000000002
18270,2011-03-18 12:41:00,2011-11-01 13:57:00,2,283.15000000000003,101,38,2,283.15000000000003,At Risk,283.15000000000003
18272,2011-04-07 09:35:00,2011-12-07 12:43:00,6,3078.58,2050,3,6,3078.58,Active,3078.58
18273,2011-03-27 11:22:00,2011-12-07 13:16:00,3,204.0,80,2,3,204.0,Active,204.0
18274,2011-11-09 17:03:00,2011-11-09 17:03:00,1,175.92,88,30,1,175.92,Active,175.92
18276,2011-10-27 10:54:00,2011-10-27 10:54:00,1,335.86,186,44,1,335.86,At Risk,335.86
18277,2011-10-12 15:22:00,2011-10-12 15:22:00,1,110.38,68,58,1,110.38,At Risk,110.38
18278,2011-09-27 11:58:00,2011-09-27 11:58:00,1,173.9,66,74,1,173.9,At Risk,173.9
18280,2011-03-07 09:52:00,2011-03-07 09:52:00,1,180.60000000000002,45,278,1,180.60000000000002,Churned,180.60000000000002
18281,2011-06-12 10:53:00,2011-06-12 10:53:00,1,80.82,54,181,1,80.82,Churned,80.82
18282,2011-08-05 13:35:00,2011-12-02 11:43:00,2,178.05,103,8,2,178.05,Active,178.05
18283,2011-01-06 14:14:00,2011-12-06 12:02:00,16,2094.88,1397,4,16,2094.88,Active,2094.88
18287,2011-05-22 10:39:00,2011-10-28 09:29:00,3,1837.28,1586,43,3,1837.28,At Risk,1837.28
